<?xml version="1.0" encoding="UTF-8"?>
<gpx version="1.1" creator="moto-tour-poc sample generator" xmlns="http://www.topografix.com/GPX/1/1">
  <trk>
    <name>Applecross loop (synthetic sample)</name>
    <trkseg>
      <trkpt lat="57.4005209" lon="-5.4905598"><ele>17.2</ele><time>2026-09-12T09:30:00.000Z</time></trkpt>
      <trkpt lat="57.4005186" lon="-5.4904928"><ele>14.6</ele><time>2026-09-12T09:30:01.000Z</time></trkpt>
      <trkpt lat="57.4005084" lon="-5.4906001"><ele>17.8</ele><time>2026-09-12T09:30:02.000Z</time></trkpt>
      <trkpt lat="57.4004815" lon="-5.4906131"><ele>16.8</ele><time>2026-09-12T09:30:03.000Z</time></trkpt>
      <trkpt lat="57.4004883" lon="-5.4906999"><ele>8.8</ele><time>2026-09-12T09:30:04.000Z</time></trkpt>
      <trkpt lat="57.4004329" lon="-5.4907145"><ele>16.5</ele><time>2026-09-12T09:30:05.000Z</time></trkpt>
      <trkpt lat="57.4003547" lon="-5.4909004"><ele>14.0</ele><time>2026-09-12T09:30:06.000Z</time></trkpt>
      <trkpt lat="57.4003197" lon="-5.4910620"><ele>13.5</ele><time>2026-09-12T09:30:07.000Z</time></trkpt>
      <trkpt lat="57.4002333" lon="-5.4911732"><ele>18.8</ele><time>2026-09-12T09:30:08.000Z</time></trkpt>
      <trkpt lat="57.4001701" lon="-5.4913765"><ele>25.9</ele><time>2026-09-12T09:30:09.000Z</time></trkpt>
      <trkpt lat="57.4001016" lon="-5.4916049"><ele>33.3</ele><time>2026-09-12T09:30:10.000Z</time></trkpt>
      <trkpt lat="57.4000046" lon="-5.4917785"><ele>42.3</ele><time>2026-09-12T09:30:11.000Z</time></trkpt>
      <trkpt lat="57.3999051" lon="-5.4920776"><ele>39.9</ele><time>2026-09-12T09:30:12.000Z</time></trkpt>
      <trkpt lat="57.3998002" lon="-5.4924774"><ele>46.7</ele><time>2026-09-12T09:30:13.000Z</time></trkpt>
      <trkpt lat="57.3997356" lon="-5.4928120"><ele>43.5</ele><time>2026-09-12T09:30:14.000Z</time></trkpt>
      <trkpt lat="57.3996594" lon="-5.4931353"><ele>42.3</ele><time>2026-09-12T09:30:15.000Z</time></trkpt>
      <trkpt lat="57.3995672" lon="-5.4935973"><ele>51.2</ele><time>2026-09-12T09:30:16.000Z</time></trkpt>
      <trkpt lat="57.3994841" lon="-5.4940304"><ele>50.5</ele><time>2026-09-12T09:30:17.000Z</time></trkpt>
      <trkpt lat="57.3994275" lon="-5.4942798"><ele>51.6</ele><time>2026-09-12T09:30:18.000Z</time></trkpt>
      <trkpt lat="57.3993474" lon="-5.4946442"><ele>49.8</ele><time>2026-09-12T09:30:19.000Z</time></trkpt>
      <trkpt lat="57.3992631" lon="-5.4949443"><ele>48.3</ele><time>2026-09-12T09:30:20.000Z</time></trkpt>
      <trkpt lat="57.3992046" lon="-5.4952929"><ele>46.7</ele><time>2026-09-12T09:30:21.000Z</time></trkpt>
      <trkpt lat="57.3991728" lon="-5.4955937"><ele>44.4</ele><time>2026-09-12T09:30:22.000Z</time></trkpt>
      <trkpt lat="57.3990488" lon="-5.4959694"><ele>37.7</ele><time>2026-09-12T09:30:23.000Z</time></trkpt>
      <trkpt lat="57.3989648" lon="-5.4961472"><ele>43.5</ele><time>2026-09-12T09:30:24.000Z</time></trkpt>
      <trkpt lat="57.3988742" lon="-5.4964152"><ele>48.5</ele><time>2026-09-12T09:30:25.000Z</time></trkpt>
      <trkpt lat="57.3987993" lon="-5.4967356"><ele>53.0</ele><time>2026-09-12T09:30:26.000Z</time></trkpt>
      <trkpt lat="57.3986886" lon="-5.4971014"><ele>49.6</ele><time>2026-09-12T09:30:27.000Z</time></trkpt>
      <trkpt lat="57.3986276" lon="-5.4973311"><ele>44.2</ele><time>2026-09-12T09:30:28.000Z</time></trkpt>
      <trkpt lat="57.3985706" lon="-5.4976838"><ele>44.4</ele><time>2026-09-12T09:30:29.000Z</time></trkpt>
      <trkpt lat="57.3985235" lon="-5.4979617"><ele>48.8</ele><time>2026-09-12T09:30:30.000Z</time></trkpt>
      <trkpt lat="57.3984900" lon="-5.4983350"><ele>44.6</ele><time>2026-09-12T09:30:31.000Z</time></trkpt>
      <trkpt lat="57.3984340" lon="-5.4985742"><ele>36.2</ele><time>2026-09-12T09:30:32.000Z</time></trkpt>
      <trkpt lat="57.3983978" lon="-5.4988769"><ele>37.5</ele><time>2026-09-12T09:30:33.000Z</time></trkpt>
      <trkpt lat="57.3983056" lon="-5.4992108"><ele>33.3</ele><time>2026-09-12T09:30:34.000Z</time></trkpt>
      <trkpt lat="57.3982503" lon="-5.4994964"><ele>21.9</ele><time>2026-09-12T09:30:35.000Z</time></trkpt>
      <trkpt lat="57.3982515" lon="-5.4998806"><ele>18.2</ele><time>2026-09-12T09:30:36.000Z</time></trkpt>
      <trkpt lat="57.3981578" lon="-5.5001659"><ele>14.7</ele><time>2026-09-12T09:30:37.000Z</time></trkpt>
      <trkpt lat="57.3981386" lon="-5.5004750"><ele>16.6</ele><time>2026-09-12T09:30:38.000Z</time></trkpt>
      <trkpt lat="57.3980509" lon="-5.5008188"><ele>24.2</ele><time>2026-09-12T09:30:39.000Z</time></trkpt>
      <trkpt lat="57.3980265" lon="-5.5010312"><ele>25.8</ele><time>2026-09-12T09:30:40.000Z</time></trkpt>
      <trkpt lat="57.3979609" lon="-5.5014768"><ele>21.6</ele><time>2026-09-12T09:30:41.000Z</time></trkpt>
      <trkpt lat="57.3979333" lon="-5.5016887"><ele>21.5</ele><time>2026-09-12T09:30:42.000Z</time></trkpt>
      <trkpt lat="57.3978658" lon="-5.5020381"><ele>22.1</ele><time>2026-09-12T09:30:43.000Z</time></trkpt>
      <trkpt lat="57.3978405" lon="-5.5022320"><ele>26.4</ele><time>2026-09-12T09:30:44.000Z</time></trkpt>
      <trkpt lat="57.3977619" lon="-5.5025562"><ele>31.8</ele><time>2026-09-12T09:30:45.000Z</time></trkpt>
      <trkpt lat="57.3976971" lon="-5.5028289"><ele>31.6</ele><time>2026-09-12T09:30:46.000Z</time></trkpt>
      <trkpt lat="57.3975950" lon="-5.5030783"><ele>32.2</ele><time>2026-09-12T09:30:47.000Z</time></trkpt>
      <trkpt lat="57.3975137" lon="-5.5033458"><ele>37.6</ele><time>2026-09-12T09:30:48.000Z</time></trkpt>
      <trkpt lat="57.3974200" lon="-5.5036310"><ele>38.1</ele><time>2026-09-12T09:30:49.000Z</time></trkpt>
      <trkpt lat="57.3973503" lon="-5.5039469"><ele>46.3</ele><time>2026-09-12T09:30:50.000Z</time></trkpt>
      <trkpt lat="57.3973049" lon="-5.5041802"><ele>43.6</ele><time>2026-09-12T09:30:51.000Z</time></trkpt>
      <trkpt lat="57.3972109" lon="-5.5044105"><ele>34.1</ele><time>2026-09-12T09:30:52.000Z</time></trkpt>
      <trkpt lat="57.3971186" lon="-5.5046317"><ele>40.9</ele><time>2026-09-12T09:30:53.000Z</time></trkpt>
      <trkpt lat="57.3970646" lon="-5.5048845"><ele>37.9</ele><time>2026-09-12T09:30:54.000Z</time></trkpt>
      <trkpt lat="57.3969942" lon="-5.5052748"><ele>28.9</ele><time>2026-09-12T09:30:55.000Z</time></trkpt>
      <trkpt lat="57.3969350" lon="-5.5054769"><ele>30.9</ele><time>2026-09-12T09:30:56.000Z</time></trkpt>
      <trkpt lat="57.3969132" lon="-5.5057441"><ele>25.5</ele><time>2026-09-12T09:30:57.000Z</time></trkpt>
      <trkpt lat="57.3968639" lon="-5.5060216"><ele>26.4</ele><time>2026-09-12T09:30:58.000Z</time></trkpt>
      <trkpt lat="57.3968969" lon="-5.5061953"><ele>33.0</ele><time>2026-09-12T09:30:59.000Z</time></trkpt>
      <trkpt lat="57.3969107" lon="-5.5065260"><ele>41.0</ele><time>2026-09-12T09:31:00.000Z</time></trkpt>
      <trkpt lat="57.3968870" lon="-5.5067727"><ele>40.3</ele><time>2026-09-12T09:31:01.000Z</time></trkpt>
      <trkpt lat="57.3969248" lon="-5.5069318"><ele>48.7</ele><time>2026-09-12T09:31:02.000Z</time></trkpt>
      <trkpt lat="57.3969523" lon="-5.5071467"><ele>46.6</ele><time>2026-09-12T09:31:03.000Z</time></trkpt>
      <trkpt lat="57.3970349" lon="-5.5074306"><ele>51.3</ele><time>2026-09-12T09:31:04.000Z</time></trkpt>
      <trkpt lat="57.3970770" lon="-5.5075669"><ele>42.1</ele><time>2026-09-12T09:31:05.000Z</time></trkpt>
      <trkpt lat="57.3971365" lon="-5.5078069"><ele>41.4</ele><time>2026-09-12T09:31:06.000Z</time></trkpt>
      <trkpt lat="57.3971944" lon="-5.5079201"><ele>57.4</ele><time>2026-09-12T09:31:07.000Z</time></trkpt>
      <trkpt lat="57.3972831" lon="-5.5081466"><ele>60.5</ele><time>2026-09-12T09:31:08.000Z</time></trkpt>
      <trkpt lat="57.3973508" lon="-5.5081347"><ele>59.5</ele><time>2026-09-12T09:31:09.000Z</time></trkpt>
      <trkpt lat="57.3974746" lon="-5.5083404"><ele>62.2</ele><time>2026-09-12T09:31:10.000Z</time></trkpt>
      <trkpt lat="57.3975880" lon="-5.5084370"><ele>62.0</ele><time>2026-09-12T09:31:11.000Z</time></trkpt>
      <trkpt lat="57.3976986" lon="-5.5085529"><ele>71.3</ele><time>2026-09-12T09:31:12.000Z</time></trkpt>
      <trkpt lat="57.3978353" lon="-5.5086804"><ele>67.9</ele><time>2026-09-12T09:31:13.000Z</time></trkpt>
      <trkpt lat="57.3979679" lon="-5.5087204"><ele>64.6</ele><time>2026-09-12T09:31:14.000Z</time></trkpt>
      <trkpt lat="57.3980816" lon="-5.5087558"><ele>70.9</ele><time>2026-09-12T09:31:15.000Z</time></trkpt>
      <trkpt lat="57.3983247" lon="-5.5087124"><ele>73.1</ele><time>2026-09-12T09:31:16.000Z</time></trkpt>
      <trkpt lat="57.3984335" lon="-5.5087214"><ele>72.5</ele><time>2026-09-12T09:31:17.000Z</time></trkpt>
      <trkpt lat="57.3986035" lon="-5.5086899"><ele>68.0</ele><time>2026-09-12T09:31:18.000Z</time></trkpt>
      <trkpt lat="57.3987583" lon="-5.5085714"><ele>78.7</ele><time>2026-09-12T09:31:19.000Z</time></trkpt>
      <trkpt lat="57.3989104" lon="-5.5084686"><ele>80.5</ele><time>2026-09-12T09:31:20.000Z</time></trkpt>
      <trkpt lat="57.3990597" lon="-5.5083031"><ele>84.9</ele><time>2026-09-12T09:31:21.000Z</time></trkpt>
      <trkpt lat="57.3992058" lon="-5.5082598"><ele>87.3</ele><time>2026-09-12T09:31:22.000Z</time></trkpt>
      <trkpt lat="57.3993424" lon="-5.5079935"><ele>89.9</ele><time>2026-09-12T09:31:23.000Z</time></trkpt>
      <trkpt lat="57.3995498" lon="-5.5079247"><ele>92.0</ele><time>2026-09-12T09:31:24.000Z</time></trkpt>
      <trkpt lat="57.3997081" lon="-5.5077754"><ele>99.7</ele><time>2026-09-12T09:31:25.000Z</time></trkpt>
      <trkpt lat="57.3998809" lon="-5.5076812"><ele>92.4</ele><time>2026-09-12T09:31:26.000Z</time></trkpt>
      <trkpt lat="57.4000680" lon="-5.5075240"><ele>89.5</ele><time>2026-09-12T09:31:27.000Z</time></trkpt>
      <trkpt lat="57.4002302" lon="-5.5074707"><ele>100.7</ele><time>2026-09-12T09:31:28.000Z</time></trkpt>
      <trkpt lat="57.4004047" lon="-5.5074805"><ele>102.2</ele><time>2026-09-12T09:31:29.000Z</time></trkpt>
      <trkpt lat="57.4005741" lon="-5.5075369"><ele>106.7</ele><time>2026-09-12T09:31:30.000Z</time></trkpt>
      <trkpt lat="57.4007800" lon="-5.5075634"><ele>105.1</ele><time>2026-09-12T09:31:31.000Z</time></trkpt>
      <trkpt lat="57.4009095" lon="-5.5075052"><ele>104.5</ele><time>2026-09-12T09:31:32.000Z</time></trkpt>
      <trkpt lat="57.4011057" lon="-5.5075540"><ele>105.6</ele><time>2026-09-12T09:31:33.000Z</time></trkpt>
      <trkpt lat="57.4012607" lon="-5.5076519"><ele>103.3</ele><time>2026-09-12T09:31:34.000Z</time></trkpt>
      <trkpt lat="57.4014679" lon="-5.5076554"><ele>99.3</ele><time>2026-09-12T09:31:35.000Z</time></trkpt>
      <trkpt lat="57.4016321" lon="-5.5077647"><ele>100.9</ele><time>2026-09-12T09:31:36.000Z</time></trkpt>
      <trkpt lat="57.4018098" lon="-5.5077971"><ele>96.8</ele><time>2026-09-12T09:31:37.000Z</time></trkpt>
      <trkpt lat="57.4019577" lon="-5.5080480"><ele>93.4</ele><time>2026-09-12T09:31:38.000Z</time></trkpt>
      <trkpt lat="57.4021571" lon="-5.5082296"><ele>91.0</ele><time>2026-09-12T09:31:39.000Z</time></trkpt>
      <trkpt lat="57.4022675" lon="-5.5085033"><ele>100.7</ele><time>2026-09-12T09:31:40.000Z</time></trkpt>
      <trkpt lat="57.4024473" lon="-5.5087000"><ele>107.4</ele><time>2026-09-12T09:31:41.000Z</time></trkpt>
      <trkpt lat="57.4025866" lon="-5.5089233"><ele>107.2</ele><time>2026-09-12T09:31:42.000Z</time></trkpt>
      <trkpt lat="57.4027593" lon="-5.5090864"><ele>112.4</ele><time>2026-09-12T09:31:43.000Z</time></trkpt>
      <trkpt lat="57.4029949" lon="-5.5092157"><ele>119.4</ele><time>2026-09-12T09:31:44.000Z</time></trkpt>
      <trkpt lat="57.4032002" lon="-5.5092608"><ele>120.1</ele><time>2026-09-12T09:31:45.000Z</time></trkpt>
      <trkpt lat="57.4033948" lon="-5.5092062"><ele>118.6</ele><time>2026-09-12T09:31:46.000Z</time></trkpt>
      <trkpt lat="57.4035431" lon="-5.5093383"><ele>113.4</ele><time>2026-09-12T09:31:47.000Z</time></trkpt>
      <trkpt lat="57.4037152" lon="-5.5095679"><ele>113.3</ele><time>2026-09-12T09:31:48.000Z</time></trkpt>
      <trkpt lat="57.4038020" lon="-5.5097940"><ele>118.1</ele><time>2026-09-12T09:31:49.000Z</time></trkpt>
      <trkpt lat="57.4039477" lon="-5.5101822"><ele>123.1</ele><time>2026-09-12T09:31:50.000Z</time></trkpt>
      <trkpt lat="57.4040228" lon="-5.5104063"><ele>140.0</ele><time>2026-09-12T09:31:51.000Z</time></trkpt>
      <trkpt lat="57.4041247" lon="-5.5107144"><ele>142.2</ele><time>2026-09-12T09:31:52.000Z</time></trkpt>
      <trkpt lat="57.4041757" lon="-5.5110900"><ele>140.3</ele><time>2026-09-12T09:31:53.000Z</time></trkpt>
      <trkpt lat="57.4042315" lon="-5.5114604"><ele>144.4</ele><time>2026-09-12T09:31:54.000Z</time></trkpt>
      <trkpt lat="57.4041996" lon="-5.5118441"><ele>147.2</ele><time>2026-09-12T09:31:55.000Z</time></trkpt>
      <trkpt lat="57.4042548" lon="-5.5121234"><ele>143.5</ele><time>2026-09-12T09:31:56.000Z</time></trkpt>
      <trkpt lat="57.4042570" lon="-5.5125445"><ele>141.3</ele><time>2026-09-12T09:31:57.000Z</time></trkpt>
      <trkpt lat="57.4041673" lon="-5.5128917"><ele>139.6</ele><time>2026-09-12T09:31:58.000Z</time></trkpt>
      <trkpt lat="57.4041143" lon="-5.5133604"><ele>141.4</ele><time>2026-09-12T09:31:59.000Z</time></trkpt>
      <trkpt lat="57.4040324" lon="-5.5137540"><ele>133.2</ele><time>2026-09-12T09:32:00.000Z</time></trkpt>
      <trkpt lat="57.4040702" lon="-5.5140872"><ele>141.3</ele><time>2026-09-12T09:32:01.000Z</time></trkpt>
      <trkpt lat="57.4040512" lon="-5.5144318"><ele>142.8</ele><time>2026-09-12T09:32:02.000Z</time></trkpt>
      <trkpt lat="57.4041284" lon="-5.5147673"><ele>140.9</ele><time>2026-09-12T09:32:03.000Z</time></trkpt>
      <trkpt lat="57.4042563" lon="-5.5151641"><ele>138.2</ele><time>2026-09-12T09:32:04.000Z</time></trkpt>
      <trkpt lat="57.4043463" lon="-5.5153910"><ele>146.6</ele><time>2026-09-12T09:32:05.000Z</time></trkpt>
      <trkpt lat="57.4043959" lon="-5.5157885"><ele>142.4</ele><time>2026-09-12T09:32:06.000Z</time></trkpt>
      <trkpt lat="57.4043743" lon="-5.5162288"><ele>143.7</ele><time>2026-09-12T09:32:07.000Z</time></trkpt>
      <trkpt lat="57.4044088" lon="-5.5166029"><ele>136.2</ele><time>2026-09-12T09:32:08.000Z</time></trkpt>
      <trkpt lat="57.4043637" lon="-5.5169466"><ele>137.9</ele><time>2026-09-12T09:32:09.000Z</time></trkpt>
      <trkpt lat="57.4044139" lon="-5.5174242"><ele>145.0</ele><time>2026-09-12T09:32:10.000Z</time></trkpt>
      <trkpt lat="57.4044482" lon="-5.5177555"><ele>140.1</ele><time>2026-09-12T09:32:11.000Z</time></trkpt>
      <trkpt lat="57.4044594" lon="-5.5181989"><ele>134.1</ele><time>2026-09-12T09:32:12.000Z</time></trkpt>
      <trkpt lat="57.4044970" lon="-5.5185752"><ele>140.0</ele><time>2026-09-12T09:32:13.000Z</time></trkpt>
      <trkpt lat="57.4045063" lon="-5.5188760"><ele>141.5</ele><time>2026-09-12T09:32:14.000Z</time></trkpt>
      <trkpt lat="57.4045612" lon="-5.5193144"><ele>136.8</ele><time>2026-09-12T09:32:15.000Z</time></trkpt>
      <trkpt lat="57.4045448" lon="-5.5197843"><ele>137.5</ele><time>2026-09-12T09:32:16.000Z</time></trkpt>
      <trkpt lat="57.4045773" lon="-5.5200911"><ele>133.3</ele><time>2026-09-12T09:32:17.000Z</time></trkpt>
      <trkpt lat="57.4046386" lon="-5.5206118"><ele>127.3</ele><time>2026-09-12T09:32:18.000Z</time></trkpt>
      <trkpt lat="57.4046749" lon="-5.5210069"><ele>124.9</ele><time>2026-09-12T09:32:19.000Z</time></trkpt>
      <trkpt lat="57.4046741" lon="-5.5213809"><ele>123.7</ele><time>2026-09-12T09:32:20.000Z</time></trkpt>
      <trkpt lat="57.4047709" lon="-5.5219653"><ele>123.8</ele><time>2026-09-12T09:32:21.000Z</time></trkpt>
      <trkpt lat="57.4047766" lon="-5.5222858"><ele>125.8</ele><time>2026-09-12T09:32:22.000Z</time></trkpt>
      <trkpt lat="57.4048236" lon="-5.5227919"><ele>117.7</ele><time>2026-09-12T09:32:23.000Z</time></trkpt>
      <trkpt lat="57.4048425" lon="-5.5232439"><ele>119.0</ele><time>2026-09-12T09:32:24.000Z</time></trkpt>
      <trkpt lat="57.4049553" lon="-5.5235578"><ele>115.4</ele><time>2026-09-12T09:32:25.000Z</time></trkpt>
      <trkpt lat="57.4050679" lon="-5.5238985"><ele>119.2</ele><time>2026-09-12T09:32:26.000Z</time></trkpt>
      <trkpt lat="57.4051841" lon="-5.5243229"><ele>124.9</ele><time>2026-09-12T09:32:27.000Z</time></trkpt>
      <trkpt lat="57.4052748" lon="-5.5247446"><ele>137.1</ele><time>2026-09-12T09:32:28.000Z</time></trkpt>
      <trkpt lat="57.4053753" lon="-5.5250821"><ele>134.6</ele><time>2026-09-12T09:32:29.000Z</time></trkpt>
      <trkpt lat="57.4055355" lon="-5.5254905"><ele>128.2</ele><time>2026-09-12T09:32:30.000Z</time></trkpt>
      <trkpt lat="57.4056117" lon="-5.5258932"><ele>138.0</ele><time>2026-09-12T09:32:31.000Z</time></trkpt>
      <trkpt lat="57.4056937" lon="-5.5263048"><ele>140.1</ele><time>2026-09-12T09:32:32.000Z</time></trkpt>
      <trkpt lat="57.4057590" lon="-5.5266850"><ele>141.2</ele><time>2026-09-12T09:32:33.000Z</time></trkpt>
      <trkpt lat="57.4058724" lon="-5.5270889"><ele>133.0</ele><time>2026-09-12T09:32:34.000Z</time></trkpt>
      <trkpt lat="57.4059134" lon="-5.5274193"><ele>128.4</ele><time>2026-09-12T09:32:35.000Z</time></trkpt>
      <trkpt lat="57.4059816" lon="-5.5278749"><ele>124.5</ele><time>2026-09-12T09:32:36.000Z</time></trkpt>
      <trkpt lat="57.4060199" lon="-5.5282253"><ele>131.2</ele><time>2026-09-12T09:32:37.000Z</time></trkpt>
      <trkpt lat="57.4061121" lon="-5.5285608"><ele>137.4</ele><time>2026-09-12T09:32:38.000Z</time></trkpt>
      <trkpt lat="57.4061293" lon="-5.5289453"><ele>131.3</ele><time>2026-09-12T09:32:39.000Z</time></trkpt>
      <trkpt lat="57.4061156" lon="-5.5293933"><ele>126.9</ele><time>2026-09-12T09:32:40.000Z</time></trkpt>
      <trkpt lat="57.4061349" lon="-5.5298868"><ele>129.6</ele><time>2026-09-12T09:32:41.000Z</time></trkpt>
      <trkpt lat="57.4061911" lon="-5.5302585"><ele>125.9</ele><time>2026-09-12T09:32:42.000Z</time></trkpt>
      <trkpt lat="57.4061911" lon="-5.5307527"><ele>122.9</ele><time>2026-09-12T09:32:43.000Z</time></trkpt>
      <trkpt lat="57.4061604" lon="-5.5311178"><ele>120.1</ele><time>2026-09-12T09:32:44.000Z</time></trkpt>
      <trkpt lat="57.4061541" lon="-5.5314953"><ele>118.4</ele><time>2026-09-12T09:32:45.000Z</time></trkpt>
      <trkpt lat="57.4061929" lon="-5.5319998"><ele>121.1</ele><time>2026-09-12T09:32:46.000Z</time></trkpt>
      <trkpt lat="57.4061942" lon="-5.5322311"><ele>128.0</ele><time>2026-09-12T09:32:47.000Z</time></trkpt>
      <trkpt lat="57.4062643" lon="-5.5326062"><ele>127.6</ele><time>2026-09-12T09:32:48.000Z</time></trkpt>
      <trkpt lat="57.4062619" lon="-5.5330904"><ele>132.5</ele><time>2026-09-12T09:32:49.000Z</time></trkpt>
      <trkpt lat="57.4062832" lon="-5.5334085"><ele>132.6</ele><time>2026-09-12T09:32:50.000Z</time></trkpt>
      <trkpt lat="57.4063299" lon="-5.5338448"><ele>122.4</ele><time>2026-09-12T09:32:51.000Z</time></trkpt>
      <trkpt lat="57.4062794" lon="-5.5342448"><ele>120.6</ele><time>2026-09-12T09:32:52.000Z</time></trkpt>
      <trkpt lat="57.4063419" lon="-5.5346229"><ele>130.7</ele><time>2026-09-12T09:32:53.000Z</time></trkpt>
      <trkpt lat="57.4062946" lon="-5.5350225"><ele>128.9</ele><time>2026-09-12T09:32:54.000Z</time></trkpt>
      <trkpt lat="57.4062036" lon="-5.5352874"><ele>125.2</ele><time>2026-09-12T09:32:55.000Z</time></trkpt>
      <trkpt lat="57.4061611" lon="-5.5357144"><ele>129.7</ele><time>2026-09-12T09:32:56.000Z</time></trkpt>
      <trkpt lat="57.4060819" lon="-5.5360943"><ele>120.3</ele><time>2026-09-12T09:32:57.000Z</time></trkpt>
      <trkpt lat="57.4060043" lon="-5.5364891"><ele>116.9</ele><time>2026-09-12T09:32:58.000Z</time></trkpt>
      <trkpt lat="57.4059250" lon="-5.5368752"><ele>119.4</ele><time>2026-09-12T09:32:59.000Z</time></trkpt>
      <trkpt lat="57.4058322" lon="-5.5370855"><ele>121.6</ele><time>2026-09-12T09:33:00.000Z</time></trkpt>
      <trkpt lat="57.4058693" lon="-5.5375393"><ele>115.0</ele><time>2026-09-12T09:33:01.000Z</time></trkpt>
      <trkpt lat="57.4057665" lon="-5.5378786"><ele>105.5</ele><time>2026-09-12T09:33:02.000Z</time></trkpt>
      <trkpt lat="57.4057847" lon="-5.5381975"><ele>98.2</ele><time>2026-09-12T09:33:03.000Z</time></trkpt>
      <trkpt lat="57.4057999" lon="-5.5385523"><ele>98.5</ele><time>2026-09-12T09:33:04.000Z</time></trkpt>
      <trkpt lat="57.4058521" lon="-5.5389774"><ele>101.7</ele><time>2026-09-12T09:33:05.000Z</time></trkpt>
      <trkpt lat="57.4058978" lon="-5.5393372"><ele>105.1</ele><time>2026-09-12T09:33:06.000Z</time></trkpt>
      <trkpt lat="57.4059378" lon="-5.5397515"><ele>108.1</ele><time>2026-09-12T09:33:07.000Z</time></trkpt>
      <trkpt lat="57.4059893" lon="-5.5401222"><ele>105.6</ele><time>2026-09-12T09:33:08.000Z</time></trkpt>
      <trkpt lat="57.4060165" lon="-5.5404986"><ele>103.0</ele><time>2026-09-12T09:33:09.000Z</time></trkpt>
      <trkpt lat="57.4059996" lon="-5.5408939"><ele>101.0</ele><time>2026-09-12T09:33:10.000Z</time></trkpt>
      <trkpt lat="57.4060389" lon="-5.5413229"><ele>93.8</ele><time>2026-09-12T09:33:11.000Z</time></trkpt>
      <trkpt lat="57.4060102" lon="-5.5416876"><ele>90.3</ele><time>2026-09-12T09:33:12.000Z</time></trkpt>
      <trkpt lat="57.4059880" lon="-5.5421657"><ele>83.8</ele><time>2026-09-12T09:33:13.000Z</time></trkpt>
      <trkpt lat="57.4060205" lon="-5.5425344"><ele>80.2</ele><time>2026-09-12T09:33:14.000Z</time></trkpt>
      <trkpt lat="57.4060320" lon="-5.5430223"><ele>90.0</ele><time>2026-09-12T09:33:15.000Z</time></trkpt>
      <trkpt lat="57.4059769" lon="-5.5433102"><ele>86.2</ele><time>2026-09-12T09:33:16.000Z</time></trkpt>
      <trkpt lat="57.4059314" lon="-5.5437916"><ele>97.5</ele><time>2026-09-12T09:33:17.000Z</time></trkpt>
      <trkpt lat="57.4058619" lon="-5.5442000"><ele>99.8</ele><time>2026-09-12T09:33:18.000Z</time></trkpt>
      <trkpt lat="57.4059252" lon="-5.5446828"><ele>105.2</ele><time>2026-09-12T09:33:19.000Z</time></trkpt>
      <trkpt lat="57.4059612" lon="-5.5449882"><ele>106.9</ele><time>2026-09-12T09:33:20.000Z</time></trkpt>
      <trkpt lat="57.4060060" lon="-5.5453297"><ele>100.4</ele><time>2026-09-12T09:33:21.000Z</time></trkpt>
      <trkpt lat="57.4059805" lon="-5.5456990"><ele>107.0</ele><time>2026-09-12T09:33:22.000Z</time></trkpt>
      <trkpt lat="57.4058980" lon="-5.5460606"><ele>114.5</ele><time>2026-09-12T09:33:23.000Z</time></trkpt>
      <trkpt lat="57.4057647" lon="-5.5464177"><ele>111.2</ele><time>2026-09-12T09:33:24.000Z</time></trkpt>
      <trkpt lat="57.4057362" lon="-5.5468109"><ele>108.0</ele><time>2026-09-12T09:33:25.000Z</time></trkpt>
      <trkpt lat="57.4057564" lon="-5.5472450"><ele>112.8</ele><time>2026-09-12T09:33:26.000Z</time></trkpt>
      <trkpt lat="57.4057624" lon="-5.5476407"><ele>116.3</ele><time>2026-09-12T09:33:27.000Z</time></trkpt>
      <trkpt lat="57.4058286" lon="-5.5480805"><ele>109.9</ele><time>2026-09-12T09:33:28.000Z</time></trkpt>
      <trkpt lat="57.4059571" lon="-5.5484597"><ele>108.8</ele><time>2026-09-12T09:33:29.000Z</time></trkpt>
      <trkpt lat="57.4060136" lon="-5.5488307"><ele>106.9</ele><time>2026-09-12T09:33:30.000Z</time></trkpt>
      <trkpt lat="57.4060190" lon="-5.5492654"><ele>109.8</ele><time>2026-09-12T09:33:31.000Z</time></trkpt>
      <trkpt lat="57.4059912" lon="-5.5497007"><ele>102.0</ele><time>2026-09-12T09:33:32.000Z</time></trkpt>
      <trkpt lat="57.4059674" lon="-5.5500178"><ele>99.3</ele><time>2026-09-12T09:33:33.000Z</time></trkpt>
      <trkpt lat="57.4060982" lon="-5.5502489"><ele>101.2</ele><time>2026-09-12T09:33:34.000Z</time></trkpt>
      <trkpt lat="57.4060696" lon="-5.5506316"><ele>103.4</ele><time>2026-09-12T09:33:35.000Z</time></trkpt>
      <trkpt lat="57.4060529" lon="-5.5509922"><ele>103.5</ele><time>2026-09-12T09:33:36.000Z</time></trkpt>
      <trkpt lat="57.4060144" lon="-5.5513955"><ele>109.4</ele><time>2026-09-12T09:33:37.000Z</time></trkpt>
      <trkpt lat="57.4059244" lon="-5.5516927"><ele>109.5</ele><time>2026-09-12T09:33:38.000Z</time></trkpt>
      <trkpt lat="57.4059287" lon="-5.5520013"><ele>105.8</ele><time>2026-09-12T09:33:39.000Z</time></trkpt>
      <trkpt lat="57.4058717" lon="-5.5523536"><ele>106.3</ele><time>2026-09-12T09:33:40.000Z</time></trkpt>
      <trkpt lat="57.4057279" lon="-5.5526693"><ele>113.6</ele><time>2026-09-12T09:33:41.000Z</time></trkpt>
      <trkpt lat="57.4056924" lon="-5.5529415"><ele>114.9</ele><time>2026-09-12T09:33:42.000Z</time></trkpt>
      <trkpt lat="57.4055789" lon="-5.5532987"><ele>112.2</ele><time>2026-09-12T09:33:43.000Z</time></trkpt>
      <trkpt lat="57.4055589" lon="-5.5537181"><ele>116.7</ele><time>2026-09-12T09:33:44.000Z</time></trkpt>
      <trkpt lat="57.4055333" lon="-5.5540703"><ele>110.5</ele><time>2026-09-12T09:33:45.000Z</time></trkpt>
      <trkpt lat="57.4054923" lon="-5.5544405"><ele>115.1</ele><time>2026-09-12T09:33:46.000Z</time></trkpt>
      <trkpt lat="57.4054753" lon="-5.5546907"><ele>111.7</ele><time>2026-09-12T09:33:47.000Z</time></trkpt>
      <trkpt lat="57.4055175" lon="-5.5550274"><ele>110.6</ele><time>2026-09-12T09:33:48.000Z</time></trkpt>
      <trkpt lat="57.4054853" lon="-5.5552610"><ele>121.3</ele><time>2026-09-12T09:33:49.000Z</time></trkpt>
      <trkpt lat="57.4054792" lon="-5.5554330"><ele>119.7</ele><time>2026-09-12T09:33:50.000Z</time></trkpt>
      <trkpt lat="57.4054711" lon="-5.5558155"><ele>117.7</ele><time>2026-09-12T09:33:51.000Z</time></trkpt>
      <trkpt lat="57.4054638" lon="-5.5560285"><ele>127.7</ele><time>2026-09-12T09:33:52.000Z</time></trkpt>
      <trkpt lat="57.4054355" lon="-5.5562674"><ele>123.6</ele><time>2026-09-12T09:33:53.000Z</time></trkpt>
      <trkpt lat="57.4054803" lon="-5.5565776"><ele>121.8</ele><time>2026-09-12T09:33:54.000Z</time></trkpt>
      <trkpt lat="57.4054474" lon="-5.5569219"><ele>118.8</ele><time>2026-09-12T09:33:55.000Z</time></trkpt>
      <trkpt lat="57.4054573" lon="-5.5574101"><ele>116.9</ele><time>2026-09-12T09:33:56.000Z</time></trkpt>
      <trkpt lat="57.4054209" lon="-5.5577528"><ele>119.7</ele><time>2026-09-12T09:33:57.000Z</time></trkpt>
      <trkpt lat="57.4054296" lon="-5.5580596"><ele>121.8</ele><time>2026-09-12T09:33:58.000Z</time></trkpt>
      <trkpt lat="57.4053874" lon="-5.5583376"><ele>118.8</ele><time>2026-09-12T09:33:59.000Z</time></trkpt>
      <trkpt lat="57.4053535" lon="-5.5587953"><ele>115.2</ele><time>2026-09-12T09:34:00.000Z</time></trkpt>
      <trkpt lat="57.4052881" lon="-5.5591519"><ele>115.1</ele><time>2026-09-12T09:34:01.000Z</time></trkpt>
      <trkpt lat="57.4051948" lon="-5.5594009"><ele>110.9</ele><time>2026-09-12T09:34:02.000Z</time></trkpt>
      <trkpt lat="57.4051560" lon="-5.5596081"><ele>114.7</ele><time>2026-09-12T09:34:03.000Z</time></trkpt>
      <trkpt lat="57.4050458" lon="-5.5598770"><ele>110.2</ele><time>2026-09-12T09:34:04.000Z</time></trkpt>
      <trkpt lat="57.4049969" lon="-5.5601139"><ele>95.5</ele><time>2026-09-12T09:34:05.000Z</time></trkpt>
      <trkpt lat="57.4048916" lon="-5.5603112"><ele>90.1</ele><time>2026-09-12T09:34:06.000Z</time></trkpt>
      <trkpt lat="57.4048459" lon="-5.5607007"><ele>83.0</ele><time>2026-09-12T09:34:07.000Z</time></trkpt>
      <trkpt lat="57.4047883" lon="-5.5608340"><ele>85.7</ele><time>2026-09-12T09:34:08.000Z</time></trkpt>
      <trkpt lat="57.4047841" lon="-5.5610705"><ele>81.9</ele><time>2026-09-12T09:34:09.000Z</time></trkpt>
      <trkpt lat="57.4047259" lon="-5.5614948"><ele>82.1</ele><time>2026-09-12T09:34:10.000Z</time></trkpt>
      <trkpt lat="57.4046278" lon="-5.5617113"><ele>81.3</ele><time>2026-09-12T09:34:11.000Z</time></trkpt>
      <trkpt lat="57.4046555" lon="-5.5620202"><ele>80.0</ele><time>2026-09-12T09:34:12.000Z</time></trkpt>
      <trkpt lat="57.4045804" lon="-5.5623528"><ele>90.0</ele><time>2026-09-12T09:34:13.000Z</time></trkpt>
      <trkpt lat="57.4045913" lon="-5.5626879"><ele>77.9</ele><time>2026-09-12T09:34:14.000Z</time></trkpt>
      <trkpt lat="57.4045525" lon="-5.5629620"><ele>69.0</ele><time>2026-09-12T09:34:15.000Z</time></trkpt>
      <trkpt lat="57.4045002" lon="-5.5631910"><ele>66.1</ele><time>2026-09-12T09:34:16.000Z</time></trkpt>
      <trkpt lat="57.4044650" lon="-5.5635539"><ele>68.3</ele><time>2026-09-12T09:34:17.000Z</time></trkpt>
      <trkpt lat="57.4044668" lon="-5.5638524"><ele>63.8</ele><time>2026-09-12T09:34:18.000Z</time></trkpt>
      <trkpt lat="57.4045262" lon="-5.5641300"><ele>59.1</ele><time>2026-09-12T09:34:19.000Z</time></trkpt>
      <trkpt lat="57.4044962" lon="-5.5644525"><ele>51.5</ele><time>2026-09-12T09:34:20.000Z</time></trkpt>
      <trkpt lat="57.4045630" lon="-5.5648795"><ele>60.5</ele><time>2026-09-12T09:34:21.000Z</time></trkpt>
      <trkpt lat="57.4044685" lon="-5.5651507"><ele>67.8</ele><time>2026-09-12T09:34:22.000Z</time></trkpt>
      <trkpt lat="57.4045712" lon="-5.5654324"><ele>64.0</ele><time>2026-09-12T09:34:23.000Z</time></trkpt>
      <trkpt lat="57.4046323" lon="-5.5657737"><ele>63.2</ele><time>2026-09-12T09:34:24.000Z</time></trkpt>
      <trkpt lat="57.4047312" lon="-5.5659605"><ele>68.9</ele><time>2026-09-12T09:34:25.000Z</time></trkpt>
      <trkpt lat="57.4047643" lon="-5.5663478"><ele>69.1</ele><time>2026-09-12T09:34:26.000Z</time></trkpt>
      <trkpt lat="57.4047546" lon="-5.5668220"><ele>73.0</ele><time>2026-09-12T09:34:27.000Z</time></trkpt>
      <trkpt lat="57.4048093" lon="-5.5670440"><ele>76.1</ele><time>2026-09-12T09:34:28.000Z</time></trkpt>
      <trkpt lat="57.4047926" lon="-5.5674089"><ele>74.5</ele><time>2026-09-12T09:34:29.000Z</time></trkpt>
      <trkpt lat="57.4047837" lon="-5.5677825"><ele>74.1</ele><time>2026-09-12T09:34:30.000Z</time></trkpt>
      <trkpt lat="57.4046170" lon="-5.5680519"><ele>67.1</ele><time>2026-09-12T09:34:31.000Z</time></trkpt>
      <trkpt lat="57.4046398" lon="-5.5682788"><ele>61.0</ele><time>2026-09-12T09:34:32.000Z</time></trkpt>
      <trkpt lat="57.4045413" lon="-5.5685608"><ele>61.6</ele><time>2026-09-12T09:34:33.000Z</time></trkpt>
      <trkpt lat="57.4044930" lon="-5.5688691"><ele>54.9</ele><time>2026-09-12T09:34:34.000Z</time></trkpt>
      <trkpt lat="57.4044329" lon="-5.5691471"><ele>51.6</ele><time>2026-09-12T09:34:35.000Z</time></trkpt>
      <trkpt lat="57.4043736" lon="-5.5695148"><ele>42.8</ele><time>2026-09-12T09:34:36.000Z</time></trkpt>
      <trkpt lat="57.4043507" lon="-5.5698271"><ele>38.6</ele><time>2026-09-12T09:34:37.000Z</time></trkpt>
      <trkpt lat="57.4042550" lon="-5.5701828"><ele>34.4</ele><time>2026-09-12T09:34:38.000Z</time></trkpt>
      <trkpt lat="57.4042189" lon="-5.5705318"><ele>28.6</ele><time>2026-09-12T09:34:39.000Z</time></trkpt>
      <trkpt lat="57.4042035" lon="-5.5708473"><ele>28.7</ele><time>2026-09-12T09:34:40.000Z</time></trkpt>
      <trkpt lat="57.4041224" lon="-5.5712382"><ele>28.1</ele><time>2026-09-12T09:34:41.000Z</time></trkpt>
      <trkpt lat="57.4040456" lon="-5.5714511"><ele>36.0</ele><time>2026-09-12T09:34:42.000Z</time></trkpt>
      <trkpt lat="57.4040201" lon="-5.5718613"><ele>29.7</ele><time>2026-09-12T09:34:43.000Z</time></trkpt>
      <trkpt lat="57.4039869" lon="-5.5722152"><ele>32.1</ele><time>2026-09-12T09:34:44.000Z</time></trkpt>
      <trkpt lat="57.4039000" lon="-5.5725480"><ele>24.8</ele><time>2026-09-12T09:34:45.000Z</time></trkpt>
      <trkpt lat="57.4038822" lon="-5.5729449"><ele>18.1</ele><time>2026-09-12T09:34:46.000Z</time></trkpt>
      <trkpt lat="57.4037017" lon="-5.5732227"><ele>15.8</ele><time>2026-09-12T09:34:47.000Z</time></trkpt>
      <trkpt lat="57.4036588" lon="-5.5734723"><ele>10.0</ele><time>2026-09-12T09:34:48.000Z</time></trkpt>
      <trkpt lat="57.4035937" lon="-5.5738591"><ele>13.5</ele><time>2026-09-12T09:34:49.000Z</time></trkpt>
      <trkpt lat="57.4034957" lon="-5.5741449"><ele>15.3</ele><time>2026-09-12T09:34:50.000Z</time></trkpt>
      <trkpt lat="57.4034252" lon="-5.5744805"><ele>15.7</ele><time>2026-09-12T09:34:51.000Z</time></trkpt>
      <trkpt lat="57.4032920" lon="-5.5747708"><ele>16.0</ele><time>2026-09-12T09:34:52.000Z</time></trkpt>
      <trkpt lat="57.4031960" lon="-5.5749708"><ele>13.4</ele><time>2026-09-12T09:34:53.000Z</time></trkpt>
      <trkpt lat="57.4031386" lon="-5.5754127"><ele>9.5</ele><time>2026-09-12T09:34:54.000Z</time></trkpt>
      <trkpt lat="57.4030004" lon="-5.5756619"><ele>-4.3</ele><time>2026-09-12T09:34:55.000Z</time></trkpt>
      <trkpt lat="57.4029076" lon="-5.5759614"><ele>-1.3</ele><time>2026-09-12T09:34:56.000Z</time></trkpt>
      <trkpt lat="57.4028512" lon="-5.5764230"><ele>-3.9</ele><time>2026-09-12T09:34:57.000Z</time></trkpt>
      <trkpt lat="57.4027911" lon="-5.5766438"><ele>-1.9</ele><time>2026-09-12T09:34:58.000Z</time></trkpt>
      <trkpt lat="57.4027397" lon="-5.5770091"><ele>5.6</ele><time>2026-09-12T09:34:59.000Z</time></trkpt>
      <trkpt lat="57.4027538" lon="-5.5772781"><ele>7.3</ele><time>2026-09-12T09:35:00.000Z</time></trkpt>
      <trkpt lat="57.4026777" lon="-5.5776537"><ele>6.6</ele><time>2026-09-12T09:35:01.000Z</time></trkpt>
      <trkpt lat="57.4026718" lon="-5.5779958"><ele>11.7</ele><time>2026-09-12T09:35:02.000Z</time></trkpt>
      <trkpt lat="57.4025809" lon="-5.5783569"><ele>18.5</ele><time>2026-09-12T09:35:03.000Z</time></trkpt>
      <trkpt lat="57.4025672" lon="-5.5786851"><ele>25.8</ele><time>2026-09-12T09:35:04.000Z</time></trkpt>
      <trkpt lat="57.4025473" lon="-5.5788806"><ele>29.4</ele><time>2026-09-12T09:35:05.000Z</time></trkpt>
      <trkpt lat="57.4025073" lon="-5.5792942"><ele>30.0</ele><time>2026-09-12T09:35:06.000Z</time></trkpt>
      <trkpt lat="57.4025020" lon="-5.5795284"><ele>23.9</ele><time>2026-09-12T09:35:07.000Z</time></trkpt>
      <trkpt lat="57.4024975" lon="-5.5798548"><ele>20.8</ele><time>2026-09-12T09:35:08.000Z</time></trkpt>
      <trkpt lat="57.4025003" lon="-5.5802430"><ele>20.7</ele><time>2026-09-12T09:35:09.000Z</time></trkpt>
      <trkpt lat="57.4025131" lon="-5.5805801"><ele>21.6</ele><time>2026-09-12T09:35:10.000Z</time></trkpt>
      <trkpt lat="57.4025806" lon="-5.5808900"><ele>25.7</ele><time>2026-09-12T09:35:11.000Z</time></trkpt>
      <trkpt lat="57.4026056" lon="-5.5811542"><ele>28.7</ele><time>2026-09-12T09:35:12.000Z</time></trkpt>
      <trkpt lat="57.4025812" lon="-5.5815736"><ele>35.5</ele><time>2026-09-12T09:35:13.000Z</time></trkpt>
      <trkpt lat="57.4026175" lon="-5.5817185"><ele>36.5</ele><time>2026-09-12T09:35:14.000Z</time></trkpt>
      <trkpt lat="57.4025626" lon="-5.5820262"><ele>36.0</ele><time>2026-09-12T09:35:15.000Z</time></trkpt>
      <trkpt lat="57.4024572" lon="-5.5823303"><ele>30.8</ele><time>2026-09-12T09:35:16.000Z</time></trkpt>
      <trkpt lat="57.4023888" lon="-5.5825332"><ele>36.3</ele><time>2026-09-12T09:35:17.000Z</time></trkpt>
      <trkpt lat="57.4023162" lon="-5.5827647"><ele>24.2</ele><time>2026-09-12T09:35:18.000Z</time></trkpt>
      <trkpt lat="57.4022467" lon="-5.5830759"><ele>28.8</ele><time>2026-09-12T09:35:19.000Z</time></trkpt>
      <trkpt lat="57.4022061" lon="-5.5833372"><ele>34.6</ele><time>2026-09-12T09:35:20.000Z</time></trkpt>
      <trkpt lat="57.4021232" lon="-5.5835464"><ele>34.7</ele><time>2026-09-12T09:35:21.000Z</time></trkpt>
      <trkpt lat="57.4020751" lon="-5.5838514"><ele>44.9</ele><time>2026-09-12T09:35:22.000Z</time></trkpt>
      <trkpt lat="57.4019761" lon="-5.5841358"><ele>51.2</ele><time>2026-09-12T09:35:23.000Z</time></trkpt>
      <trkpt lat="57.4019600" lon="-5.5844013"><ele>44.0</ele><time>2026-09-12T09:35:24.000Z</time></trkpt>
      <trkpt lat="57.4017815" lon="-5.5846788"><ele>44.4</ele><time>2026-09-12T09:35:25.000Z</time></trkpt>
      <trkpt lat="57.4017117" lon="-5.5848929"><ele>34.8</ele><time>2026-09-12T09:35:26.000Z</time></trkpt>
      <trkpt lat="57.4016196" lon="-5.5852239"><ele>36.4</ele><time>2026-09-12T09:35:27.000Z</time></trkpt>
      <trkpt lat="57.4015045" lon="-5.5854657"><ele>34.1</ele><time>2026-09-12T09:35:28.000Z</time></trkpt>
      <trkpt lat="57.4013782" lon="-5.5855935"><ele>33.4</ele><time>2026-09-12T09:35:29.000Z</time></trkpt>
      <trkpt lat="57.4012916" lon="-5.5860116"><ele>37.7</ele><time>2026-09-12T09:35:30.000Z</time></trkpt>
      <trkpt lat="57.4011091" lon="-5.5861922"><ele>38.3</ele><time>2026-09-12T09:35:31.000Z</time></trkpt>
      <trkpt lat="57.4009879" lon="-5.5865247"><ele>30.8</ele><time>2026-09-12T09:35:32.000Z</time></trkpt>
      <trkpt lat="57.4008177" lon="-5.5868946"><ele>30.4</ele><time>2026-09-12T09:35:33.000Z</time></trkpt>
      <trkpt lat="57.4007747" lon="-5.5872070"><ele>29.7</ele><time>2026-09-12T09:35:34.000Z</time></trkpt>
      <trkpt lat="57.4006100" lon="-5.5874366"><ele>29.5</ele><time>2026-09-12T09:35:35.000Z</time></trkpt>
      <trkpt lat="57.4005001" lon="-5.5878108"><ele>25.1</ele><time>2026-09-12T09:35:36.000Z</time></trkpt>
      <trkpt lat="57.4003698" lon="-5.5881102"><ele>21.2</ele><time>2026-09-12T09:35:37.000Z</time></trkpt>
      <trkpt lat="57.4002233" lon="-5.5884548"><ele>22.5</ele><time>2026-09-12T09:35:38.000Z</time></trkpt>
      <trkpt lat="57.4001532" lon="-5.5889717"><ele>28.5</ele><time>2026-09-12T09:35:39.000Z</time></trkpt>
      <trkpt lat="57.3999870" lon="-5.5892975"><ele>23.2</ele><time>2026-09-12T09:35:40.000Z</time></trkpt>
      <trkpt lat="57.3999128" lon="-5.5896307"><ele>15.1</ele><time>2026-09-12T09:35:41.000Z</time></trkpt>
      <trkpt lat="57.3998026" lon="-5.5900276"><ele>10.8</ele><time>2026-09-12T09:35:42.000Z</time></trkpt>
      <trkpt lat="57.3997039" lon="-5.5903588"><ele>4.6</ele><time>2026-09-12T09:35:43.000Z</time></trkpt>
      <trkpt lat="57.3995607" lon="-5.5907826"><ele>9.3</ele><time>2026-09-12T09:35:44.000Z</time></trkpt>
      <trkpt lat="57.3995686" lon="-5.5912495"><ele>13.9</ele><time>2026-09-12T09:35:45.000Z</time></trkpt>
      <trkpt lat="57.3995415" lon="-5.5917076"><ele>8.4</ele><time>2026-09-12T09:35:46.000Z</time></trkpt>
      <trkpt lat="57.3994965" lon="-5.5920355"><ele>-0.3</ele><time>2026-09-12T09:35:47.000Z</time></trkpt>
      <trkpt lat="57.3994417" lon="-5.5924907"><ele>-8.3</ele><time>2026-09-12T09:35:48.000Z</time></trkpt>
      <trkpt lat="57.3994157" lon="-5.5928410"><ele>-4.7</ele><time>2026-09-12T09:35:49.000Z</time></trkpt>
      <trkpt lat="57.3993705" lon="-5.5933752"><ele>-4.7</ele><time>2026-09-12T09:35:50.000Z</time></trkpt>
      <trkpt lat="57.3993512" lon="-5.5937315"><ele>-6.0</ele><time>2026-09-12T09:35:51.000Z</time></trkpt>
      <trkpt lat="57.3992937" lon="-5.5941104"><ele>2.3</ele><time>2026-09-12T09:35:52.000Z</time></trkpt>
      <trkpt lat="57.3992791" lon="-5.5945699"><ele>4.5</ele><time>2026-09-12T09:35:53.000Z</time></trkpt>
      <trkpt lat="57.3992568" lon="-5.5949444"><ele>4.4</ele><time>2026-09-12T09:35:54.000Z</time></trkpt>
      <trkpt lat="57.3992567" lon="-5.5954196"><ele>2.4</ele><time>2026-09-12T09:35:55.000Z</time></trkpt>
      <trkpt lat="57.3992060" lon="-5.5957834"><ele>1.6</ele><time>2026-09-12T09:35:56.000Z</time></trkpt>
      <trkpt lat="57.3991251" lon="-5.5962166"><ele>-6.4</ele><time>2026-09-12T09:35:57.000Z</time></trkpt>
      <trkpt lat="57.3991770" lon="-5.5966604"><ele>-15.0</ele><time>2026-09-12T09:35:58.000Z</time></trkpt>
      <trkpt lat="57.3991329" lon="-5.5970588"><ele>-11.5</ele><time>2026-09-12T09:35:59.000Z</time></trkpt>
      <trkpt lat="57.3991087" lon="-5.5973994"><ele>-12.8</ele><time>2026-09-12T09:36:00.000Z</time></trkpt>
      <trkpt lat="57.3990502" lon="-5.5976747"><ele>-9.7</ele><time>2026-09-12T09:36:01.000Z</time></trkpt>
      <trkpt lat="57.3990437" lon="-5.5981138"><ele>-9.2</ele><time>2026-09-12T09:36:02.000Z</time></trkpt>
      <trkpt lat="57.3990097" lon="-5.5985306"><ele>-9.9</ele><time>2026-09-12T09:36:03.000Z</time></trkpt>
      <trkpt lat="57.3990179" lon="-5.5989605"><ele>-9.0</ele><time>2026-09-12T09:36:04.000Z</time></trkpt>
      <trkpt lat="57.3990379" lon="-5.5994179"><ele>-4.2</ele><time>2026-09-12T09:36:05.000Z</time></trkpt>
      <trkpt lat="57.3989349" lon="-5.5997124"><ele>-8.7</ele><time>2026-09-12T09:36:06.000Z</time></trkpt>
      <trkpt lat="57.3989615" lon="-5.6001208"><ele>0.6</ele><time>2026-09-12T09:36:07.000Z</time></trkpt>
      <trkpt lat="57.3989716" lon="-5.6004945"><ele>5.3</ele><time>2026-09-12T09:36:08.000Z</time></trkpt>
      <trkpt lat="57.3989212" lon="-5.6009919"><ele>12.4</ele><time>2026-09-12T09:36:09.000Z</time></trkpt>
      <trkpt lat="57.3989099" lon="-5.6014217"><ele>10.8</ele><time>2026-09-12T09:36:10.000Z</time></trkpt>
      <trkpt lat="57.3988569" lon="-5.6018390"><ele>10.7</ele><time>2026-09-12T09:36:11.000Z</time></trkpt>
      <trkpt lat="57.3988268" lon="-5.6023348"><ele>4.8</ele><time>2026-09-12T09:36:12.000Z</time></trkpt>
      <trkpt lat="57.3988302" lon="-5.6026745"><ele>4.8</ele><time>2026-09-12T09:36:13.000Z</time></trkpt>
      <trkpt lat="57.3987778" lon="-5.6031273"><ele>-3.4</ele><time>2026-09-12T09:36:14.000Z</time></trkpt>
      <trkpt lat="57.3987285" lon="-5.6034540"><ele>6.6</ele><time>2026-09-12T09:36:15.000Z</time></trkpt>
      <trkpt lat="57.3987704" lon="-5.6038477"><ele>9.5</ele><time>2026-09-12T09:36:16.000Z</time></trkpt>
      <trkpt lat="57.3987973" lon="-5.6042497"><ele>8.3</ele><time>2026-09-12T09:36:17.000Z</time></trkpt>
      <trkpt lat="57.3987994" lon="-5.6045548"><ele>6.0</ele><time>2026-09-12T09:36:18.000Z</time></trkpt>
      <trkpt lat="57.3988165" lon="-5.6048361"><ele>8.6</ele><time>2026-09-12T09:36:19.000Z</time></trkpt>
      <trkpt lat="57.3988857" lon="-5.6051871"><ele>5.9</ele><time>2026-09-12T09:36:20.000Z</time></trkpt>
      <trkpt lat="57.3988546" lon="-5.6054804"><ele>0.8</ele><time>2026-09-12T09:36:21.000Z</time></trkpt>
      <trkpt lat="57.3989578" lon="-5.6058468"><ele>8.4</ele><time>2026-09-12T09:36:22.000Z</time></trkpt>
      <trkpt lat="57.3990677" lon="-5.6062180"><ele>2.2</ele><time>2026-09-12T09:36:23.000Z</time></trkpt>
      <trkpt lat="57.3991741" lon="-5.6064290"><ele>-3.0</ele><time>2026-09-12T09:36:24.000Z</time></trkpt>
      <trkpt lat="57.3993664" lon="-5.6067016"><ele>-9.6</ele><time>2026-09-12T09:36:25.000Z</time></trkpt>
      <trkpt lat="57.3995194" lon="-5.6070081"><ele>-10.4</ele><time>2026-09-12T09:36:26.000Z</time></trkpt>
      <trkpt lat="57.3996880" lon="-5.6073029"><ele>-4.1</ele><time>2026-09-12T09:36:27.000Z</time></trkpt>
      <trkpt lat="57.3998921" lon="-5.6073889"><ele>-5.6</ele><time>2026-09-12T09:36:28.000Z</time></trkpt>
      <trkpt lat="57.4000438" lon="-5.6077104"><ele>-1.4</ele><time>2026-09-12T09:36:29.000Z</time></trkpt>
      <trkpt lat="57.4002281" lon="-5.6079782"><ele>-3.4</ele><time>2026-09-12T09:36:30.000Z</time></trkpt>
      <trkpt lat="57.4004009" lon="-5.6082208"><ele>-2.9</ele><time>2026-09-12T09:36:31.000Z</time></trkpt>
      <trkpt lat="57.4005490" lon="-5.6083259"><ele>-12.7</ele><time>2026-09-12T09:36:32.000Z</time></trkpt>
      <trkpt lat="57.4007765" lon="-5.6086718"><ele>-10.9</ele><time>2026-09-12T09:36:33.000Z</time></trkpt>
      <trkpt lat="57.4010395" lon="-5.6088405"><ele>-2.1</ele><time>2026-09-12T09:36:34.000Z</time></trkpt>
      <trkpt lat="57.4012484" lon="-5.6089807"><ele>0.1</ele><time>2026-09-12T09:36:35.000Z</time></trkpt>
      <trkpt lat="57.4014569" lon="-5.6091160"><ele>-5.5</ele><time>2026-09-12T09:36:36.000Z</time></trkpt>
      <trkpt lat="57.4016983" lon="-5.6092951"><ele>-2.9</ele><time>2026-09-12T09:36:37.000Z</time></trkpt>
      <trkpt lat="57.4019035" lon="-5.6094800"><ele>-0.6</ele><time>2026-09-12T09:36:38.000Z</time></trkpt>
      <trkpt lat="57.4021359" lon="-5.6094172"><ele>-3.1</ele><time>2026-09-12T09:36:39.000Z</time></trkpt>
      <trkpt lat="57.4023719" lon="-5.6095884"><ele>-1.8</ele><time>2026-09-12T09:36:40.000Z</time></trkpt>
      <trkpt lat="57.4025878" lon="-5.6097619"><ele>-0.6</ele><time>2026-09-12T09:36:41.000Z</time></trkpt>
      <trkpt lat="57.4028043" lon="-5.6098045"><ele>1.4</ele><time>2026-09-12T09:36:42.000Z</time></trkpt>
      <trkpt lat="57.4030572" lon="-5.6098856"><ele>7.6</ele><time>2026-09-12T09:36:43.000Z</time></trkpt>
      <trkpt lat="57.4032827" lon="-5.6099955"><ele>4.9</ele><time>2026-09-12T09:36:44.000Z</time></trkpt>
      <trkpt lat="57.4034936" lon="-5.6101168"><ele>6.9</ele><time>2026-09-12T09:36:45.000Z</time></trkpt>
      <trkpt lat="57.4037428" lon="-5.6102161"><ele>10.5</ele><time>2026-09-12T09:36:46.000Z</time></trkpt>
      <trkpt lat="57.4039826" lon="-5.6102467"><ele>11.1</ele><time>2026-09-12T09:36:47.000Z</time></trkpt>
      <trkpt lat="57.4042150" lon="-5.6103244"><ele>4.6</ele><time>2026-09-12T09:36:48.000Z</time></trkpt>
      <trkpt lat="57.4044410" lon="-5.6105169"><ele>14.9</ele><time>2026-09-12T09:36:49.000Z</time></trkpt>
      <trkpt lat="57.4046778" lon="-5.6105054"><ele>9.5</ele><time>2026-09-12T09:36:50.000Z</time></trkpt>
      <trkpt lat="57.4048778" lon="-5.6106435"><ele>11.1</ele><time>2026-09-12T09:36:51.000Z</time></trkpt>
      <trkpt lat="57.4051565" lon="-5.6106578"><ele>7.9</ele><time>2026-09-12T09:36:52.000Z</time></trkpt>
      <trkpt lat="57.4053318" lon="-5.6107794"><ele>2.8</ele><time>2026-09-12T09:36:53.000Z</time></trkpt>
      <trkpt lat="57.4055352" lon="-5.6107449"><ele>3.8</ele><time>2026-09-12T09:36:54.000Z</time></trkpt>
      <trkpt lat="57.4057120" lon="-5.6108212"><ele>2.1</ele><time>2026-09-12T09:36:55.000Z</time></trkpt>
      <trkpt lat="57.4059360" lon="-5.6107719"><ele>4.9</ele><time>2026-09-12T09:36:56.000Z</time></trkpt>
      <trkpt lat="57.4061234" lon="-5.6108289"><ele>-2.0</ele><time>2026-09-12T09:36:57.000Z</time></trkpt>
      <trkpt lat="57.4063198" lon="-5.6106340"><ele>0.2</ele><time>2026-09-12T09:36:58.000Z</time></trkpt>
      <trkpt lat="57.4065611" lon="-5.6106075"><ele>1.7</ele><time>2026-09-12T09:36:59.000Z</time></trkpt>
      <trkpt lat="57.4067273" lon="-5.6104578"><ele>-1.1</ele><time>2026-09-12T09:37:00.000Z</time></trkpt>
      <trkpt lat="57.4069580" lon="-5.6102940"><ele>-3.2</ele><time>2026-09-12T09:37:01.000Z</time></trkpt>
      <trkpt lat="57.4070973" lon="-5.6101581"><ele>-12.6</ele><time>2026-09-12T09:37:02.000Z</time></trkpt>
      <trkpt lat="57.4072786" lon="-5.6099402"><ele>-18.8</ele><time>2026-09-12T09:37:03.000Z</time></trkpt>
      <trkpt lat="57.4075683" lon="-5.6097240"><ele>-16.5</ele><time>2026-09-12T09:37:04.000Z</time></trkpt>
      <trkpt lat="57.4077227" lon="-5.6096042"><ele>-19.4</ele><time>2026-09-12T09:37:05.000Z</time></trkpt>
      <trkpt lat="57.4078669" lon="-5.6094024"><ele>-24.8</ele><time>2026-09-12T09:37:06.000Z</time></trkpt>
      <trkpt lat="57.4080842" lon="-5.6091737"><ele>-18.5</ele><time>2026-09-12T09:37:07.000Z</time></trkpt>
      <trkpt lat="57.4082769" lon="-5.6091131"><ele>-9.7</ele><time>2026-09-12T09:37:08.000Z</time></trkpt>
      <trkpt lat="57.4084825" lon="-5.6089339"><ele>-3.4</ele><time>2026-09-12T09:37:09.000Z</time></trkpt>
      <trkpt lat="57.4086904" lon="-5.6087689"><ele>-4.1</ele><time>2026-09-12T09:37:10.000Z</time></trkpt>
      <trkpt lat="57.4088844" lon="-5.6086753"><ele>-7.3</ele><time>2026-09-12T09:37:11.000Z</time></trkpt>
      <trkpt lat="57.4090829" lon="-5.6085268"><ele>-7.8</ele><time>2026-09-12T09:37:12.000Z</time></trkpt>
      <trkpt lat="57.4092919" lon="-5.6083874"><ele>-9.4</ele><time>2026-09-12T09:37:13.000Z</time></trkpt>
      <trkpt lat="57.4094795" lon="-5.6083529"><ele>-8.2</ele><time>2026-09-12T09:37:14.000Z</time></trkpt>
      <trkpt lat="57.4097210" lon="-5.6081367"><ele>-14.8</ele><time>2026-09-12T09:37:15.000Z</time></trkpt>
      <trkpt lat="57.4099250" lon="-5.6080143"><ele>-7.1</ele><time>2026-09-12T09:37:16.000Z</time></trkpt>
      <trkpt lat="57.4100809" lon="-5.6078022"><ele>-2.8</ele><time>2026-09-12T09:37:17.000Z</time></trkpt>
      <trkpt lat="57.4102934" lon="-5.6076091"><ele>3.4</ele><time>2026-09-12T09:37:18.000Z</time></trkpt>
      <trkpt lat="57.4104842" lon="-5.6073637"><ele>3.5</ele><time>2026-09-12T09:37:19.000Z</time></trkpt>
      <trkpt lat="57.4107248" lon="-5.6071583"><ele>8.3</ele><time>2026-09-12T09:37:20.000Z</time></trkpt>
      <trkpt lat="57.4108818" lon="-5.6069353"><ele>7.4</ele><time>2026-09-12T09:37:21.000Z</time></trkpt>
      <trkpt lat="57.4110638" lon="-5.6067191"><ele>6.3</ele><time>2026-09-12T09:37:22.000Z</time></trkpt>
      <trkpt lat="57.4112305" lon="-5.6064966"><ele>6.8</ele><time>2026-09-12T09:37:23.000Z</time></trkpt>
      <trkpt lat="57.4114713" lon="-5.6064188"><ele>9.5</ele><time>2026-09-12T09:37:24.000Z</time></trkpt>
      <trkpt lat="57.4117244" lon="-5.6062219"><ele>8.6</ele><time>2026-09-12T09:37:25.000Z</time></trkpt>
      <trkpt lat="57.4119390" lon="-5.6060983"><ele>4.8</ele><time>2026-09-12T09:37:26.000Z</time></trkpt>
      <trkpt lat="57.4120885" lon="-5.6060381"><ele>12.9</ele><time>2026-09-12T09:37:27.000Z</time></trkpt>
      <trkpt lat="57.4123206" lon="-5.6059085"><ele>14.3</ele><time>2026-09-12T09:37:28.000Z</time></trkpt>
      <trkpt lat="57.4125788" lon="-5.6057854"><ele>19.8</ele><time>2026-09-12T09:37:29.000Z</time></trkpt>
      <trkpt lat="57.4127866" lon="-5.6056121"><ele>17.6</ele><time>2026-09-12T09:37:30.000Z</time></trkpt>
      <trkpt lat="57.4130273" lon="-5.6054956"><ele>16.0</ele><time>2026-09-12T09:37:31.000Z</time></trkpt>
      <trkpt lat="57.4132280" lon="-5.6053561"><ele>10.7</ele><time>2026-09-12T09:37:32.000Z</time></trkpt>
      <trkpt lat="57.4134992" lon="-5.6052631"><ele>4.0</ele><time>2026-09-12T09:37:33.000Z</time></trkpt>
      <trkpt lat="57.4136766" lon="-5.6050121"><ele>3.7</ele><time>2026-09-12T09:37:34.000Z</time></trkpt>
      <trkpt lat="57.4138829" lon="-5.6049339"><ele>-1.1</ele><time>2026-09-12T09:37:35.000Z</time></trkpt>
      <trkpt lat="57.4140480" lon="-5.6047942"><ele>2.9</ele><time>2026-09-12T09:37:36.000Z</time></trkpt>
      <trkpt lat="57.4142537" lon="-5.6045396"><ele>-0.8</ele><time>2026-09-12T09:37:37.000Z</time></trkpt>
      <trkpt lat="57.4144391" lon="-5.6044084"><ele>-1.3</ele><time>2026-09-12T09:37:38.000Z</time></trkpt>
      <trkpt lat="57.4146363" lon="-5.6041147"><ele>-7.6</ele><time>2026-09-12T09:37:39.000Z</time></trkpt>
      <trkpt lat="57.4148230" lon="-5.6040269"><ele>-4.3</ele><time>2026-09-12T09:37:40.000Z</time></trkpt>
      <trkpt lat="57.4149837" lon="-5.6038366"><ele>-11.4</ele><time>2026-09-12T09:37:41.000Z</time></trkpt>
      <trkpt lat="57.4151723" lon="-5.6036880"><ele>-12.1</ele><time>2026-09-12T09:37:42.000Z</time></trkpt>
      <trkpt lat="57.4153685" lon="-5.6034377"><ele>-8.2</ele><time>2026-09-12T09:37:43.000Z</time></trkpt>
      <trkpt lat="57.4155381" lon="-5.6033480"><ele>-9.1</ele><time>2026-09-12T09:37:44.000Z</time></trkpt>
      <trkpt lat="57.4157156" lon="-5.6031927"><ele>-12.5</ele><time>2026-09-12T09:37:45.000Z</time></trkpt>
      <trkpt lat="57.4158667" lon="-5.6031538"><ele>-16.9</ele><time>2026-09-12T09:37:46.000Z</time></trkpt>
      <trkpt lat="57.4160848" lon="-5.6030118"><ele>-12.1</ele><time>2026-09-12T09:37:47.000Z</time></trkpt>
      <trkpt lat="57.4162140" lon="-5.6028608"><ele>-15.8</ele><time>2026-09-12T09:37:48.000Z</time></trkpt>
      <trkpt lat="57.4164236" lon="-5.6028124"><ele>-18.0</ele><time>2026-09-12T09:37:49.000Z</time></trkpt>
      <trkpt lat="57.4165503" lon="-5.6027626"><ele>-20.0</ele><time>2026-09-12T09:37:50.000Z</time></trkpt>
      <trkpt lat="57.4167484" lon="-5.6026850"><ele>-21.4</ele><time>2026-09-12T09:37:51.000Z</time></trkpt>
      <trkpt lat="57.4169123" lon="-5.6027193"><ele>-14.5</ele><time>2026-09-12T09:37:52.000Z</time></trkpt>
      <trkpt lat="57.4171303" lon="-5.6025899"><ele>-17.5</ele><time>2026-09-12T09:37:53.000Z</time></trkpt>
      <trkpt lat="57.4173494" lon="-5.6025977"><ele>-22.5</ele><time>2026-09-12T09:37:54.000Z</time></trkpt>
      <trkpt lat="57.4175112" lon="-5.6025801"><ele>-10.4</ele><time>2026-09-12T09:37:55.000Z</time></trkpt>
      <trkpt lat="57.4177292" lon="-5.6025723"><ele>-4.7</ele><time>2026-09-12T09:37:56.000Z</time></trkpt>
      <trkpt lat="57.4179236" lon="-5.6024977"><ele>4.6</ele><time>2026-09-12T09:37:57.000Z</time></trkpt>
      <trkpt lat="57.4180320" lon="-5.6026276"><ele>1.4</ele><time>2026-09-12T09:37:58.000Z</time></trkpt>
      <trkpt lat="57.4181516" lon="-5.6025252"><ele>2.9</ele><time>2026-09-12T09:37:59.000Z</time></trkpt>
      <trkpt lat="57.4182421" lon="-5.6025837"><ele>7.7</ele><time>2026-09-12T09:38:00.000Z</time></trkpt>
      <trkpt lat="57.4183049" lon="-5.6026601"><ele>6.0</ele><time>2026-09-12T09:38:01.000Z</time></trkpt>
      <trkpt lat="57.4183248" lon="-5.6028212"><ele>-2.1</ele><time>2026-09-12T09:38:02.000Z</time></trkpt>
      <trkpt lat="57.4183703" lon="-5.6030598"><ele>-1.7</ele><time>2026-09-12T09:38:03.000Z</time></trkpt>
      <trkpt lat="57.4184316" lon="-5.6031635"><ele>-0.3</ele><time>2026-09-12T09:38:04.000Z</time></trkpt>
      <trkpt lat="57.4184774" lon="-5.6034033"><ele>-5.7</ele><time>2026-09-12T09:38:05.000Z</time></trkpt>
      <trkpt lat="57.4185231" lon="-5.6036069"><ele>-6.1</ele><time>2026-09-12T09:38:06.000Z</time></trkpt>
      <trkpt lat="57.4185620" lon="-5.6039287"><ele>-2.6</ele><time>2026-09-12T09:38:07.000Z</time></trkpt>
      <trkpt lat="57.4186079" lon="-5.6042559"><ele>-5.9</ele><time>2026-09-12T09:38:08.000Z</time></trkpt>
      <trkpt lat="57.4186679" lon="-5.6045992"><ele>-12.9</ele><time>2026-09-12T09:38:09.000Z</time></trkpt>
      <trkpt lat="57.4187398" lon="-5.6048477"><ele>-10.0</ele><time>2026-09-12T09:38:10.000Z</time></trkpt>
      <trkpt lat="57.4187907" lon="-5.6051304"><ele>-10.6</ele><time>2026-09-12T09:38:11.000Z</time></trkpt>
      <trkpt lat="57.4188396" lon="-5.6054174"><ele>-13.9</ele><time>2026-09-12T09:38:12.000Z</time></trkpt>
      <trkpt lat="57.4188997" lon="-5.6056770"><ele>-17.8</ele><time>2026-09-12T09:38:13.000Z</time></trkpt>
      <trkpt lat="57.4189589" lon="-5.6060495"><ele>-14.8</ele><time>2026-09-12T09:38:14.000Z</time></trkpt>
      <trkpt lat="57.4190278" lon="-5.6064265"><ele>-6.8</ele><time>2026-09-12T09:38:15.000Z</time></trkpt>
      <trkpt lat="57.4191186" lon="-5.6067108"><ele>-4.9</ele><time>2026-09-12T09:38:16.000Z</time></trkpt>
      <trkpt lat="57.4191930" lon="-5.6069621"><ele>-2.4</ele><time>2026-09-12T09:38:17.000Z</time></trkpt>
      <trkpt lat="57.4191822" lon="-5.6072754"><ele>-0.4</ele><time>2026-09-12T09:38:18.000Z</time></trkpt>
      <trkpt lat="57.4192234" lon="-5.6075344"><ele>0.3</ele><time>2026-09-12T09:38:19.000Z</time></trkpt>
      <trkpt lat="57.4192420" lon="-5.6079585"><ele>-1.3</ele><time>2026-09-12T09:38:20.000Z</time></trkpt>
      <trkpt lat="57.4192909" lon="-5.6081376"><ele>1.1</ele><time>2026-09-12T09:38:21.000Z</time></trkpt>
      <trkpt lat="57.4193375" lon="-5.6083868"><ele>1.2</ele><time>2026-09-12T09:38:22.000Z</time></trkpt>
      <trkpt lat="57.4193451" lon="-5.6086139"><ele>9.9</ele><time>2026-09-12T09:38:23.000Z</time></trkpt>
      <trkpt lat="57.4193782" lon="-5.6088149"><ele>12.6</ele><time>2026-09-12T09:38:24.000Z</time></trkpt>
      <trkpt lat="57.4193471" lon="-5.6089349"><ele>12.5</ele><time>2026-09-12T09:38:25.000Z</time></trkpt>
      <trkpt lat="57.4192605" lon="-5.6091638"><ele>4.8</ele><time>2026-09-12T09:38:26.000Z</time></trkpt>
      <trkpt lat="57.4192001" lon="-5.6092694"><ele>13.3</ele><time>2026-09-12T09:38:27.000Z</time></trkpt>
      <trkpt lat="57.4190616" lon="-5.6094249"><ele>8.9</ele><time>2026-09-12T09:38:28.000Z</time></trkpt>
      <trkpt lat="57.4189419" lon="-5.6095934"><ele>7.1</ele><time>2026-09-12T09:38:29.000Z</time></trkpt>
      <trkpt lat="57.4187984" lon="-5.6097193"><ele>9.6</ele><time>2026-09-12T09:38:30.000Z</time></trkpt>
      <trkpt lat="57.4186111" lon="-5.6099880"><ele>-2.6</ele><time>2026-09-12T09:38:31.000Z</time></trkpt>
      <trkpt lat="57.4184658" lon="-5.6101428"><ele>-1.4</ele><time>2026-09-12T09:38:32.000Z</time></trkpt>
      <trkpt lat="57.4183862" lon="-5.6103564"><ele>1.1</ele><time>2026-09-12T09:38:33.000Z</time></trkpt>
      <trkpt lat="57.4182025" lon="-5.6106703"><ele>-2.9</ele><time>2026-09-12T09:38:34.000Z</time></trkpt>
      <trkpt lat="57.4180790" lon="-5.6108615"><ele>-3.9</ele><time>2026-09-12T09:38:35.000Z</time></trkpt>
      <trkpt lat="57.4179165" lon="-5.6109348"><ele>-0.5</ele><time>2026-09-12T09:38:36.000Z</time></trkpt>
      <trkpt lat="57.4177994" lon="-5.6111076"><ele>-0.6</ele><time>2026-09-12T09:38:37.000Z</time></trkpt>
      <trkpt lat="57.4176344" lon="-5.6112541"><ele>1.8</ele><time>2026-09-12T09:38:38.000Z</time></trkpt>
      <trkpt lat="57.4174051" lon="-5.6112520"><ele>7.1</ele><time>2026-09-12T09:38:39.000Z</time></trkpt>
      <trkpt lat="57.4172741" lon="-5.6113624"><ele>4.3</ele><time>2026-09-12T09:38:40.000Z</time></trkpt>
      <trkpt lat="57.4171630" lon="-5.6115334"><ele>3.6</ele><time>2026-09-12T09:38:41.000Z</time></trkpt>
      <trkpt lat="57.4169865" lon="-5.6116955"><ele>2.8</ele><time>2026-09-12T09:38:42.000Z</time></trkpt>
      <trkpt lat="57.4168256" lon="-5.6118399"><ele>-8.5</ele><time>2026-09-12T09:38:43.000Z</time></trkpt>
      <trkpt lat="57.4166898" lon="-5.6120295"><ele>1.0</ele><time>2026-09-12T09:38:44.000Z</time></trkpt>
      <trkpt lat="57.4166237" lon="-5.6122833"><ele>-0.9</ele><time>2026-09-12T09:38:45.000Z</time></trkpt>
      <trkpt lat="57.4164907" lon="-5.6125164"><ele>9.5</ele><time>2026-09-12T09:38:46.000Z</time></trkpt>
      <trkpt lat="57.4163333" lon="-5.6126699"><ele>13.1</ele><time>2026-09-12T09:38:47.000Z</time></trkpt>
      <trkpt lat="57.4161812" lon="-5.6129545"><ele>19.7</ele><time>2026-09-12T09:38:48.000Z</time></trkpt>
      <trkpt lat="57.4159992" lon="-5.6131031"><ele>25.5</ele><time>2026-09-12T09:38:49.000Z</time></trkpt>
      <trkpt lat="57.4158051" lon="-5.6132523"><ele>24.3</ele><time>2026-09-12T09:38:50.000Z</time></trkpt>
      <trkpt lat="57.4157057" lon="-5.6134508"><ele>29.6</ele><time>2026-09-12T09:38:51.000Z</time></trkpt>
      <trkpt lat="57.4155316" lon="-5.6136839"><ele>30.2</ele><time>2026-09-12T09:38:52.000Z</time></trkpt>
      <trkpt lat="57.4153672" lon="-5.6137946"><ele>27.7</ele><time>2026-09-12T09:38:53.000Z</time></trkpt>
      <trkpt lat="57.4152158" lon="-5.6139131"><ele>26.0</ele><time>2026-09-12T09:38:54.000Z</time></trkpt>
      <trkpt lat="57.4150431" lon="-5.6140283"><ele>28.3</ele><time>2026-09-12T09:38:55.000Z</time></trkpt>
      <trkpt lat="57.4149236" lon="-5.6142392"><ele>31.3</ele><time>2026-09-12T09:38:56.000Z</time></trkpt>
      <trkpt lat="57.4146905" lon="-5.6142868"><ele>30.6</ele><time>2026-09-12T09:38:57.000Z</time></trkpt>
      <trkpt lat="57.4145256" lon="-5.6144312"><ele>30.1</ele><time>2026-09-12T09:38:58.000Z</time></trkpt>
      <trkpt lat="57.4143570" lon="-5.6144618"><ele>22.0</ele><time>2026-09-12T09:38:59.000Z</time></trkpt>
      <trkpt lat="57.4142015" lon="-5.6145444"><ele>28.5</ele><time>2026-09-12T09:39:00.000Z</time></trkpt>
      <trkpt lat="57.4140187" lon="-5.6146373"><ele>30.0</ele><time>2026-09-12T09:39:01.000Z</time></trkpt>
      <trkpt lat="57.4138291" lon="-5.6146999"><ele>26.0</ele><time>2026-09-12T09:39:02.000Z</time></trkpt>
      <trkpt lat="57.4136931" lon="-5.6147976"><ele>35.3</ele><time>2026-09-12T09:39:03.000Z</time></trkpt>
      <trkpt lat="57.4135391" lon="-5.6148292"><ele>39.7</ele><time>2026-09-12T09:39:04.000Z</time></trkpt>
      <trkpt lat="57.4133336" lon="-5.6149337"><ele>38.9</ele><time>2026-09-12T09:39:05.000Z</time></trkpt>
      <trkpt lat="57.4131712" lon="-5.6150002"><ele>31.5</ele><time>2026-09-12T09:39:06.000Z</time></trkpt>
      <trkpt lat="57.4129882" lon="-5.6150863"><ele>32.4</ele><time>2026-09-12T09:39:07.000Z</time></trkpt>
      <trkpt lat="57.4128403" lon="-5.6151920"><ele>35.9</ele><time>2026-09-12T09:39:08.000Z</time></trkpt>
      <trkpt lat="57.4126704" lon="-5.6153008"><ele>29.3</ele><time>2026-09-12T09:39:09.000Z</time></trkpt>
      <trkpt lat="57.4124835" lon="-5.6153878"><ele>26.5</ele><time>2026-09-12T09:39:10.000Z</time></trkpt>
      <trkpt lat="57.4124052" lon="-5.6155803"><ele>27.5</ele><time>2026-09-12T09:39:11.000Z</time></trkpt>
      <trkpt lat="57.4121419" lon="-5.6156372"><ele>29.7</ele><time>2026-09-12T09:39:12.000Z</time></trkpt>
      <trkpt lat="57.4120264" lon="-5.6157822"><ele>27.8</ele><time>2026-09-12T09:39:13.000Z</time></trkpt>
      <trkpt lat="57.4117946" lon="-5.6158746"><ele>27.9</ele><time>2026-09-12T09:39:14.000Z</time></trkpt>
      <trkpt lat="57.4116625" lon="-5.6160481"><ele>31.2</ele><time>2026-09-12T09:39:15.000Z</time></trkpt>
      <trkpt lat="57.4115088" lon="-5.6160919"><ele>34.4</ele><time>2026-09-12T09:39:16.000Z</time></trkpt>
      <trkpt lat="57.4113148" lon="-5.6160859"><ele>35.6</ele><time>2026-09-12T09:39:17.000Z</time></trkpt>
      <trkpt lat="57.4111567" lon="-5.6162926"><ele>38.0</ele><time>2026-09-12T09:39:18.000Z</time></trkpt>
      <trkpt lat="57.4109946" lon="-5.6164604"><ele>36.1</ele><time>2026-09-12T09:39:19.000Z</time></trkpt>
      <trkpt lat="57.4108553" lon="-5.6165734"><ele>37.1</ele><time>2026-09-12T09:39:20.000Z</time></trkpt>
      <trkpt lat="57.4106581" lon="-5.6168059"><ele>36.7</ele><time>2026-09-12T09:39:21.000Z</time></trkpt>
      <trkpt lat="57.4105994" lon="-5.6170043"><ele>39.0</ele><time>2026-09-12T09:39:22.000Z</time></trkpt>
      <trkpt lat="57.4104847" lon="-5.6171390"><ele>31.3</ele><time>2026-09-12T09:39:23.000Z</time></trkpt>
      <trkpt lat="57.4103652" lon="-5.6174700"><ele>37.8</ele><time>2026-09-12T09:39:24.000Z</time></trkpt>
      <trkpt lat="57.4102592" lon="-5.6175723"><ele>36.2</ele><time>2026-09-12T09:39:25.000Z</time></trkpt>
      <trkpt lat="57.4101768" lon="-5.6177649"><ele>37.8</ele><time>2026-09-12T09:39:26.000Z</time></trkpt>
      <trkpt lat="57.4100354" lon="-5.6180207"><ele>50.4</ele><time>2026-09-12T09:39:27.000Z</time></trkpt>
      <trkpt lat="57.4099189" lon="-5.6181940"><ele>49.0</ele><time>2026-09-12T09:39:28.000Z</time></trkpt>
      <trkpt lat="57.4098184" lon="-5.6183455"><ele>46.0</ele><time>2026-09-12T09:39:29.000Z</time></trkpt>
      <trkpt lat="57.4097614" lon="-5.6186225"><ele>46.6</ele><time>2026-09-12T09:39:30.000Z</time></trkpt>
      <trkpt lat="57.4095912" lon="-5.6187045"><ele>44.9</ele><time>2026-09-12T09:39:31.000Z</time></trkpt>
      <trkpt lat="57.4095378" lon="-5.6190212"><ele>46.7</ele><time>2026-09-12T09:39:32.000Z</time></trkpt>
      <trkpt lat="57.4094221" lon="-5.6191072"><ele>43.3</ele><time>2026-09-12T09:39:33.000Z</time></trkpt>
      <trkpt lat="57.4092990" lon="-5.6193001"><ele>39.6</ele><time>2026-09-12T09:39:34.000Z</time></trkpt>
      <trkpt lat="57.4091910" lon="-5.6195312"><ele>46.3</ele><time>2026-09-12T09:39:35.000Z</time></trkpt>
      <trkpt lat="57.4089553" lon="-5.6196279"><ele>44.8</ele><time>2026-09-12T09:39:36.000Z</time></trkpt>
      <trkpt lat="57.4088182" lon="-5.6197726"><ele>46.9</ele><time>2026-09-12T09:39:37.000Z</time></trkpt>
      <trkpt lat="57.4086956" lon="-5.6200641"><ele>44.9</ele><time>2026-09-12T09:39:38.000Z</time></trkpt>
      <trkpt lat="57.4084913" lon="-5.6203235"><ele>51.8</ele><time>2026-09-12T09:39:39.000Z</time></trkpt>
      <trkpt lat="57.4084236" lon="-5.6205828"><ele>52.6</ele><time>2026-09-12T09:39:40.000Z</time></trkpt>
      <trkpt lat="57.4084131" lon="-5.6208157"><ele>48.5</ele><time>2026-09-12T09:39:41.000Z</time></trkpt>
      <trkpt lat="57.4083522" lon="-5.6211520"><ele>56.1</ele><time>2026-09-12T09:39:42.000Z</time></trkpt>
      <trkpt lat="57.4083677" lon="-5.6213911"><ele>60.6</ele><time>2026-09-12T09:39:43.000Z</time></trkpt>
      <trkpt lat="57.4083827" lon="-5.6216481"><ele>68.1</ele><time>2026-09-12T09:39:44.000Z</time></trkpt>
      <trkpt lat="57.4083164" lon="-5.6220418"><ele>68.6</ele><time>2026-09-12T09:39:45.000Z</time></trkpt>
      <trkpt lat="57.4083052" lon="-5.6222592"><ele>68.9</ele><time>2026-09-12T09:39:46.000Z</time></trkpt>
      <trkpt lat="57.4082680" lon="-5.6226089"><ele>72.6</ele><time>2026-09-12T09:39:47.000Z</time></trkpt>
      <trkpt lat="57.4083029" lon="-5.6229341"><ele>75.2</ele><time>2026-09-12T09:39:48.000Z</time></trkpt>
      <trkpt lat="57.4082426" lon="-5.6232393"><ele>73.0</ele><time>2026-09-12T09:39:49.000Z</time></trkpt>
      <trkpt lat="57.4082851" lon="-5.6235983"><ele>74.4</ele><time>2026-09-12T09:39:50.000Z</time></trkpt>
      <trkpt lat="57.4082955" lon="-5.6239039"><ele>70.3</ele><time>2026-09-12T09:39:51.000Z</time></trkpt>
      <trkpt lat="57.4082509" lon="-5.6242057"><ele>58.5</ele><time>2026-09-12T09:39:52.000Z</time></trkpt>
      <trkpt lat="57.4081676" lon="-5.6244805"><ele>57.0</ele><time>2026-09-12T09:39:53.000Z</time></trkpt>
      <trkpt lat="57.4080436" lon="-5.6247225"><ele>60.7</ele><time>2026-09-12T09:39:54.000Z</time></trkpt>
      <trkpt lat="57.4079473" lon="-5.6251686"><ele>67.2</ele><time>2026-09-12T09:39:55.000Z</time></trkpt>
      <trkpt lat="57.4078974" lon="-5.6253840"><ele>71.1</ele><time>2026-09-12T09:39:56.000Z</time></trkpt>
      <trkpt lat="57.4079006" lon="-5.6255625"><ele>79.9</ele><time>2026-09-12T09:39:57.000Z</time></trkpt>
      <trkpt lat="57.4079570" lon="-5.6258584"><ele>84.1</ele><time>2026-09-12T09:39:58.000Z</time></trkpt>
      <trkpt lat="57.4080235" lon="-5.6261042"><ele>85.4</ele><time>2026-09-12T09:39:59.000Z</time></trkpt>
      <trkpt lat="57.4081326" lon="-5.6263913"><ele>81.6</ele><time>2026-09-12T09:40:00.000Z</time></trkpt>
      <trkpt lat="57.4081245" lon="-5.6267317"><ele>82.5</ele><time>2026-09-12T09:40:01.000Z</time></trkpt>
      <trkpt lat="57.4081403" lon="-5.6269621"><ele>82.7</ele><time>2026-09-12T09:40:02.000Z</time></trkpt>
      <trkpt lat="57.4081059" lon="-5.6273483"><ele>88.4</ele><time>2026-09-12T09:40:03.000Z</time></trkpt>
      <trkpt lat="57.4080249" lon="-5.6277248"><ele>86.4</ele><time>2026-09-12T09:40:04.000Z</time></trkpt>
      <trkpt lat="57.4079927" lon="-5.6281004"><ele>93.8</ele><time>2026-09-12T09:40:05.000Z</time></trkpt>
      <trkpt lat="57.4080588" lon="-5.6285082"><ele>89.6</ele><time>2026-09-12T09:40:06.000Z</time></trkpt>
      <trkpt lat="57.4079581" lon="-5.6288995"><ele>96.0</ele><time>2026-09-12T09:40:07.000Z</time></trkpt>
      <trkpt lat="57.4080191" lon="-5.6292291"><ele>93.2</ele><time>2026-09-12T09:40:08.000Z</time></trkpt>
      <trkpt lat="57.4081161" lon="-5.6295513"><ele>92.4</ele><time>2026-09-12T09:40:09.000Z</time></trkpt>
      <trkpt lat="57.4082411" lon="-5.6298678"><ele>95.5</ele><time>2026-09-12T09:40:10.000Z</time></trkpt>
      <trkpt lat="57.4084069" lon="-5.6300582"><ele>84.9</ele><time>2026-09-12T09:40:11.000Z</time></trkpt>
      <trkpt lat="57.4085592" lon="-5.6302055"><ele>81.6</ele><time>2026-09-12T09:40:12.000Z</time></trkpt>
      <trkpt lat="57.4087417" lon="-5.6304528"><ele>78.2</ele><time>2026-09-12T09:40:13.000Z</time></trkpt>
      <trkpt lat="57.4088572" lon="-5.6305826"><ele>89.5</ele><time>2026-09-12T09:40:14.000Z</time></trkpt>
      <trkpt lat="57.4091054" lon="-5.6307122"><ele>96.1</ele><time>2026-09-12T09:40:15.000Z</time></trkpt>
      <trkpt lat="57.4092479" lon="-5.6309411"><ele>102.5</ele><time>2026-09-12T09:40:16.000Z</time></trkpt>
      <trkpt lat="57.4093996" lon="-5.6311006"><ele>96.8</ele><time>2026-09-12T09:40:17.000Z</time></trkpt>
      <trkpt lat="57.4095400" lon="-5.6313718"><ele>102.0</ele><time>2026-09-12T09:40:18.000Z</time></trkpt>
      <trkpt lat="57.4096604" lon="-5.6315798"><ele>107.7</ele><time>2026-09-12T09:40:19.000Z</time></trkpt>
      <trkpt lat="57.4097965" lon="-5.6317357"><ele>109.3</ele><time>2026-09-12T09:40:20.000Z</time></trkpt>
      <trkpt lat="57.4099313" lon="-5.6319866"><ele>106.6</ele><time>2026-09-12T09:40:21.000Z</time></trkpt>
      <trkpt lat="57.4100729" lon="-5.6322310"><ele>106.1</ele><time>2026-09-12T09:40:22.000Z</time></trkpt>
      <trkpt lat="57.4101815" lon="-5.6324507"><ele>115.1</ele><time>2026-09-12T09:40:23.000Z</time></trkpt>
      <trkpt lat="57.4102796" lon="-5.6327673"><ele>114.1</ele><time>2026-09-12T09:40:24.000Z</time></trkpt>
      <trkpt lat="57.4103663" lon="-5.6329759"><ele>118.4</ele><time>2026-09-12T09:40:25.000Z</time></trkpt>
      <trkpt lat="57.4104749" lon="-5.6332281"><ele>121.3</ele><time>2026-09-12T09:40:26.000Z</time></trkpt>
      <trkpt lat="57.4105525" lon="-5.6335886"><ele>119.9</ele><time>2026-09-12T09:40:27.000Z</time></trkpt>
      <trkpt lat="57.4105541" lon="-5.6339714"><ele>121.3</ele><time>2026-09-12T09:40:28.000Z</time></trkpt>
      <trkpt lat="57.4105357" lon="-5.6341677"><ele>119.1</ele><time>2026-09-12T09:40:29.000Z</time></trkpt>
      <trkpt lat="57.4105198" lon="-5.6344028"><ele>112.3</ele><time>2026-09-12T09:40:30.000Z</time></trkpt>
      <trkpt lat="57.4103964" lon="-5.6345281"><ele>114.5</ele><time>2026-09-12T09:40:31.000Z</time></trkpt>
      <trkpt lat="57.4102641" lon="-5.6346604"><ele>116.7</ele><time>2026-09-12T09:40:32.000Z</time></trkpt>
      <trkpt lat="57.4101664" lon="-5.6348947"><ele>114.7</ele><time>2026-09-12T09:40:33.000Z</time></trkpt>
      <trkpt lat="57.4099617" lon="-5.6349187"><ele>111.2</ele><time>2026-09-12T09:40:34.000Z</time></trkpt>
      <trkpt lat="57.4098418" lon="-5.6351342"><ele>105.8</ele><time>2026-09-12T09:40:35.000Z</time></trkpt>
      <trkpt lat="57.4097365" lon="-5.6353339"><ele>109.5</ele><time>2026-09-12T09:40:36.000Z</time></trkpt>
      <trkpt lat="57.4096004" lon="-5.6356590"><ele>117.7</ele><time>2026-09-12T09:40:37.000Z</time></trkpt>
      <trkpt lat="57.4095096" lon="-5.6358807"><ele>116.0</ele><time>2026-09-12T09:40:38.000Z</time></trkpt>
      <trkpt lat="57.4093960" lon="-5.6361681"><ele>114.3</ele><time>2026-09-12T09:40:39.000Z</time></trkpt>
      <trkpt lat="57.4093202" lon="-5.6364385"><ele>113.8</ele><time>2026-09-12T09:40:40.000Z</time></trkpt>
      <trkpt lat="57.4091895" lon="-5.6367711"><ele>108.4</ele><time>2026-09-12T09:40:41.000Z</time></trkpt>
      <trkpt lat="57.4090850" lon="-5.6369811"><ele>111.6</ele><time>2026-09-12T09:40:42.000Z</time></trkpt>
      <trkpt lat="57.4089016" lon="-5.6372389"><ele>111.3</ele><time>2026-09-12T09:40:43.000Z</time></trkpt>
      <trkpt lat="57.4088296" lon="-5.6374673"><ele>113.9</ele><time>2026-09-12T09:40:44.000Z</time></trkpt>
      <trkpt lat="57.4087108" lon="-5.6378055"><ele>117.7</ele><time>2026-09-12T09:40:45.000Z</time></trkpt>
      <trkpt lat="57.4086277" lon="-5.6381222"><ele>114.7</ele><time>2026-09-12T09:40:46.000Z</time></trkpt>
      <trkpt lat="57.4085819" lon="-5.6382858"><ele>122.3</ele><time>2026-09-12T09:40:47.000Z</time></trkpt>
      <trkpt lat="57.4085558" lon="-5.6386715"><ele>116.9</ele><time>2026-09-12T09:40:48.000Z</time></trkpt>
      <trkpt lat="57.4086151" lon="-5.6389228"><ele>127.8</ele><time>2026-09-12T09:40:49.000Z</time></trkpt>
      <trkpt lat="57.4086296" lon="-5.6391074"><ele>136.5</ele><time>2026-09-12T09:40:50.000Z</time></trkpt>
      <trkpt lat="57.4087026" lon="-5.6394026"><ele>135.2</ele><time>2026-09-12T09:40:51.000Z</time></trkpt>
      <trkpt lat="57.4087213" lon="-5.6397059"><ele>130.5</ele><time>2026-09-12T09:40:52.000Z</time></trkpt>
      <trkpt lat="57.4088201" lon="-5.6399691"><ele>137.5</ele><time>2026-09-12T09:40:53.000Z</time></trkpt>
      <trkpt lat="57.4089330" lon="-5.6403012"><ele>136.8</ele><time>2026-09-12T09:40:54.000Z</time></trkpt>
      <trkpt lat="57.4089502" lon="-5.6406187"><ele>133.2</ele><time>2026-09-12T09:40:55.000Z</time></trkpt>
      <trkpt lat="57.4090151" lon="-5.6410059"><ele>133.1</ele><time>2026-09-12T09:40:56.000Z</time></trkpt>
      <trkpt lat="57.4090953" lon="-5.6412408"><ele>135.3</ele><time>2026-09-12T09:40:57.000Z</time></trkpt>
      <trkpt lat="57.4091728" lon="-5.6416671"><ele>137.9</ele><time>2026-09-12T09:40:58.000Z</time></trkpt>
      <trkpt lat="57.4092369" lon="-5.6419325"><ele>131.7</ele><time>2026-09-12T09:40:59.000Z</time></trkpt>
      <trkpt lat="57.4092802" lon="-5.6422758"><ele>130.3</ele><time>2026-09-12T09:41:00.000Z</time></trkpt>
      <trkpt lat="57.4093786" lon="-5.6426224"><ele>131.0</ele><time>2026-09-12T09:41:01.000Z</time></trkpt>
      <trkpt lat="57.4094361" lon="-5.6429089"><ele>125.6</ele><time>2026-09-12T09:41:02.000Z</time></trkpt>
      <trkpt lat="57.4095072" lon="-5.6432929"><ele>121.1</ele><time>2026-09-12T09:41:03.000Z</time></trkpt>
      <trkpt lat="57.4096002" lon="-5.6434767"><ele>115.2</ele><time>2026-09-12T09:41:04.000Z</time></trkpt>
      <trkpt lat="57.4096458" lon="-5.6437182"><ele>123.5</ele><time>2026-09-12T09:41:05.000Z</time></trkpt>
      <trkpt lat="57.4097059" lon="-5.6441383"><ele>134.5</ele><time>2026-09-12T09:41:06.000Z</time></trkpt>
      <trkpt lat="57.4097648" lon="-5.6443961"><ele>135.8</ele><time>2026-09-12T09:41:07.000Z</time></trkpt>
      <trkpt lat="57.4097562" lon="-5.6446448"><ele>132.5</ele><time>2026-09-12T09:41:08.000Z</time></trkpt>
      <trkpt lat="57.4097352" lon="-5.6447510"><ele>139.5</ele><time>2026-09-12T09:41:09.000Z</time></trkpt>
      <trkpt lat="57.4095800" lon="-5.6447353"><ele>139.8</ele><time>2026-09-12T09:41:10.000Z</time></trkpt>
      <trkpt lat="57.4094445" lon="-5.6447466"><ele>138.2</ele><time>2026-09-12T09:41:11.000Z</time></trkpt>
      <trkpt lat="57.4092924" lon="-5.6447317"><ele>132.8</ele><time>2026-09-12T09:41:12.000Z</time></trkpt>
      <trkpt lat="57.4091062" lon="-5.6446266"><ele>133.8</ele><time>2026-09-12T09:41:13.000Z</time></trkpt>
      <trkpt lat="57.4089265" lon="-5.6446081"><ele>132.7</ele><time>2026-09-12T09:41:14.000Z</time></trkpt>
      <trkpt lat="57.4087154" lon="-5.6443823"><ele>128.2</ele><time>2026-09-12T09:41:15.000Z</time></trkpt>
      <trkpt lat="57.4084329" lon="-5.6443380"><ele>133.5</ele><time>2026-09-12T09:41:16.000Z</time></trkpt>
      <trkpt lat="57.4082127" lon="-5.6440995"><ele>135.9</ele><time>2026-09-12T09:41:17.000Z</time></trkpt>
      <trkpt lat="57.4079597" lon="-5.6440477"><ele>144.2</ele><time>2026-09-12T09:41:18.000Z</time></trkpt>
      <trkpt lat="57.4077881" lon="-5.6438729"><ele>143.0</ele><time>2026-09-12T09:41:19.000Z</time></trkpt>
      <trkpt lat="57.4075816" lon="-5.6439337"><ele>144.5</ele><time>2026-09-12T09:41:20.000Z</time></trkpt>
      <trkpt lat="57.4074094" lon="-5.6439896"><ele>144.5</ele><time>2026-09-12T09:41:21.000Z</time></trkpt>
      <trkpt lat="57.4072462" lon="-5.6441042"><ele>145.9</ele><time>2026-09-12T09:41:22.000Z</time></trkpt>
      <trkpt lat="57.4070621" lon="-5.6442005"><ele>148.7</ele><time>2026-09-12T09:41:23.000Z</time></trkpt>
      <trkpt lat="57.4068987" lon="-5.6442031"><ele>150.4</ele><time>2026-09-12T09:41:24.000Z</time></trkpt>
      <trkpt lat="57.4066468" lon="-5.6441896"><ele>151.4</ele><time>2026-09-12T09:41:25.000Z</time></trkpt>
      <trkpt lat="57.4064023" lon="-5.6443502"><ele>147.9</ele><time>2026-09-12T09:41:26.000Z</time></trkpt>
      <trkpt lat="57.4062271" lon="-5.6442387"><ele>150.3</ele><time>2026-09-12T09:41:27.000Z</time></trkpt>
      <trkpt lat="57.4059952" lon="-5.6443006"><ele>150.2</ele><time>2026-09-12T09:41:28.000Z</time></trkpt>
      <trkpt lat="57.4057527" lon="-5.6443800"><ele>145.3</ele><time>2026-09-12T09:41:29.000Z</time></trkpt>
      <trkpt lat="57.4055354" lon="-5.6445089"><ele>145.5</ele><time>2026-09-12T09:41:30.000Z</time></trkpt>
      <trkpt lat="57.4052878" lon="-5.6444953"><ele>143.2</ele><time>2026-09-12T09:41:31.000Z</time></trkpt>
      <trkpt lat="57.4050876" lon="-5.6446702"><ele>145.8</ele><time>2026-09-12T09:41:32.000Z</time></trkpt>
      <trkpt lat="57.4048194" lon="-5.6447332"><ele>144.6</ele><time>2026-09-12T09:41:33.000Z</time></trkpt>
      <trkpt lat="57.4046053" lon="-5.6450047"><ele>151.5</ele><time>2026-09-12T09:41:34.000Z</time></trkpt>
      <trkpt lat="57.4044507" lon="-5.6451570"><ele>159.5</ele><time>2026-09-12T09:41:35.000Z</time></trkpt>
      <trkpt lat="57.4043224" lon="-5.6453368"><ele>163.1</ele><time>2026-09-12T09:41:36.000Z</time></trkpt>
      <trkpt lat="57.4043373" lon="-5.6456090"><ele>167.7</ele><time>2026-09-12T09:41:37.000Z</time></trkpt>
      <trkpt lat="57.4043189" lon="-5.6458881"><ele>169.8</ele><time>2026-09-12T09:41:38.000Z</time></trkpt>
      <trkpt lat="57.4043214" lon="-5.6460874"><ele>173.0</ele><time>2026-09-12T09:41:39.000Z</time></trkpt>
      <trkpt lat="57.4042027" lon="-5.6463356"><ele>175.9</ele><time>2026-09-12T09:41:40.000Z</time></trkpt>
      <trkpt lat="57.4040186" lon="-5.6464674"><ele>172.0</ele><time>2026-09-12T09:41:41.000Z</time></trkpt>
      <trkpt lat="57.4038697" lon="-5.6466783"><ele>167.3</ele><time>2026-09-12T09:41:42.000Z</time></trkpt>
      <trkpt lat="57.4036660" lon="-5.6468689"><ele>173.0</ele><time>2026-09-12T09:41:43.000Z</time></trkpt>
      <trkpt lat="57.4034402" lon="-5.6469950"><ele>172.8</ele><time>2026-09-12T09:41:44.000Z</time></trkpt>
      <trkpt lat="57.4032641" lon="-5.6472599"><ele>166.7</ele><time>2026-09-12T09:41:45.000Z</time></trkpt>
      <trkpt lat="57.4030437" lon="-5.6474048"><ele>168.7</ele><time>2026-09-12T09:41:46.000Z</time></trkpt>
      <trkpt lat="57.4028723" lon="-5.6477133"><ele>166.5</ele><time>2026-09-12T09:41:47.000Z</time></trkpt>
      <trkpt lat="57.4027677" lon="-5.6479237"><ele>170.2</ele><time>2026-09-12T09:41:48.000Z</time></trkpt>
      <trkpt lat="57.4026479" lon="-5.6482279"><ele>171.1</ele><time>2026-09-12T09:41:49.000Z</time></trkpt>
      <trkpt lat="57.4025484" lon="-5.6485305"><ele>170.0</ele><time>2026-09-12T09:41:50.000Z</time></trkpt>
      <trkpt lat="57.4024352" lon="-5.6486892"><ele>175.7</ele><time>2026-09-12T09:41:51.000Z</time></trkpt>
      <trkpt lat="57.4022227" lon="-5.6489782"><ele>182.0</ele><time>2026-09-12T09:41:52.000Z</time></trkpt>
      <trkpt lat="57.4020201" lon="-5.6490791"><ele>178.7</ele><time>2026-09-12T09:41:53.000Z</time></trkpt>
      <trkpt lat="57.4017819" lon="-5.6492230"><ele>180.0</ele><time>2026-09-12T09:41:54.000Z</time></trkpt>
      <trkpt lat="57.4015944" lon="-5.6490941"><ele>185.7</ele><time>2026-09-12T09:41:55.000Z</time></trkpt>
      <trkpt lat="57.4014078" lon="-5.6491974"><ele>184.0</ele><time>2026-09-12T09:41:56.000Z</time></trkpt>
      <trkpt lat="57.4011454" lon="-5.6492198"><ele>186.7</ele><time>2026-09-12T09:41:57.000Z</time></trkpt>
      <trkpt lat="57.4009422" lon="-5.6493820"><ele>185.9</ele><time>2026-09-12T09:41:58.000Z</time></trkpt>
      <trkpt lat="57.4007448" lon="-5.6497124"><ele>193.1</ele><time>2026-09-12T09:41:59.000Z</time></trkpt>
      <trkpt lat="57.4007062" lon="-5.6498266"><ele>193.7</ele><time>2026-09-12T09:42:00.000Z</time></trkpt>
      <trkpt lat="57.4007023" lon="-5.6501023"><ele>193.3</ele><time>2026-09-12T09:42:01.000Z</time></trkpt>
      <trkpt lat="57.4007208" lon="-5.6503161"><ele>189.7</ele><time>2026-09-12T09:42:02.000Z</time></trkpt>
      <trkpt lat="57.4008306" lon="-5.6506007"><ele>197.4</ele><time>2026-09-12T09:42:03.000Z</time></trkpt>
      <trkpt lat="57.4010061" lon="-5.6506883"><ele>205.5</ele><time>2026-09-12T09:42:04.000Z</time></trkpt>
      <trkpt lat="57.4011739" lon="-5.6507817"><ele>211.6</ele><time>2026-09-12T09:42:05.000Z</time></trkpt>
      <trkpt lat="57.4013341" lon="-5.6508459"><ele>218.6</ele><time>2026-09-12T09:42:06.000Z</time></trkpt>
      <trkpt lat="57.4015240" lon="-5.6509897"><ele>221.2</ele><time>2026-09-12T09:42:07.000Z</time></trkpt>
      <trkpt lat="57.4017186" lon="-5.6508827"><ele>225.4</ele><time>2026-09-12T09:42:08.000Z</time></trkpt>
      <trkpt lat="57.4018746" lon="-5.6508990"><ele>230.3</ele><time>2026-09-12T09:42:09.000Z</time></trkpt>
      <trkpt lat="57.4020130" lon="-5.6510023"><ele>235.6</ele><time>2026-09-12T09:42:10.000Z</time></trkpt>
      <trkpt lat="57.4022316" lon="-5.6509970"><ele>232.8</ele><time>2026-09-12T09:42:11.000Z</time></trkpt>
      <trkpt lat="57.4023485" lon="-5.6510827"><ele>225.9</ele><time>2026-09-12T09:42:12.000Z</time></trkpt>
      <trkpt lat="57.4025176" lon="-5.6511605"><ele>230.1</ele><time>2026-09-12T09:42:13.000Z</time></trkpt>
      <trkpt lat="57.4026379" lon="-5.6512857"><ele>229.5</ele><time>2026-09-12T09:42:14.000Z</time></trkpt>
      <trkpt lat="57.4027007" lon="-5.6515700"><ele>239.7</ele><time>2026-09-12T09:42:15.000Z</time></trkpt>
      <trkpt lat="57.4027867" lon="-5.6517450"><ele>238.4</ele><time>2026-09-12T09:42:16.000Z</time></trkpt>
      <trkpt lat="57.4027621" lon="-5.6519982"><ele>236.7</ele><time>2026-09-12T09:42:17.000Z</time></trkpt>
      <trkpt lat="57.4027945" lon="-5.6522984"><ele>241.8</ele><time>2026-09-12T09:42:18.000Z</time></trkpt>
      <trkpt lat="57.4027409" lon="-5.6526269"><ele>238.2</ele><time>2026-09-12T09:42:19.000Z</time></trkpt>
      <trkpt lat="57.4027178" lon="-5.6529035"><ele>242.2</ele><time>2026-09-12T09:42:20.000Z</time></trkpt>
      <trkpt lat="57.4025611" lon="-5.6532239"><ele>239.0</ele><time>2026-09-12T09:42:21.000Z</time></trkpt>
      <trkpt lat="57.4024572" lon="-5.6536354"><ele>233.1</ele><time>2026-09-12T09:42:22.000Z</time></trkpt>
      <trkpt lat="57.4023745" lon="-5.6539575"><ele>231.0</ele><time>2026-09-12T09:42:23.000Z</time></trkpt>
      <trkpt lat="57.4022654" lon="-5.6543335"><ele>237.4</ele><time>2026-09-12T09:42:24.000Z</time></trkpt>
      <trkpt lat="57.4021934" lon="-5.6548031"><ele>237.3</ele><time>2026-09-12T09:42:25.000Z</time></trkpt>
      <trkpt lat="57.4021159" lon="-5.6550850"><ele>232.1</ele><time>2026-09-12T09:42:26.000Z</time></trkpt>
      <trkpt lat="57.4020901" lon="-5.6554224"><ele>237.3</ele><time>2026-09-12T09:42:27.000Z</time></trkpt>
      <trkpt lat="57.4021677" lon="-5.6557869"><ele>231.0</ele><time>2026-09-12T09:42:28.000Z</time></trkpt>
      <trkpt lat="57.4023006" lon="-5.6560247"><ele>237.7</ele><time>2026-09-12T09:42:29.000Z</time></trkpt>
      <trkpt lat="57.4024474" lon="-5.6562659"><ele>233.1</ele><time>2026-09-12T09:42:30.000Z</time></trkpt>
      <trkpt lat="57.4025656" lon="-5.6564498"><ele>228.1</ele><time>2026-09-12T09:42:31.000Z</time></trkpt>
      <trkpt lat="57.4027393" lon="-5.6568183"><ele>236.2</ele><time>2026-09-12T09:42:32.000Z</time></trkpt>
      <trkpt lat="57.4028786" lon="-5.6569748"><ele>226.6</ele><time>2026-09-12T09:42:33.000Z</time></trkpt>
      <trkpt lat="57.4030223" lon="-5.6572446"><ele>230.7</ele><time>2026-09-12T09:42:34.000Z</time></trkpt>
      <trkpt lat="57.4031402" lon="-5.6574703"><ele>232.9</ele><time>2026-09-12T09:42:35.000Z</time></trkpt>
      <trkpt lat="57.4033176" lon="-5.6577833"><ele>234.9</ele><time>2026-09-12T09:42:36.000Z</time></trkpt>
      <trkpt lat="57.4034507" lon="-5.6579937"><ele>237.0</ele><time>2026-09-12T09:42:37.000Z</time></trkpt>
      <trkpt lat="57.4036457" lon="-5.6581970"><ele>237.2</ele><time>2026-09-12T09:42:38.000Z</time></trkpt>
      <trkpt lat="57.4037559" lon="-5.6584169"><ele>240.5</ele><time>2026-09-12T09:42:39.000Z</time></trkpt>
      <trkpt lat="57.4038566" lon="-5.6586987"><ele>243.3</ele><time>2026-09-12T09:42:40.000Z</time></trkpt>
      <trkpt lat="57.4039874" lon="-5.6589817"><ele>244.1</ele><time>2026-09-12T09:42:41.000Z</time></trkpt>
      <trkpt lat="57.4040356" lon="-5.6594098"><ele>241.3</ele><time>2026-09-12T09:42:42.000Z</time></trkpt>
      <trkpt lat="57.4041280" lon="-5.6597676"><ele>236.0</ele><time>2026-09-12T09:42:43.000Z</time></trkpt>
      <trkpt lat="57.4041875" lon="-5.6603329"><ele>241.9</ele><time>2026-09-12T09:42:44.000Z</time></trkpt>
      <trkpt lat="57.4043182" lon="-5.6605590"><ele>244.3</ele><time>2026-09-12T09:42:45.000Z</time></trkpt>
      <trkpt lat="57.4044215" lon="-5.6607015"><ele>247.1</ele><time>2026-09-12T09:42:46.000Z</time></trkpt>
      <trkpt lat="57.4045820" lon="-5.6608978"><ele>231.4</ele><time>2026-09-12T09:42:47.000Z</time></trkpt>
      <trkpt lat="57.4047528" lon="-5.6611044"><ele>232.9</ele><time>2026-09-12T09:42:48.000Z</time></trkpt>
      <trkpt lat="57.4048575" lon="-5.6612129"><ele>241.3</ele><time>2026-09-12T09:42:49.000Z</time></trkpt>
      <trkpt lat="57.4049625" lon="-5.6613576"><ele>243.9</ele><time>2026-09-12T09:42:50.000Z</time></trkpt>
      <trkpt lat="57.4050896" lon="-5.6614726"><ele>256.8</ele><time>2026-09-12T09:42:51.000Z</time></trkpt>
      <trkpt lat="57.4051758" lon="-5.6617039"><ele>261.3</ele><time>2026-09-12T09:42:52.000Z</time></trkpt>
      <trkpt lat="57.4052583" lon="-5.6618826"><ele>261.2</ele><time>2026-09-12T09:42:53.000Z</time></trkpt>
      <trkpt lat="57.4053693" lon="-5.6621093"><ele>265.9</ele><time>2026-09-12T09:42:54.000Z</time></trkpt>
      <trkpt lat="57.4054425" lon="-5.6625102"><ele>257.5</ele><time>2026-09-12T09:42:55.000Z</time></trkpt>
      <trkpt lat="57.4055355" lon="-5.6628695"><ele>249.6</ele><time>2026-09-12T09:42:56.000Z</time></trkpt>
      <trkpt lat="57.4055443" lon="-5.6631918"><ele>260.0</ele><time>2026-09-12T09:42:57.000Z</time></trkpt>
      <trkpt lat="57.4056995" lon="-5.6635420"><ele>256.6</ele><time>2026-09-12T09:42:58.000Z</time></trkpt>
      <trkpt lat="57.4057542" lon="-5.6638511"><ele>259.4</ele><time>2026-09-12T09:42:59.000Z</time></trkpt>
      <trkpt lat="57.4058538" lon="-5.6642022"><ele>250.7</ele><time>2026-09-12T09:43:00.000Z</time></trkpt>
      <trkpt lat="57.4059134" lon="-5.6644862"><ele>258.6</ele><time>2026-09-12T09:43:01.000Z</time></trkpt>
      <trkpt lat="57.4060423" lon="-5.6646925"><ele>264.8</ele><time>2026-09-12T09:43:02.000Z</time></trkpt>
      <trkpt lat="57.4061358" lon="-5.6650369"><ele>271.8</ele><time>2026-09-12T09:43:03.000Z</time></trkpt>
      <trkpt lat="57.4061750" lon="-5.6651604"><ele>280.4</ele><time>2026-09-12T09:43:04.000Z</time></trkpt>
      <trkpt lat="57.4062093" lon="-5.6656199"><ele>284.3</ele><time>2026-09-12T09:43:05.000Z</time></trkpt>
      <trkpt lat="57.4062633" lon="-5.6660698"><ele>278.9</ele><time>2026-09-12T09:43:06.000Z</time></trkpt>
      <trkpt lat="57.4063607" lon="-5.6663930"><ele>281.4</ele><time>2026-09-12T09:43:07.000Z</time></trkpt>
      <trkpt lat="57.4063855" lon="-5.6667001"><ele>275.0</ele><time>2026-09-12T09:43:08.000Z</time></trkpt>
      <trkpt lat="57.4064805" lon="-5.6670103"><ele>271.7</ele><time>2026-09-12T09:43:09.000Z</time></trkpt>
      <trkpt lat="57.4065061" lon="-5.6673254"><ele>282.3</ele><time>2026-09-12T09:43:10.000Z</time></trkpt>
      <trkpt lat="57.4066109" lon="-5.6676024"><ele>284.9</ele><time>2026-09-12T09:43:11.000Z</time></trkpt>
      <trkpt lat="57.4066790" lon="-5.6677860"><ele>282.5</ele><time>2026-09-12T09:43:12.000Z</time></trkpt>
      <trkpt lat="57.4067239" lon="-5.6681767"><ele>283.7</ele><time>2026-09-12T09:43:13.000Z</time></trkpt>
      <trkpt lat="57.4067799" lon="-5.6686028"><ele>294.8</ele><time>2026-09-12T09:43:14.000Z</time></trkpt>
      <trkpt lat="57.4067880" lon="-5.6689766"><ele>292.9</ele><time>2026-09-12T09:43:15.000Z</time></trkpt>
      <trkpt lat="57.4068799" lon="-5.6693438"><ele>290.7</ele><time>2026-09-12T09:43:16.000Z</time></trkpt>
      <trkpt lat="57.4068914" lon="-5.6696160"><ele>297.0</ele><time>2026-09-12T09:43:17.000Z</time></trkpt>
      <trkpt lat="57.4069328" lon="-5.6700731"><ele>305.9</ele><time>2026-09-12T09:43:18.000Z</time></trkpt>
      <trkpt lat="57.4070135" lon="-5.6703354"><ele>300.0</ele><time>2026-09-12T09:43:19.000Z</time></trkpt>
      <trkpt lat="57.4070683" lon="-5.6705590"><ele>303.4</ele><time>2026-09-12T09:43:20.000Z</time></trkpt>
      <trkpt lat="57.4071337" lon="-5.6708779"><ele>310.7</ele><time>2026-09-12T09:43:21.000Z</time></trkpt>
      <trkpt lat="57.4071551" lon="-5.6710809"><ele>311.2</ele><time>2026-09-12T09:43:22.000Z</time></trkpt>
      <trkpt lat="57.4071577" lon="-5.6713718"><ele>318.9</ele><time>2026-09-12T09:43:23.000Z</time></trkpt>
      <trkpt lat="57.4072314" lon="-5.6716465"><ele>327.9</ele><time>2026-09-12T09:43:24.000Z</time></trkpt>
      <trkpt lat="57.4072568" lon="-5.6718906"><ele>328.3</ele><time>2026-09-12T09:43:25.000Z</time></trkpt>
      <trkpt lat="57.4073159" lon="-5.6720408"><ele>329.1</ele><time>2026-09-12T09:43:26.000Z</time></trkpt>
      <trkpt lat="57.4073543" lon="-5.6722437"><ele>334.8</ele><time>2026-09-12T09:43:27.000Z</time></trkpt>
      <trkpt lat="57.4074212" lon="-5.6724950"><ele>349.6</ele><time>2026-09-12T09:43:28.000Z</time></trkpt>
      <trkpt lat="57.4073894" lon="-5.6727070"><ele>352.9</ele><time>2026-09-12T09:43:29.000Z</time></trkpt>
      <trkpt lat="57.4074454" lon="-5.6730216"><ele>348.6</ele><time>2026-09-12T09:43:30.000Z</time></trkpt>
      <trkpt lat="57.4074623" lon="-5.6732970"><ele>345.7</ele><time>2026-09-12T09:43:31.000Z</time></trkpt>
      <trkpt lat="57.4075272" lon="-5.6736339"><ele>347.9</ele><time>2026-09-12T09:43:32.000Z</time></trkpt>
      <trkpt lat="57.4075443" lon="-5.6738813"><ele>348.5</ele><time>2026-09-12T09:43:33.000Z</time></trkpt>
      <trkpt lat="57.4075666" lon="-5.6740642"><ele>349.5</ele><time>2026-09-12T09:43:34.000Z</time></trkpt>
      <trkpt lat="57.4076044" lon="-5.6744123"><ele>354.5</ele><time>2026-09-12T09:43:35.000Z</time></trkpt>
      <trkpt lat="57.4076915" lon="-5.6747127"><ele>365.7</ele><time>2026-09-12T09:43:36.000Z</time></trkpt>
      <trkpt lat="57.4076856" lon="-5.6750484"><ele>368.2</ele><time>2026-09-12T09:43:37.000Z</time></trkpt>
      <trkpt lat="57.4077099" lon="-5.6754492"><ele>371.0</ele><time>2026-09-12T09:43:38.000Z</time></trkpt>
      <trkpt lat="57.4077430" lon="-5.6757484"><ele>374.4</ele><time>2026-09-12T09:43:39.000Z</time></trkpt>
      <trkpt lat="57.4077796" lon="-5.6759572"><ele>372.1</ele><time>2026-09-12T09:43:40.000Z</time></trkpt>
      <trkpt lat="57.4077850" lon="-5.6762606"><ele>379.3</ele><time>2026-09-12T09:43:41.000Z</time></trkpt>
      <trkpt lat="57.4078598" lon="-5.6765043"><ele>383.6</ele><time>2026-09-12T09:43:42.000Z</time></trkpt>
      <trkpt lat="57.4078468" lon="-5.6767466"><ele>389.0</ele><time>2026-09-12T09:43:43.000Z</time></trkpt>
      <trkpt lat="57.4078256" lon="-5.6769450"><ele>387.3</ele><time>2026-09-12T09:43:44.000Z</time></trkpt>
      <trkpt lat="57.4078305" lon="-5.6771820"><ele>390.6</ele><time>2026-09-12T09:43:45.000Z</time></trkpt>
      <trkpt lat="57.4078955" lon="-5.6774800"><ele>385.9</ele><time>2026-09-12T09:43:46.000Z</time></trkpt>
      <trkpt lat="57.4079158" lon="-5.6777680"><ele>393.2</ele><time>2026-09-12T09:43:47.000Z</time></trkpt>
      <trkpt lat="57.4079478" lon="-5.6780504"><ele>399.3</ele><time>2026-09-12T09:43:48.000Z</time></trkpt>
      <trkpt lat="57.4079518" lon="-5.6782802"><ele>394.8</ele><time>2026-09-12T09:43:49.000Z</time></trkpt>
      <trkpt lat="57.4079484" lon="-5.6785818"><ele>405.4</ele><time>2026-09-12T09:43:50.000Z</time></trkpt>
      <trkpt lat="57.4079439" lon="-5.6788851"><ele>396.0</ele><time>2026-09-12T09:43:51.000Z</time></trkpt>
      <trkpt lat="57.4079587" lon="-5.6791224"><ele>396.1</ele><time>2026-09-12T09:43:52.000Z</time></trkpt>
      <trkpt lat="57.4079282" lon="-5.6794940"><ele>403.7</ele><time>2026-09-12T09:43:53.000Z</time></trkpt>
      <trkpt lat="57.4078830" lon="-5.6799538"><ele>408.7</ele><time>2026-09-12T09:43:54.000Z</time></trkpt>
      <trkpt lat="57.4078864" lon="-5.6801183"><ele>408.6</ele><time>2026-09-12T09:43:55.000Z</time></trkpt>
      <trkpt lat="57.4078862" lon="-5.6804410"><ele>421.3</ele><time>2026-09-12T09:43:56.000Z</time></trkpt>
      <trkpt lat="57.4078912" lon="-5.6806857"><ele>430.7</ele><time>2026-09-12T09:43:57.000Z</time></trkpt>
      <trkpt lat="57.4078447" lon="-5.6809387"><ele>440.8</ele><time>2026-09-12T09:43:58.000Z</time></trkpt>
      <trkpt lat="57.4078051" lon="-5.6811524"><ele>445.3</ele><time>2026-09-12T09:43:59.000Z</time></trkpt>
      <trkpt lat="57.4077413" lon="-5.6814017"><ele>441.2</ele><time>2026-09-12T09:44:00.000Z</time></trkpt>
      <trkpt lat="57.4076877" lon="-5.6816130"><ele>440.5</ele><time>2026-09-12T09:44:01.000Z</time></trkpt>
      <trkpt lat="57.4075782" lon="-5.6818791"><ele>437.2</ele><time>2026-09-12T09:44:02.000Z</time></trkpt>
      <trkpt lat="57.4075359" lon="-5.6821117"><ele>437.2</ele><time>2026-09-12T09:44:03.000Z</time></trkpt>
      <trkpt lat="57.4074605" lon="-5.6823582"><ele>433.9</ele><time>2026-09-12T09:44:04.000Z</time></trkpt>
      <trkpt lat="57.4074179" lon="-5.6826729"><ele>433.6</ele><time>2026-09-12T09:44:05.000Z</time></trkpt>
      <trkpt lat="57.4073113" lon="-5.6829794"><ele>431.6</ele><time>2026-09-12T09:44:06.000Z</time></trkpt>
      <trkpt lat="57.4072674" lon="-5.6832951"><ele>434.3</ele><time>2026-09-12T09:44:07.000Z</time></trkpt>
      <trkpt lat="57.4071843" lon="-5.6836300"><ele>442.4</ele><time>2026-09-12T09:44:08.000Z</time></trkpt>
      <trkpt lat="57.4071648" lon="-5.6838540"><ele>450.3</ele><time>2026-09-12T09:44:09.000Z</time></trkpt>
      <trkpt lat="57.4071322" lon="-5.6842536"><ele>458.4</ele><time>2026-09-12T09:44:10.000Z</time></trkpt>
      <trkpt lat="57.4071144" lon="-5.6844014"><ele>470.8</ele><time>2026-09-12T09:44:11.000Z</time></trkpt>
      <trkpt lat="57.4070612" lon="-5.6846600"><ele>466.6</ele><time>2026-09-12T09:44:12.000Z</time></trkpt>
      <trkpt lat="57.4070320" lon="-5.6849470"><ele>469.7</ele><time>2026-09-12T09:44:13.000Z</time></trkpt>
      <trkpt lat="57.4070540" lon="-5.6853910"><ele>458.8</ele><time>2026-09-12T09:44:14.000Z</time></trkpt>
      <trkpt lat="57.4070096" lon="-5.6857373"><ele>458.0</ele><time>2026-09-12T09:44:15.000Z</time></trkpt>
      <trkpt lat="57.4070463" lon="-5.6861095"><ele>461.8</ele><time>2026-09-12T09:44:16.000Z</time></trkpt>
      <trkpt lat="57.4071098" lon="-5.6864109"><ele>461.2</ele><time>2026-09-12T09:44:17.000Z</time></trkpt>
      <trkpt lat="57.4071568" lon="-5.6865164"><ele>465.6</ele><time>2026-09-12T09:44:18.000Z</time></trkpt>
      <trkpt lat="57.4072849" lon="-5.6867655"><ele>459.5</ele><time>2026-09-12T09:44:19.000Z</time></trkpt>
      <trkpt lat="57.4074296" lon="-5.6869252"><ele>466.6</ele><time>2026-09-12T09:44:20.000Z</time></trkpt>
      <trkpt lat="57.4074492" lon="-5.6871226"><ele>468.5</ele><time>2026-09-12T09:44:21.000Z</time></trkpt>
      <trkpt lat="57.4075739" lon="-5.6874411"><ele>473.9</ele><time>2026-09-12T09:44:22.000Z</time></trkpt>
      <trkpt lat="57.4076102" lon="-5.6877149"><ele>478.9</ele><time>2026-09-12T09:44:23.000Z</time></trkpt>
      <trkpt lat="57.4077135" lon="-5.6881519"><ele>485.7</ele><time>2026-09-12T09:44:24.000Z</time></trkpt>
      <trkpt lat="57.4077548" lon="-5.6885551"><ele>488.4</ele><time>2026-09-12T09:44:25.000Z</time></trkpt>
      <trkpt lat="57.4077885" lon="-5.6889385"><ele>490.4</ele><time>2026-09-12T09:44:26.000Z</time></trkpt>
      <trkpt lat="57.4078981" lon="-5.6892120"><ele>491.9</ele><time>2026-09-12T09:44:27.000Z</time></trkpt>
      <trkpt lat="57.4079985" lon="-5.6894513"><ele>497.1</ele><time>2026-09-12T09:44:28.000Z</time></trkpt>
      <trkpt lat="57.4081189" lon="-5.6895772"><ele>505.2</ele><time>2026-09-12T09:44:29.000Z</time></trkpt>
      <trkpt lat="57.4082337" lon="-5.6898881"><ele>503.5</ele><time>2026-09-12T09:44:30.000Z</time></trkpt>
      <trkpt lat="57.4083783" lon="-5.6901036"><ele>505.1</ele><time>2026-09-12T09:44:31.000Z</time></trkpt>
      <trkpt lat="57.4084965" lon="-5.6902658"><ele>506.7</ele><time>2026-09-12T09:44:32.000Z</time></trkpt>
      <trkpt lat="57.4086223" lon="-5.6904522"><ele>504.5</ele><time>2026-09-12T09:44:33.000Z</time></trkpt>
      <trkpt lat="57.4087293" lon="-5.6907019"><ele>506.1</ele><time>2026-09-12T09:44:34.000Z</time></trkpt>
      <trkpt lat="57.4088638" lon="-5.6908964"><ele>506.3</ele><time>2026-09-12T09:44:35.000Z</time></trkpt>
      <trkpt lat="57.4089670" lon="-5.6911125"><ele>516.1</ele><time>2026-09-12T09:44:36.000Z</time></trkpt>
      <trkpt lat="57.4090553" lon="-5.6914145"><ele>516.8</ele><time>2026-09-12T09:44:37.000Z</time></trkpt>
      <trkpt lat="57.4091966" lon="-5.6915136"><ele>528.4</ele><time>2026-09-12T09:44:38.000Z</time></trkpt>
      <trkpt lat="57.4093502" lon="-5.6917841"><ele>541.7</ele><time>2026-09-12T09:44:39.000Z</time></trkpt>
      <trkpt lat="57.4094151" lon="-5.6919194"><ele>549.0</ele><time>2026-09-12T09:44:40.000Z</time></trkpt>
      <trkpt lat="57.4094848" lon="-5.6921578"><ele>549.5</ele><time>2026-09-12T09:44:41.000Z</time></trkpt>
      <trkpt lat="57.4095974" lon="-5.6923551"><ele>556.4</ele><time>2026-09-12T09:44:42.000Z</time></trkpt>
      <trkpt lat="57.4096644" lon="-5.6926929"><ele>552.0</ele><time>2026-09-12T09:44:43.000Z</time></trkpt>
      <trkpt lat="57.4097855" lon="-5.6928675"><ele>552.2</ele><time>2026-09-12T09:44:44.000Z</time></trkpt>
      <trkpt lat="57.4098609" lon="-5.6931029"><ele>551.5</ele><time>2026-09-12T09:44:45.000Z</time></trkpt>
      <trkpt lat="57.4099187" lon="-5.6934026"><ele>540.0</ele><time>2026-09-12T09:44:46.000Z</time></trkpt>
      <trkpt lat="57.4099932" lon="-5.6936557"><ele>536.0</ele><time>2026-09-12T09:44:47.000Z</time></trkpt>
      <trkpt lat="57.4100702" lon="-5.6938482"><ele>544.0</ele><time>2026-09-12T09:44:48.000Z</time></trkpt>
      <trkpt lat="57.4101797" lon="-5.6941044"><ele>545.2</ele><time>2026-09-12T09:44:49.000Z</time></trkpt>
      <trkpt lat="57.4102481" lon="-5.6942966"><ele>550.5</ele><time>2026-09-12T09:44:50.000Z</time></trkpt>
      <trkpt lat="57.4102975" lon="-5.6944985"><ele>549.7</ele><time>2026-09-12T09:44:51.000Z</time></trkpt>
      <trkpt lat="57.4103601" lon="-5.6947646"><ele>560.9</ele><time>2026-09-12T09:44:52.000Z</time></trkpt>
      <trkpt lat="57.4104055" lon="-5.6949860"><ele>567.6</ele><time>2026-09-12T09:44:53.000Z</time></trkpt>
      <trkpt lat="57.4104610" lon="-5.6952533"><ele>566.8</ele><time>2026-09-12T09:44:54.000Z</time></trkpt>
      <trkpt lat="57.4105381" lon="-5.6955420"><ele>570.7</ele><time>2026-09-12T09:44:55.000Z</time></trkpt>
      <trkpt lat="57.4106072" lon="-5.6957861"><ele>580.0</ele><time>2026-09-12T09:44:56.000Z</time></trkpt>
      <trkpt lat="57.4106393" lon="-5.6960836"><ele>581.5</ele><time>2026-09-12T09:44:57.000Z</time></trkpt>
      <trkpt lat="57.4107259" lon="-5.6963472"><ele>581.2</ele><time>2026-09-12T09:44:58.000Z</time></trkpt>
      <trkpt lat="57.4106688" lon="-5.6966580"><ele>583.8</ele><time>2026-09-12T09:44:59.000Z</time></trkpt>
      <trkpt lat="57.4106983" lon="-5.6969640"><ele>593.1</ele><time>2026-09-12T09:45:00.000Z</time></trkpt>
      <trkpt lat="57.4106798" lon="-5.6973218"><ele>596.7</ele><time>2026-09-12T09:45:01.000Z</time></trkpt>
      <trkpt lat="57.4105863" lon="-5.6978719"><ele>600.6</ele><time>2026-09-12T09:45:02.000Z</time></trkpt>
      <trkpt lat="57.4104894" lon="-5.6981267"><ele>611.9</ele><time>2026-09-12T09:45:03.000Z</time></trkpt>
      <trkpt lat="57.4103374" lon="-5.6984466"><ele>613.9</ele><time>2026-09-12T09:45:04.000Z</time></trkpt>
      <trkpt lat="57.4102065" lon="-5.6985535"><ele>624.1</ele><time>2026-09-12T09:45:05.000Z</time></trkpt>
      <trkpt lat="57.4099790" lon="-5.6987908"><ele>627.2</ele><time>2026-09-12T09:45:06.000Z</time></trkpt>
      <trkpt lat="57.4098127" lon="-5.6989172"><ele>619.9</ele><time>2026-09-12T09:45:07.000Z</time></trkpt>
      <trkpt lat="57.4096571" lon="-5.6989196"><ele>626.6</ele><time>2026-09-12T09:45:08.000Z</time></trkpt>
      <trkpt lat="57.4095917" lon="-5.6990445"><ele>630.8</ele><time>2026-09-12T09:45:09.000Z</time></trkpt>
      <trkpt lat="57.4094662" lon="-5.6991187"><ele>628.7</ele><time>2026-09-12T09:45:10.000Z</time></trkpt>
      <trkpt lat="57.4095249" lon="-5.6991567"><ele>628.8</ele><time>2026-09-12T09:45:11.000Z</time></trkpt>
      <trkpt lat="57.4096513" lon="-5.6992256"><ele>625.4</ele><time>2026-09-12T09:45:12.000Z</time></trkpt>
      <trkpt lat="57.4097604" lon="-5.6991700"><ele>624.5</ele><time>2026-09-12T09:45:13.000Z</time></trkpt>
      <trkpt lat="57.4098799" lon="-5.6990701"><ele>617.4</ele><time>2026-09-12T09:45:14.000Z</time></trkpt>
      <trkpt lat="57.4100091" lon="-5.6991492"><ele>605.4</ele><time>2026-09-12T09:45:15.000Z</time></trkpt>
      <trkpt lat="57.4102486" lon="-5.6991633"><ele>609.6</ele><time>2026-09-12T09:45:16.000Z</time></trkpt>
      <trkpt lat="57.4103500" lon="-5.6991952"><ele>605.8</ele><time>2026-09-12T09:45:17.000Z</time></trkpt>
      <trkpt lat="57.4104751" lon="-5.6993912"><ele>605.5</ele><time>2026-09-12T09:45:18.000Z</time></trkpt>
      <trkpt lat="57.4105940" lon="-5.6995387"><ele>604.2</ele><time>2026-09-12T09:45:19.000Z</time></trkpt>
      <trkpt lat="57.4106669" lon="-5.6997460"><ele>607.5</ele><time>2026-09-12T09:45:20.000Z</time></trkpt>
      <trkpt lat="57.4107613" lon="-5.7000019"><ele>614.8</ele><time>2026-09-12T09:45:21.000Z</time></trkpt>
      <trkpt lat="57.4108940" lon="-5.6999692"><ele>609.7</ele><time>2026-09-12T09:45:22.000Z</time></trkpt>
      <trkpt lat="57.4110215" lon="-5.6997943"><ele>606.3</ele><time>2026-09-12T09:45:23.000Z</time></trkpt>
      <trkpt lat="57.4111096" lon="-5.6996034"><ele>611.0</ele><time>2026-09-12T09:45:24.000Z</time></trkpt>
      <trkpt lat="57.4111414" lon="-5.6992697"><ele>612.0</ele><time>2026-09-12T09:45:25.000Z</time></trkpt>
      <trkpt lat="57.4112358" lon="-5.6989214"><ele>603.3</ele><time>2026-09-12T09:45:26.000Z</time></trkpt>
      <trkpt lat="57.4112590" lon="-5.6986941"><ele>594.6</ele><time>2026-09-12T09:45:27.000Z</time></trkpt>
      <trkpt lat="57.4112814" lon="-5.6984989"><ele>599.8</ele><time>2026-09-12T09:45:28.000Z</time></trkpt>
      <trkpt lat="57.4113354" lon="-5.6982677"><ele>597.2</ele><time>2026-09-12T09:45:29.000Z</time></trkpt>
      <trkpt lat="57.4113411" lon="-5.6982197"><ele>596.8</ele><time>2026-09-12T09:45:30.000Z</time></trkpt>
      <trkpt lat="57.4113723" lon="-5.6983750"><ele>601.5</ele><time>2026-09-12T09:45:31.000Z</time></trkpt>
      <trkpt lat="57.4113837" lon="-5.6986281"><ele>597.6</ele><time>2026-09-12T09:45:32.000Z</time></trkpt>
      <trkpt lat="57.4114000" lon="-5.6988632"><ele>596.9</ele><time>2026-09-12T09:45:33.000Z</time></trkpt>
      <trkpt lat="57.4113973" lon="-5.6991419"><ele>596.1</ele><time>2026-09-12T09:45:34.000Z</time></trkpt>
      <trkpt lat="57.4114379" lon="-5.6995117"><ele>598.8</ele><time>2026-09-12T09:45:35.000Z</time></trkpt>
      <trkpt lat="57.4114420" lon="-5.6997975"><ele>607.3</ele><time>2026-09-12T09:45:36.000Z</time></trkpt>
      <trkpt lat="57.4114849" lon="-5.7000774"><ele>611.3</ele><time>2026-09-12T09:45:37.000Z</time></trkpt>
      <trkpt lat="57.4115246" lon="-5.7002572"><ele>615.1</ele><time>2026-09-12T09:45:38.000Z</time></trkpt>
      <trkpt lat="57.4116181" lon="-5.7005310"><ele>616.4</ele><time>2026-09-12T09:45:39.000Z</time></trkpt>
      <trkpt lat="57.4115851" lon="-5.7007549"><ele>616.8</ele><time>2026-09-12T09:45:40.000Z</time></trkpt>
      <trkpt lat="57.4114675" lon="-5.7009089"><ele>616.2</ele><time>2026-09-12T09:45:41.000Z</time></trkpt>
      <trkpt lat="57.4113566" lon="-5.7010149"><ele>608.5</ele><time>2026-09-12T09:45:42.000Z</time></trkpt>
      <trkpt lat="57.4112239" lon="-5.7010978"><ele>607.5</ele><time>2026-09-12T09:45:43.000Z</time></trkpt>
      <trkpt lat="57.4110397" lon="-5.7011485"><ele>604.5</ele><time>2026-09-12T09:45:44.000Z</time></trkpt>
      <trkpt lat="57.4110201" lon="-5.7012622"><ele>606.8</ele><time>2026-09-12T09:45:45.000Z</time></trkpt>
      <trkpt lat="57.4110465" lon="-5.7014240"><ele>611.9</ele><time>2026-09-12T09:45:46.000Z</time></trkpt>
      <trkpt lat="57.4111624" lon="-5.7014339"><ele>607.1</ele><time>2026-09-12T09:45:47.000Z</time></trkpt>
      <trkpt lat="57.4112876" lon="-5.7015729"><ele>608.4</ele><time>2026-09-12T09:45:48.000Z</time></trkpt>
      <trkpt lat="57.4114027" lon="-5.7015356"><ele>608.6</ele><time>2026-09-12T09:45:49.000Z</time></trkpt>
      <trkpt lat="57.4115532" lon="-5.7016522"><ele>602.4</ele><time>2026-09-12T09:45:50.000Z</time></trkpt>
      <trkpt lat="57.4117514" lon="-5.7017355"><ele>598.3</ele><time>2026-09-12T09:45:51.000Z</time></trkpt>
      <trkpt lat="57.4119367" lon="-5.7017725"><ele>601.6</ele><time>2026-09-12T09:45:52.000Z</time></trkpt>
      <trkpt lat="57.4121526" lon="-5.7017336"><ele>604.4</ele><time>2026-09-12T09:45:53.000Z</time></trkpt>
      <trkpt lat="57.4123502" lon="-5.7015989"><ele>601.5</ele><time>2026-09-12T09:45:54.000Z</time></trkpt>
      <trkpt lat="57.4125607" lon="-5.7014385"><ele>596.5</ele><time>2026-09-12T09:45:55.000Z</time></trkpt>
      <trkpt lat="57.4127182" lon="-5.7013052"><ele>600.0</ele><time>2026-09-12T09:45:56.000Z</time></trkpt>
      <trkpt lat="57.4128664" lon="-5.7015112"><ele>596.3</ele><time>2026-09-12T09:45:57.000Z</time></trkpt>
      <trkpt lat="57.4130178" lon="-5.7016650"><ele>595.2</ele><time>2026-09-12T09:45:58.000Z</time></trkpt>
      <trkpt lat="57.4131374" lon="-5.7018847"><ele>595.9</ele><time>2026-09-12T09:45:59.000Z</time></trkpt>
      <trkpt lat="57.4133073" lon="-5.7021867"><ele>593.3</ele><time>2026-09-12T09:46:00.000Z</time></trkpt>
      <trkpt lat="57.4135069" lon="-5.7024522"><ele>585.1</ele><time>2026-09-12T09:46:01.000Z</time></trkpt>
      <trkpt lat="57.4136362" lon="-5.7027100"><ele>590.3</ele><time>2026-09-12T09:46:02.000Z</time></trkpt>
      <trkpt lat="57.4137540" lon="-5.7028941"><ele>587.5</ele><time>2026-09-12T09:46:03.000Z</time></trkpt>
      <trkpt lat="57.4139195" lon="-5.7032140"><ele>597.8</ele><time>2026-09-12T09:46:04.000Z</time></trkpt>
      <trkpt lat="57.4140576" lon="-5.7033792"><ele>591.5</ele><time>2026-09-12T09:46:05.000Z</time></trkpt>
      <trkpt lat="57.4141527" lon="-5.7035997"><ele>589.2</ele><time>2026-09-12T09:46:06.000Z</time></trkpt>
      <trkpt lat="57.4142499" lon="-5.7037741"><ele>584.3</ele><time>2026-09-12T09:46:07.000Z</time></trkpt>
      <trkpt lat="57.4144406" lon="-5.7040562"><ele>583.1</ele><time>2026-09-12T09:46:08.000Z</time></trkpt>
      <trkpt lat="57.4145700" lon="-5.7042852"><ele>585.0</ele><time>2026-09-12T09:46:09.000Z</time></trkpt>
      <trkpt lat="57.4147567" lon="-5.7044331"><ele>580.8</ele><time>2026-09-12T09:46:10.000Z</time></trkpt>
      <trkpt lat="57.4148849" lon="-5.7046391"><ele>580.8</ele><time>2026-09-12T09:46:11.000Z</time></trkpt>
      <trkpt lat="57.4150873" lon="-5.7047691"><ele>584.3</ele><time>2026-09-12T09:46:12.000Z</time></trkpt>
      <trkpt lat="57.4152722" lon="-5.7050220"><ele>588.6</ele><time>2026-09-12T09:46:13.000Z</time></trkpt>
      <trkpt lat="57.4154326" lon="-5.7051934"><ele>596.2</ele><time>2026-09-12T09:46:14.000Z</time></trkpt>
      <trkpt lat="57.4156569" lon="-5.7052292"><ele>595.4</ele><time>2026-09-12T09:46:15.000Z</time></trkpt>
      <trkpt lat="57.4158280" lon="-5.7054082"><ele>593.8</ele><time>2026-09-12T09:46:16.000Z</time></trkpt>
      <trkpt lat="57.4160103" lon="-5.7056036"><ele>594.3</ele><time>2026-09-12T09:46:17.000Z</time></trkpt>
      <trkpt lat="57.4161549" lon="-5.7057776"><ele>595.7</ele><time>2026-09-12T09:46:18.000Z</time></trkpt>
      <trkpt lat="57.4162996" lon="-5.7059015"><ele>593.5</ele><time>2026-09-12T09:46:19.000Z</time></trkpt>
      <trkpt lat="57.4163071" lon="-5.7060969"><ele>599.7</ele><time>2026-09-12T09:46:20.000Z</time></trkpt>
      <trkpt lat="57.4163531" lon="-5.7060839"><ele>603.0</ele><time>2026-09-12T09:46:21.000Z</time></trkpt>
      <trkpt lat="57.4164036" lon="-5.7061174"><ele>597.9</ele><time>2026-09-12T09:46:22.000Z</time></trkpt>
      <trkpt lat="57.4164109" lon="-5.7061258"><ele>592.9</ele><time>2026-09-12T09:46:23.000Z</time></trkpt>
      <trkpt lat="57.4164209" lon="-5.7061120"><ele>594.4</ele><time>2026-09-12T09:46:28.000Z</time></trkpt>
      <trkpt lat="57.4164002" lon="-5.7060909"><ele>593.9</ele><time>2026-09-12T09:46:33.000Z</time></trkpt>
      <trkpt lat="57.4164356" lon="-5.7061262"><ele>597.1</ele><time>2026-09-12T09:46:38.000Z</time></trkpt>
      <trkpt lat="57.4164392" lon="-5.7061032"><ele>601.2</ele><time>2026-09-12T09:46:43.000Z</time></trkpt>
      <trkpt lat="57.4164195" lon="-5.7062110"><ele>595.6</ele><time>2026-09-12T09:46:48.000Z</time></trkpt>
      <trkpt lat="57.4164498" lon="-5.7060508"><ele>604.6</ele><time>2026-09-12T09:46:53.000Z</time></trkpt>
      <trkpt lat="57.4164215" lon="-5.7061108"><ele>607.5</ele><time>2026-09-12T09:46:58.000Z</time></trkpt>
      <trkpt lat="57.4164419" lon="-5.7060938"><ele>609.2</ele><time>2026-09-12T09:47:03.000Z</time></trkpt>
      <trkpt lat="57.4164186" lon="-5.7061134"><ele>613.2</ele><time>2026-09-12T09:47:08.000Z</time></trkpt>
      <trkpt lat="57.4163973" lon="-5.7061262"><ele>611.7</ele><time>2026-09-12T09:47:13.000Z</time></trkpt>
      <trkpt lat="57.4164417" lon="-5.7061408"><ele>608.9</ele><time>2026-09-12T09:47:18.000Z</time></trkpt>
      <trkpt lat="57.4164295" lon="-5.7061352"><ele>608.6</ele><time>2026-09-12T09:47:23.000Z</time></trkpt>
      <trkpt lat="57.4163916" lon="-5.7061059"><ele>606.9</ele><time>2026-09-12T09:47:28.000Z</time></trkpt>
      <trkpt lat="57.4163820" lon="-5.7062082"><ele>602.5</ele><time>2026-09-12T09:47:33.000Z</time></trkpt>
      <trkpt lat="57.4164348" lon="-5.7060496"><ele>606.1</ele><time>2026-09-12T09:47:38.000Z</time></trkpt>
      <trkpt lat="57.4164494" lon="-5.7061026"><ele>615.4</ele><time>2026-09-12T09:47:43.000Z</time></trkpt>
      <trkpt lat="57.4164207" lon="-5.7062040"><ele>615.3</ele><time>2026-09-12T09:47:48.000Z</time></trkpt>
      <trkpt lat="57.4164424" lon="-5.7060515"><ele>623.3</ele><time>2026-09-12T09:47:53.000Z</time></trkpt>
      <trkpt lat="57.4164077" lon="-5.7060412"><ele>630.2</ele><time>2026-09-12T09:47:58.000Z</time></trkpt>
      <trkpt lat="57.4164235" lon="-5.7060782"><ele>638.1</ele><time>2026-09-12T09:48:03.000Z</time></trkpt>
      <trkpt lat="57.4164038" lon="-5.7061242"><ele>646.0</ele><time>2026-09-12T09:48:08.000Z</time></trkpt>
      <trkpt lat="57.4164425" lon="-5.7061572"><ele>641.4</ele><time>2026-09-12T09:48:13.000Z</time></trkpt>
      <trkpt lat="57.4164513" lon="-5.7061407"><ele>637.9</ele><time>2026-09-12T09:48:18.000Z</time></trkpt>
      <trkpt lat="57.4164700" lon="-5.7060772"><ele>637.5</ele><time>2026-09-12T09:48:23.000Z</time></trkpt>
      <trkpt lat="57.4164028" lon="-5.7061216"><ele>635.1</ele><time>2026-09-12T09:48:28.000Z</time></trkpt>
      <trkpt lat="57.4164395" lon="-5.7061291"><ele>637.7</ele><time>2026-09-12T09:48:33.000Z</time></trkpt>
      <trkpt lat="57.4164242" lon="-5.7061972"><ele>636.3</ele><time>2026-09-12T09:48:38.000Z</time></trkpt>
      <trkpt lat="57.4164268" lon="-5.7060813"><ele>634.0</ele><time>2026-09-12T09:48:43.000Z</time></trkpt>
      <trkpt lat="57.4164512" lon="-5.7061533"><ele>635.9</ele><time>2026-09-12T09:48:48.000Z</time></trkpt>
      <trkpt lat="57.4164347" lon="-5.7060731"><ele>634.1</ele><time>2026-09-12T09:48:53.000Z</time></trkpt>
      <trkpt lat="57.4164133" lon="-5.7061287"><ele>634.0</ele><time>2026-09-12T09:48:58.000Z</time></trkpt>
      <trkpt lat="57.4163878" lon="-5.7061976"><ele>631.8</ele><time>2026-09-12T09:49:03.000Z</time></trkpt>
      <trkpt lat="57.4164476" lon="-5.7061448"><ele>635.5</ele><time>2026-09-12T09:49:08.000Z</time></trkpt>
      <trkpt lat="57.4163965" lon="-5.7060882"><ele>637.8</ele><time>2026-09-12T09:49:13.000Z</time></trkpt>
      <trkpt lat="57.4164434" lon="-5.7061027"><ele>645.9</ele><time>2026-09-12T09:49:18.000Z</time></trkpt>
      <trkpt lat="57.4164241" lon="-5.7060110"><ele>648.6</ele><time>2026-09-12T09:49:23.000Z</time></trkpt>
      <trkpt lat="57.4164160" lon="-5.7061513"><ele>650.1</ele><time>2026-09-12T09:49:28.000Z</time></trkpt>
      <trkpt lat="57.4164367" lon="-5.7060805"><ele>649.6</ele><time>2026-09-12T09:49:33.000Z</time></trkpt>
      <trkpt lat="57.4163934" lon="-5.7060873"><ele>658.1</ele><time>2026-09-12T09:49:38.000Z</time></trkpt>
      <trkpt lat="57.4164540" lon="-5.7061169"><ele>666.5</ele><time>2026-09-12T09:49:43.000Z</time></trkpt>
      <trkpt lat="57.4164269" lon="-5.7060994"><ele>662.5</ele><time>2026-09-12T09:49:48.000Z</time></trkpt>
      <trkpt lat="57.4164235" lon="-5.7060086"><ele>660.4</ele><time>2026-09-12T09:49:53.000Z</time></trkpt>
      <trkpt lat="57.4163995" lon="-5.7061197"><ele>655.6</ele><time>2026-09-12T09:49:58.000Z</time></trkpt>
      <trkpt lat="57.4163991" lon="-5.7060801"><ele>650.2</ele><time>2026-09-12T09:50:03.000Z</time></trkpt>
      <trkpt lat="57.4164284" lon="-5.7061473"><ele>643.8</ele><time>2026-09-12T09:50:08.000Z</time></trkpt>
      <trkpt lat="57.4164317" lon="-5.7060764"><ele>647.1</ele><time>2026-09-12T09:50:13.000Z</time></trkpt>
      <trkpt lat="57.4164041" lon="-5.7060703"><ele>643.7</ele><time>2026-09-12T09:50:18.000Z</time></trkpt>
      <trkpt lat="57.4164176" lon="-5.7061184"><ele>643.0</ele><time>2026-09-12T09:50:23.000Z</time></trkpt>
      <trkpt lat="57.4164230" lon="-5.7060737"><ele>645.7</ele><time>2026-09-12T09:50:28.000Z</time></trkpt>
      <trkpt lat="57.4164551" lon="-5.7060929"><ele>646.1</ele><time>2026-09-12T09:50:33.000Z</time></trkpt>
      <trkpt lat="57.4163812" lon="-5.7061444"><ele>643.5</ele><time>2026-09-12T09:50:38.000Z</time></trkpt>
      <trkpt lat="57.4164293" lon="-5.7061733"><ele>645.5</ele><time>2026-09-12T09:50:43.000Z</time></trkpt>
      <trkpt lat="57.4164386" lon="-5.7061440"><ele>647.5</ele><time>2026-09-12T09:50:48.000Z</time></trkpt>
      <trkpt lat="57.4164239" lon="-5.7061121"><ele>640.7</ele><time>2026-09-12T09:50:53.000Z</time></trkpt>
      <trkpt lat="57.4163872" lon="-5.7061459"><ele>645.3</ele><time>2026-09-12T09:50:58.000Z</time></trkpt>
      <trkpt lat="57.4164163" lon="-5.7061309"><ele>650.2</ele><time>2026-09-12T09:51:03.000Z</time></trkpt>
      <trkpt lat="57.4164197" lon="-5.7061064"><ele>648.2</ele><time>2026-09-12T09:51:08.000Z</time></trkpt>
      <trkpt lat="57.4164095" lon="-5.7061671"><ele>649.3</ele><time>2026-09-12T09:51:13.000Z</time></trkpt>
      <trkpt lat="57.4164622" lon="-5.7061302"><ele>641.9</ele><time>2026-09-12T09:51:18.000Z</time></trkpt>
      <trkpt lat="57.4163963" lon="-5.7060837"><ele>645.2</ele><time>2026-09-12T09:51:23.000Z</time></trkpt>
      <trkpt lat="57.4164447" lon="-5.7061152"><ele>646.1</ele><time>2026-09-12T09:51:28.000Z</time></trkpt>
      <trkpt lat="57.4164126" lon="-5.7061033"><ele>655.3</ele><time>2026-09-12T09:51:33.000Z</time></trkpt>
      <trkpt lat="57.4164276" lon="-5.7061046"><ele>655.6</ele><time>2026-09-12T09:51:38.000Z</time></trkpt>
      <trkpt lat="57.4164294" lon="-5.7061513"><ele>658.7</ele><time>2026-09-12T09:51:43.000Z</time></trkpt>
      <trkpt lat="57.4164181" lon="-5.7060692"><ele>657.9</ele><time>2026-09-12T09:51:48.000Z</time></trkpt>
      <trkpt lat="57.4164128" lon="-5.7061393"><ele>659.5</ele><time>2026-09-12T09:51:53.000Z</time></trkpt>
      <trkpt lat="57.4164082" lon="-5.7060643"><ele>657.1</ele><time>2026-09-12T09:51:58.000Z</time></trkpt>
      <trkpt lat="57.4164307" lon="-5.7061518"><ele>660.2</ele><time>2026-09-12T09:52:03.000Z</time></trkpt>
      <trkpt lat="57.4164257" lon="-5.7061396"><ele>667.8</ele><time>2026-09-12T09:52:08.000Z</time></trkpt>
      <trkpt lat="57.4164138" lon="-5.7060849"><ele>664.5</ele><time>2026-09-12T09:52:13.000Z</time></trkpt>
      <trkpt lat="57.4164622" lon="-5.7061331"><ele>664.6</ele><time>2026-09-12T09:52:18.000Z</time></trkpt>
      <trkpt lat="57.4164223" lon="-5.7061246"><ele>662.5</ele><time>2026-09-12T09:52:23.000Z</time></trkpt>
      <trkpt lat="57.4164384" lon="-5.7061303"><ele>659.3</ele><time>2026-09-12T09:52:28.000Z</time></trkpt>
      <trkpt lat="57.4164498" lon="-5.7061263"><ele>662.3</ele><time>2026-09-12T09:52:33.000Z</time></trkpt>
      <trkpt lat="57.4164076" lon="-5.7060699"><ele>665.8</ele><time>2026-09-12T09:52:38.000Z</time></trkpt>
      <trkpt lat="57.4163757" lon="-5.7060362"><ele>658.6</ele><time>2026-09-12T09:52:43.000Z</time></trkpt>
      <trkpt lat="57.4164398" lon="-5.7061156"><ele>656.2</ele><time>2026-09-12T09:52:48.000Z</time></trkpt>
      <trkpt lat="57.4164348" lon="-5.7060890"><ele>655.2</ele><time>2026-09-12T09:52:53.000Z</time></trkpt>
      <trkpt lat="57.4164231" lon="-5.7060663"><ele>653.0</ele><time>2026-09-12T09:52:58.000Z</time></trkpt>
      <trkpt lat="57.4164490" lon="-5.7061333"><ele>650.9</ele><time>2026-09-12T09:53:03.000Z</time></trkpt>
      <trkpt lat="57.4164049" lon="-5.7062256"><ele>657.5</ele><time>2026-09-12T09:53:08.000Z</time></trkpt>
      <trkpt lat="57.4163923" lon="-5.7061324"><ele>655.9</ele><time>2026-09-12T09:53:13.000Z</time></trkpt>
      <trkpt lat="57.4164395" lon="-5.7062122"><ele>655.7</ele><time>2026-09-12T09:53:18.000Z</time></trkpt>
      <trkpt lat="57.4164009" lon="-5.7060347"><ele>657.2</ele><time>2026-09-12T09:53:23.000Z</time></trkpt>
      <trkpt lat="57.4164213" lon="-5.7061226"><ele>660.7</ele><time>2026-09-12T09:53:28.000Z</time></trkpt>
      <trkpt lat="57.4163872" lon="-5.7060729"><ele>655.2</ele><time>2026-09-12T09:53:33.000Z</time></trkpt>
      <trkpt lat="57.4164267" lon="-5.7060851"><ele>662.8</ele><time>2026-09-12T09:53:38.000Z</time></trkpt>
      <trkpt lat="57.4164119" lon="-5.7060968"><ele>664.7</ele><time>2026-09-12T09:53:43.000Z</time></trkpt>
      <trkpt lat="57.4164221" lon="-5.7060839"><ele>656.5</ele><time>2026-09-12T09:53:48.000Z</time></trkpt>
      <trkpt lat="57.4164652" lon="-5.7060666"><ele>657.9</ele><time>2026-09-12T09:53:53.000Z</time></trkpt>
      <trkpt lat="57.4164213" lon="-5.7060532"><ele>653.5</ele><time>2026-09-12T09:53:58.000Z</time></trkpt>
      <trkpt lat="57.4164594" lon="-5.7061555"><ele>654.9</ele><time>2026-09-12T09:54:03.000Z</time></trkpt>
      <trkpt lat="57.4164202" lon="-5.7061404"><ele>648.5</ele><time>2026-09-12T09:54:08.000Z</time></trkpt>
      <trkpt lat="57.4164452" lon="-5.7060342"><ele>655.6</ele><time>2026-09-12T09:54:13.000Z</time></trkpt>
      <trkpt lat="57.4164152" lon="-5.7060945"><ele>658.4</ele><time>2026-09-12T09:54:18.000Z</time></trkpt>
      <trkpt lat="57.4164743" lon="-5.7061203"><ele>660.7</ele><time>2026-09-12T09:54:23.000Z</time></trkpt>
      <trkpt lat="57.4163919" lon="-5.7061604"><ele>664.0</ele><time>2026-09-12T09:54:28.000Z</time></trkpt>
      <trkpt lat="57.4164442" lon="-5.7060892"><ele>664.5</ele><time>2026-09-12T09:54:33.000Z</time></trkpt>
      <trkpt lat="57.4163971" lon="-5.7060857"><ele>659.4</ele><time>2026-09-12T09:54:38.000Z</time></trkpt>
      <trkpt lat="57.4163962" lon="-5.7060866"><ele>667.2</ele><time>2026-09-12T09:54:43.000Z</time></trkpt>
      <trkpt lat="57.4164514" lon="-5.7061604"><ele>668.6</ele><time>2026-09-12T09:54:48.000Z</time></trkpt>
      <trkpt lat="57.4164159" lon="-5.7062020"><ele>676.6</ele><time>2026-09-12T09:54:53.000Z</time></trkpt>
      <trkpt lat="57.4164503" lon="-5.7061407"><ele>676.0</ele><time>2026-09-12T09:54:58.000Z</time></trkpt>
      <trkpt lat="57.4164138" lon="-5.7061432"><ele>675.8</ele><time>2026-09-12T09:55:03.000Z</time></trkpt>
      <trkpt lat="57.4164359" lon="-5.7060971"><ele>675.2</ele><time>2026-09-12T09:55:08.000Z</time></trkpt>
      <trkpt lat="57.4164089" lon="-5.7060889"><ele>680.5</ele><time>2026-09-12T09:55:13.000Z</time></trkpt>
      <trkpt lat="57.4164436" lon="-5.7061469"><ele>675.4</ele><time>2026-09-12T09:55:18.000Z</time></trkpt>
      <trkpt lat="57.4164590" lon="-5.7061074"><ele>671.7</ele><time>2026-09-12T09:55:23.000Z</time></trkpt>
      <trkpt lat="57.4164421" lon="-5.7061226"><ele>673.8</ele><time>2026-09-12T09:55:24.000Z</time></trkpt>
      <trkpt lat="57.4164733" lon="-5.7062133"><ele>670.9</ele><time>2026-09-12T09:55:25.000Z</time></trkpt>
      <trkpt lat="57.4165496" lon="-5.7062656"><ele>675.1</ele><time>2026-09-12T09:55:26.000Z</time></trkpt>
      <trkpt lat="57.4165907" lon="-5.7062942"><ele>668.3</ele><time>2026-09-12T09:55:27.000Z</time></trkpt>
      <trkpt lat="57.4167421" lon="-5.7064940"><ele>666.9</ele><time>2026-09-12T09:55:28.000Z</time></trkpt>
      <trkpt lat="57.4168198" lon="-5.7065402"><ele>667.6</ele><time>2026-09-12T09:55:29.000Z</time></trkpt>
      <trkpt lat="57.4170246" lon="-5.7065914"><ele>672.4</ele><time>2026-09-12T09:55:30.000Z</time></trkpt>
      <trkpt lat="57.4171452" lon="-5.7067619"><ele>667.5</ele><time>2026-09-12T09:55:31.000Z</time></trkpt>
      <trkpt lat="57.4173969" lon="-5.7068123"><ele>658.2</ele><time>2026-09-12T09:55:32.000Z</time></trkpt>
      <trkpt lat="57.4175338" lon="-5.7069404"><ele>656.0</ele><time>2026-09-12T09:55:33.000Z</time></trkpt>
      <trkpt lat="57.4177652" lon="-5.7070371"><ele>655.1</ele><time>2026-09-12T09:55:34.000Z</time></trkpt>
      <trkpt lat="57.4180084" lon="-5.7071774"><ele>646.4</ele><time>2026-09-12T09:55:35.000Z</time></trkpt>
      <trkpt lat="57.4182147" lon="-5.7073389"><ele>644.7</ele><time>2026-09-12T09:55:36.000Z</time></trkpt>
      <trkpt lat="57.4183671" lon="-5.7076017"><ele>643.5</ele><time>2026-09-12T09:55:37.000Z</time></trkpt>
      <trkpt lat="57.4185699" lon="-5.7079079"><ele>644.7</ele><time>2026-09-12T09:55:38.000Z</time></trkpt>
      <trkpt lat="57.4187303" lon="-5.7081352"><ele>638.8</ele><time>2026-09-12T09:55:39.000Z</time></trkpt>
      <trkpt lat="57.4189213" lon="-5.7083631"><ele>640.2</ele><time>2026-09-12T09:55:40.000Z</time></trkpt>
      <trkpt lat="57.4191269" lon="-5.7085124"><ele>643.9</ele><time>2026-09-12T09:55:41.000Z</time></trkpt>
      <trkpt lat="57.4193658" lon="-5.7087144"><ele>644.2</ele><time>2026-09-12T09:55:42.000Z</time></trkpt>
      <trkpt lat="57.4195371" lon="-5.7088354"><ele>636.8</ele><time>2026-09-12T09:55:43.000Z</time></trkpt>
      <trkpt lat="57.4197349" lon="-5.7089621"><ele>635.7</ele><time>2026-09-12T09:55:44.000Z</time></trkpt>
      <trkpt lat="57.4199489" lon="-5.7090168"><ele>632.7</ele><time>2026-09-12T09:55:45.000Z</time></trkpt>
      <trkpt lat="57.4200964" lon="-5.7092654"><ele>631.2</ele><time>2026-09-12T09:55:46.000Z</time></trkpt>
      <trkpt lat="57.4202919" lon="-5.7095119"><ele>621.0</ele><time>2026-09-12T09:55:47.000Z</time></trkpt>
      <trkpt lat="57.4204707" lon="-5.7097303"><ele>621.5</ele><time>2026-09-12T09:55:48.000Z</time></trkpt>
      <trkpt lat="57.4206507" lon="-5.7100089"><ele>615.6</ele><time>2026-09-12T09:55:49.000Z</time></trkpt>
      <trkpt lat="57.4207923" lon="-5.7103069"><ele>611.8</ele><time>2026-09-12T09:55:50.000Z</time></trkpt>
      <trkpt lat="57.4209691" lon="-5.7106083"><ele>616.0</ele><time>2026-09-12T09:55:51.000Z</time></trkpt>
      <trkpt lat="57.4210655" lon="-5.7110639"><ele>614.5</ele><time>2026-09-12T09:55:52.000Z</time></trkpt>
      <trkpt lat="57.4212136" lon="-5.7114378"><ele>606.2</ele><time>2026-09-12T09:55:53.000Z</time></trkpt>
      <trkpt lat="57.4213151" lon="-5.7117012"><ele>602.5</ele><time>2026-09-12T09:55:54.000Z</time></trkpt>
      <trkpt lat="57.4214084" lon="-5.7119265"><ele>607.1</ele><time>2026-09-12T09:55:55.000Z</time></trkpt>
      <trkpt lat="57.4215320" lon="-5.7121322"><ele>613.6</ele><time>2026-09-12T09:55:56.000Z</time></trkpt>
      <trkpt lat="57.4216397" lon="-5.7123660"><ele>611.8</ele><time>2026-09-12T09:55:57.000Z</time></trkpt>
      <trkpt lat="57.4218019" lon="-5.7125774"><ele>611.0</ele><time>2026-09-12T09:55:58.000Z</time></trkpt>
      <trkpt lat="57.4219400" lon="-5.7127223"><ele>609.2</ele><time>2026-09-12T09:55:59.000Z</time></trkpt>
      <trkpt lat="57.4221104" lon="-5.7130311"><ele>604.2</ele><time>2026-09-12T09:56:00.000Z</time></trkpt>
      <trkpt lat="57.4222334" lon="-5.7132511"><ele>596.3</ele><time>2026-09-12T09:56:01.000Z</time></trkpt>
      <trkpt lat="57.4223148" lon="-5.7135824"><ele>600.4</ele><time>2026-09-12T09:56:02.000Z</time></trkpt>
      <trkpt lat="57.4224695" lon="-5.7139314"><ele>600.7</ele><time>2026-09-12T09:56:03.000Z</time></trkpt>
      <trkpt lat="57.4225945" lon="-5.7143037"><ele>593.6</ele><time>2026-09-12T09:56:04.000Z</time></trkpt>
      <trkpt lat="57.4227514" lon="-5.7145842"><ele>583.3</ele><time>2026-09-12T09:56:05.000Z</time></trkpt>
      <trkpt lat="57.4228895" lon="-5.7149193"><ele>580.8</ele><time>2026-09-12T09:56:06.000Z</time></trkpt>
      <trkpt lat="57.4230569" lon="-5.7152701"><ele>580.9</ele><time>2026-09-12T09:56:07.000Z</time></trkpt>
      <trkpt lat="57.4232226" lon="-5.7155425"><ele>572.0</ele><time>2026-09-12T09:56:08.000Z</time></trkpt>
      <trkpt lat="57.4233841" lon="-5.7157606"><ele>569.8</ele><time>2026-09-12T09:56:09.000Z</time></trkpt>
      <trkpt lat="57.4235942" lon="-5.7160136"><ele>561.4</ele><time>2026-09-12T09:56:10.000Z</time></trkpt>
      <trkpt lat="57.4237099" lon="-5.7161886"><ele>560.8</ele><time>2026-09-12T09:56:11.000Z</time></trkpt>
      <trkpt lat="57.4239430" lon="-5.7163089"><ele>559.8</ele><time>2026-09-12T09:56:12.000Z</time></trkpt>
      <trkpt lat="57.4240417" lon="-5.7163425"><ele>551.3</ele><time>2026-09-12T09:56:13.000Z</time></trkpt>
      <trkpt lat="57.4242836" lon="-5.7163621"><ele>550.9</ele><time>2026-09-12T09:56:14.000Z</time></trkpt>
      <trkpt lat="57.4244084" lon="-5.7164891"><ele>547.3</ele><time>2026-09-12T09:56:15.000Z</time></trkpt>
      <trkpt lat="57.4245398" lon="-5.7165204"><ele>549.3</ele><time>2026-09-12T09:56:16.000Z</time></trkpt>
      <trkpt lat="57.4246820" lon="-5.7165748"><ele>550.0</ele><time>2026-09-12T09:56:17.000Z</time></trkpt>
      <trkpt lat="57.4247950" lon="-5.7166418"><ele>548.6</ele><time>2026-09-12T09:56:18.000Z</time></trkpt>
      <trkpt lat="57.4249170" lon="-5.7167202"><ele>541.8</ele><time>2026-09-12T09:56:19.000Z</time></trkpt>
      <trkpt lat="57.4250326" lon="-5.7169480"><ele>529.3</ele><time>2026-09-12T09:56:20.000Z</time></trkpt>
      <trkpt lat="57.4251553" lon="-5.7172117"><ele>536.3</ele><time>2026-09-12T09:56:21.000Z</time></trkpt>
      <trkpt lat="57.4252357" lon="-5.7174868"><ele>535.0</ele><time>2026-09-12T09:56:22.000Z</time></trkpt>
      <trkpt lat="57.4253429" lon="-5.7177303"><ele>534.7</ele><time>2026-09-12T09:56:23.000Z</time></trkpt>
      <trkpt lat="57.4254514" lon="-5.7179342"><ele>538.1</ele><time>2026-09-12T09:56:24.000Z</time></trkpt>
      <trkpt lat="57.4255406" lon="-5.7182558"><ele>534.9</ele><time>2026-09-12T09:56:25.000Z</time></trkpt>
      <trkpt lat="57.4256174" lon="-5.7184869"><ele>526.4</ele><time>2026-09-12T09:56:26.000Z</time></trkpt>
      <trkpt lat="57.4257356" lon="-5.7188574"><ele>522.1</ele><time>2026-09-12T09:56:27.000Z</time></trkpt>
      <trkpt lat="57.4258128" lon="-5.7190550"><ele>517.6</ele><time>2026-09-12T09:56:28.000Z</time></trkpt>
      <trkpt lat="57.4259105" lon="-5.7193222"><ele>511.8</ele><time>2026-09-12T09:56:29.000Z</time></trkpt>
      <trkpt lat="57.4259935" lon="-5.7195708"><ele>517.7</ele><time>2026-09-12T09:56:30.000Z</time></trkpt>
      <trkpt lat="57.4260782" lon="-5.7197354"><ele>519.1</ele><time>2026-09-12T09:56:31.000Z</time></trkpt>
      <trkpt lat="57.4261972" lon="-5.7198248"><ele>525.2</ele><time>2026-09-12T09:56:32.000Z</time></trkpt>
      <trkpt lat="57.4263186" lon="-5.7199156"><ele>520.7</ele><time>2026-09-12T09:56:33.000Z</time></trkpt>
      <trkpt lat="57.4264097" lon="-5.7200362"><ele>518.9</ele><time>2026-09-12T09:56:34.000Z</time></trkpt>
      <trkpt lat="57.4264610" lon="-5.7201831"><ele>531.7</ele><time>2026-09-12T09:56:35.000Z</time></trkpt>
      <trkpt lat="57.4265318" lon="-5.7203678"><ele>521.6</ele><time>2026-09-12T09:56:36.000Z</time></trkpt>
      <trkpt lat="57.4266903" lon="-5.7206669"><ele>518.2</ele><time>2026-09-12T09:56:37.000Z</time></trkpt>
      <trkpt lat="57.4267783" lon="-5.7208676"><ele>519.1</ele><time>2026-09-12T09:56:38.000Z</time></trkpt>
      <trkpt lat="57.4268242" lon="-5.7209647"><ele>525.6</ele><time>2026-09-12T09:56:39.000Z</time></trkpt>
      <trkpt lat="57.4269135" lon="-5.7211905"><ele>516.3</ele><time>2026-09-12T09:56:40.000Z</time></trkpt>
      <trkpt lat="57.4270224" lon="-5.7213015"><ele>520.8</ele><time>2026-09-12T09:56:41.000Z</time></trkpt>
      <trkpt lat="57.4270946" lon="-5.7214526"><ele>520.6</ele><time>2026-09-12T09:56:42.000Z</time></trkpt>
      <trkpt lat="57.4271491" lon="-5.7215524"><ele>518.7</ele><time>2026-09-12T09:56:43.000Z</time></trkpt>
      <trkpt lat="57.4271919" lon="-5.7217877"><ele>516.0</ele><time>2026-09-12T09:56:44.000Z</time></trkpt>
      <trkpt lat="57.4272876" lon="-5.7219500"><ele>516.5</ele><time>2026-09-12T09:56:45.000Z</time></trkpt>
      <trkpt lat="57.4273308" lon="-5.7221266"><ele>511.3</ele><time>2026-09-12T09:56:46.000Z</time></trkpt>
      <trkpt lat="57.4273652" lon="-5.7223434"><ele>506.5</ele><time>2026-09-12T09:56:47.000Z</time></trkpt>
      <trkpt lat="57.4274563" lon="-5.7225763"><ele>504.4</ele><time>2026-09-12T09:56:48.000Z</time></trkpt>
      <trkpt lat="57.4275027" lon="-5.7228256"><ele>510.5</ele><time>2026-09-12T09:56:49.000Z</time></trkpt>
      <trkpt lat="57.4275252" lon="-5.7229239"><ele>507.4</ele><time>2026-09-12T09:56:50.000Z</time></trkpt>
      <trkpt lat="57.4276012" lon="-5.7231087"><ele>501.9</ele><time>2026-09-12T09:56:51.000Z</time></trkpt>
      <trkpt lat="57.4276519" lon="-5.7232745"><ele>508.4</ele><time>2026-09-12T09:56:52.000Z</time></trkpt>
      <trkpt lat="57.4276360" lon="-5.7235309"><ele>504.5</ele><time>2026-09-12T09:56:53.000Z</time></trkpt>
      <trkpt lat="57.4275910" lon="-5.7238155"><ele>504.2</ele><time>2026-09-12T09:56:54.000Z</time></trkpt>
      <trkpt lat="57.4275967" lon="-5.7240089"><ele>497.6</ele><time>2026-09-12T09:56:55.000Z</time></trkpt>
      <trkpt lat="57.4275812" lon="-5.7242191"><ele>496.5</ele><time>2026-09-12T09:56:56.000Z</time></trkpt>
      <trkpt lat="57.4276356" lon="-5.7244231"><ele>502.9</ele><time>2026-09-12T09:56:57.000Z</time></trkpt>
      <trkpt lat="57.4275878" lon="-5.7246129"><ele>500.9</ele><time>2026-09-12T09:56:58.000Z</time></trkpt>
      <trkpt lat="57.4276491" lon="-5.7248365"><ele>503.0</ele><time>2026-09-12T09:56:59.000Z</time></trkpt>
      <trkpt lat="57.4276335" lon="-5.7250950"><ele>499.0</ele><time>2026-09-12T09:57:00.000Z</time></trkpt>
      <trkpt lat="57.4275784" lon="-5.7253675"><ele>499.8</ele><time>2026-09-12T09:57:01.000Z</time></trkpt>
      <trkpt lat="57.4275044" lon="-5.7254664"><ele>494.1</ele><time>2026-09-12T09:57:02.000Z</time></trkpt>
      <trkpt lat="57.4273986" lon="-5.7255598"><ele>495.8</ele><time>2026-09-12T09:57:03.000Z</time></trkpt>
      <trkpt lat="57.4272866" lon="-5.7256064"><ele>500.7</ele><time>2026-09-12T09:57:04.000Z</time></trkpt>
      <trkpt lat="57.4271280" lon="-5.7256456"><ele>502.5</ele><time>2026-09-12T09:57:05.000Z</time></trkpt>
      <trkpt lat="57.4269707" lon="-5.7258119"><ele>494.7</ele><time>2026-09-12T09:57:06.000Z</time></trkpt>
      <trkpt lat="57.4269616" lon="-5.7258848"><ele>498.5</ele><time>2026-09-12T09:57:07.000Z</time></trkpt>
      <trkpt lat="57.4270083" lon="-5.7260253"><ele>497.6</ele><time>2026-09-12T09:57:08.000Z</time></trkpt>
      <trkpt lat="57.4270154" lon="-5.7260920"><ele>495.3</ele><time>2026-09-12T09:57:09.000Z</time></trkpt>
      <trkpt lat="57.4271180" lon="-5.7261891"><ele>497.7</ele><time>2026-09-12T09:57:10.000Z</time></trkpt>
      <trkpt lat="57.4272385" lon="-5.7262412"><ele>491.4</ele><time>2026-09-12T09:57:11.000Z</time></trkpt>
      <trkpt lat="57.4273280" lon="-5.7263564"><ele>494.1</ele><time>2026-09-12T09:57:12.000Z</time></trkpt>
      <trkpt lat="57.4275069" lon="-5.7263189"><ele>488.4</ele><time>2026-09-12T09:57:13.000Z</time></trkpt>
      <trkpt lat="57.4275907" lon="-5.7264203"><ele>476.9</ele><time>2026-09-12T09:57:14.000Z</time></trkpt>
      <trkpt lat="57.4276778" lon="-5.7265331"><ele>474.0</ele><time>2026-09-12T09:57:15.000Z</time></trkpt>
      <trkpt lat="57.4277652" lon="-5.7266974"><ele>472.5</ele><time>2026-09-12T09:57:16.000Z</time></trkpt>
      <trkpt lat="57.4278470" lon="-5.7268413"><ele>469.2</ele><time>2026-09-12T09:57:17.000Z</time></trkpt>
      <trkpt lat="57.4279239" lon="-5.7270558"><ele>467.5</ele><time>2026-09-12T09:57:18.000Z</time></trkpt>
      <trkpt lat="57.4279859" lon="-5.7271689"><ele>465.8</ele><time>2026-09-12T09:57:19.000Z</time></trkpt>
      <trkpt lat="57.4280406" lon="-5.7273925"><ele>461.5</ele><time>2026-09-12T09:57:20.000Z</time></trkpt>
      <trkpt lat="57.4281080" lon="-5.7276013"><ele>457.0</ele><time>2026-09-12T09:57:21.000Z</time></trkpt>
      <trkpt lat="57.4282183" lon="-5.7277661"><ele>458.7</ele><time>2026-09-12T09:57:22.000Z</time></trkpt>
      <trkpt lat="57.4282967" lon="-5.7279938"><ele>454.5</ele><time>2026-09-12T09:57:23.000Z</time></trkpt>
      <trkpt lat="57.4283508" lon="-5.7281370"><ele>449.2</ele><time>2026-09-12T09:57:24.000Z</time></trkpt>
      <trkpt lat="57.4284044" lon="-5.7284406"><ele>439.4</ele><time>2026-09-12T09:57:25.000Z</time></trkpt>
      <trkpt lat="57.4284777" lon="-5.7285977"><ele>434.2</ele><time>2026-09-12T09:57:26.000Z</time></trkpt>
      <trkpt lat="57.4285453" lon="-5.7287540"><ele>430.0</ele><time>2026-09-12T09:57:27.000Z</time></trkpt>
      <trkpt lat="57.4286521" lon="-5.7289135"><ele>428.5</ele><time>2026-09-12T09:57:28.000Z</time></trkpt>
      <trkpt lat="57.4287551" lon="-5.7292398"><ele>428.6</ele><time>2026-09-12T09:57:29.000Z</time></trkpt>
      <trkpt lat="57.4288465" lon="-5.7294757"><ele>425.4</ele><time>2026-09-12T09:57:30.000Z</time></trkpt>
      <trkpt lat="57.4289500" lon="-5.7295056"><ele>427.7</ele><time>2026-09-12T09:57:31.000Z</time></trkpt>
      <trkpt lat="57.4289982" lon="-5.7297712"><ele>434.1</ele><time>2026-09-12T09:57:32.000Z</time></trkpt>
      <trkpt lat="57.4291561" lon="-5.7300439"><ele>434.2</ele><time>2026-09-12T09:57:33.000Z</time></trkpt>
      <trkpt lat="57.4291992" lon="-5.7302857"><ele>434.8</ele><time>2026-09-12T09:57:34.000Z</time></trkpt>
      <trkpt lat="57.4293060" lon="-5.7303986"><ele>435.0</ele><time>2026-09-12T09:57:35.000Z</time></trkpt>
      <trkpt lat="57.4294604" lon="-5.7307125"><ele>433.6</ele><time>2026-09-12T09:57:36.000Z</time></trkpt>
      <trkpt lat="57.4295227" lon="-5.7308597"><ele>430.9</ele><time>2026-09-12T09:57:37.000Z</time></trkpt>
      <trkpt lat="57.4296264" lon="-5.7310975"><ele>431.2</ele><time>2026-09-12T09:57:38.000Z</time></trkpt>
      <trkpt lat="57.4297374" lon="-5.7312738"><ele>424.8</ele><time>2026-09-12T09:57:39.000Z</time></trkpt>
      <trkpt lat="57.4298055" lon="-5.7315423"><ele>426.6</ele><time>2026-09-12T09:57:40.000Z</time></trkpt>
      <trkpt lat="57.4299562" lon="-5.7317632"><ele>427.2</ele><time>2026-09-12T09:57:41.000Z</time></trkpt>
      <trkpt lat="57.4299909" lon="-5.7320219"><ele>433.6</ele><time>2026-09-12T09:57:42.000Z</time></trkpt>
      <trkpt lat="57.4300565" lon="-5.7323134"><ele>432.0</ele><time>2026-09-12T09:57:43.000Z</time></trkpt>
      <trkpt lat="57.4301251" lon="-5.7326807"><ele>436.1</ele><time>2026-09-12T09:57:44.000Z</time></trkpt>
      <trkpt lat="57.4301683" lon="-5.7330137"><ele>428.5</ele><time>2026-09-12T09:57:45.000Z</time></trkpt>
      <trkpt lat="57.4301912" lon="-5.7333504"><ele>426.7</ele><time>2026-09-12T09:57:46.000Z</time></trkpt>
      <trkpt lat="57.4301820" lon="-5.7336253"><ele>424.1</ele><time>2026-09-12T09:57:47.000Z</time></trkpt>
      <trkpt lat="57.4302124" lon="-5.7339207"><ele>432.7</ele><time>2026-09-12T09:57:48.000Z</time></trkpt>
      <trkpt lat="57.4302246" lon="-5.7343403"><ele>420.7</ele><time>2026-09-12T09:57:49.000Z</time></trkpt>
      <trkpt lat="57.4302657" lon="-5.7345627"><ele>425.9</ele><time>2026-09-12T09:57:50.000Z</time></trkpt>
      <trkpt lat="57.4302894" lon="-5.7349081"><ele>427.6</ele><time>2026-09-12T09:57:51.000Z</time></trkpt>
      <trkpt lat="57.4303603" lon="-5.7351533"><ele>438.0</ele><time>2026-09-12T09:57:52.000Z</time></trkpt>
      <trkpt lat="57.4303420" lon="-5.7354296"><ele>434.7</ele><time>2026-09-12T09:57:53.000Z</time></trkpt>
      <trkpt lat="57.4303220" lon="-5.7357413"><ele>432.5</ele><time>2026-09-12T09:57:54.000Z</time></trkpt>
      <trkpt lat="57.4304101" lon="-5.7360131"><ele>424.6</ele><time>2026-09-12T09:57:55.000Z</time></trkpt>
      <trkpt lat="57.4303980" lon="-5.7363315"><ele>425.2</ele><time>2026-09-12T09:57:56.000Z</time></trkpt>
      <trkpt lat="57.4304234" lon="-5.7366845"><ele>422.1</ele><time>2026-09-12T09:57:57.000Z</time></trkpt>
      <trkpt lat="57.4304297" lon="-5.7370147"><ele>414.9</ele><time>2026-09-12T09:57:58.000Z</time></trkpt>
      <trkpt lat="57.4304216" lon="-5.7373885"><ele>408.5</ele><time>2026-09-12T09:57:59.000Z</time></trkpt>
      <trkpt lat="57.4305108" lon="-5.7377556"><ele>406.2</ele><time>2026-09-12T09:58:00.000Z</time></trkpt>
      <trkpt lat="57.4305660" lon="-5.7380113"><ele>405.5</ele><time>2026-09-12T09:58:01.000Z</time></trkpt>
      <trkpt lat="57.4306854" lon="-5.7383043"><ele>402.9</ele><time>2026-09-12T09:58:02.000Z</time></trkpt>
      <trkpt lat="57.4307327" lon="-5.7385985"><ele>396.8</ele><time>2026-09-12T09:58:03.000Z</time></trkpt>
      <trkpt lat="57.4308973" lon="-5.7389173"><ele>391.9</ele><time>2026-09-12T09:58:04.000Z</time></trkpt>
      <trkpt lat="57.4308974" lon="-5.7391132"><ele>392.6</ele><time>2026-09-12T09:58:05.000Z</time></trkpt>
      <trkpt lat="57.4309465" lon="-5.7393367"><ele>397.7</ele><time>2026-09-12T09:58:06.000Z</time></trkpt>
      <trkpt lat="57.4310417" lon="-5.7396310"><ele>401.8</ele><time>2026-09-12T09:58:07.000Z</time></trkpt>
      <trkpt lat="57.4311085" lon="-5.7398559"><ele>405.6</ele><time>2026-09-12T09:58:08.000Z</time></trkpt>
      <trkpt lat="57.4311675" lon="-5.7401413"><ele>413.9</ele><time>2026-09-12T09:58:09.000Z</time></trkpt>
      <trkpt lat="57.4312584" lon="-5.7405504"><ele>408.8</ele><time>2026-09-12T09:58:10.000Z</time></trkpt>
      <trkpt lat="57.4312996" lon="-5.7408187"><ele>403.7</ele><time>2026-09-12T09:58:11.000Z</time></trkpt>
      <trkpt lat="57.4313605" lon="-5.7410933"><ele>402.4</ele><time>2026-09-12T09:58:12.000Z</time></trkpt>
      <trkpt lat="57.4312777" lon="-5.7413834"><ele>394.8</ele><time>2026-09-12T09:58:13.000Z</time></trkpt>
      <trkpt lat="57.4312114" lon="-5.7416400"><ele>398.0</ele><time>2026-09-12T09:58:14.000Z</time></trkpt>
      <trkpt lat="57.4312138" lon="-5.7419624"><ele>404.2</ele><time>2026-09-12T09:58:15.000Z</time></trkpt>
      <trkpt lat="57.4311385" lon="-5.7423156"><ele>403.5</ele><time>2026-09-12T09:58:16.000Z</time></trkpt>
      <trkpt lat="57.4310278" lon="-5.7425184"><ele>399.9</ele><time>2026-09-12T09:58:17.000Z</time></trkpt>
      <trkpt lat="57.4310045" lon="-5.7427744"><ele>407.4</ele><time>2026-09-12T09:58:18.000Z</time></trkpt>
      <trkpt lat="57.4308505" lon="-5.7429904"><ele>402.9</ele><time>2026-09-12T09:58:19.000Z</time></trkpt>
      <trkpt lat="57.4307406" lon="-5.7431125"><ele>397.1</ele><time>2026-09-12T09:58:20.000Z</time></trkpt>
      <trkpt lat="57.4306300" lon="-5.7432094"><ele>391.6</ele><time>2026-09-12T09:58:21.000Z</time></trkpt>
      <trkpt lat="57.4305883" lon="-5.7432949"><ele>387.9</ele><time>2026-09-12T09:58:22.000Z</time></trkpt>
      <trkpt lat="57.4304851" lon="-5.7434660"><ele>386.4</ele><time>2026-09-12T09:58:23.000Z</time></trkpt>
      <trkpt lat="57.4304906" lon="-5.7436974"><ele>381.9</ele><time>2026-09-12T09:58:24.000Z</time></trkpt>
      <trkpt lat="57.4304446" lon="-5.7438348"><ele>369.8</ele><time>2026-09-12T09:58:25.000Z</time></trkpt>
      <trkpt lat="57.4304776" lon="-5.7440681"><ele>362.3</ele><time>2026-09-12T09:58:26.000Z</time></trkpt>
      <trkpt lat="57.4304889" lon="-5.7443401"><ele>359.2</ele><time>2026-09-12T09:58:27.000Z</time></trkpt>
      <trkpt lat="57.4305237" lon="-5.7444605"><ele>363.3</ele><time>2026-09-12T09:58:28.000Z</time></trkpt>
      <trkpt lat="57.4306226" lon="-5.7447333"><ele>357.6</ele><time>2026-09-12T09:58:29.000Z</time></trkpt>
      <trkpt lat="57.4307686" lon="-5.7449385"><ele>349.6</ele><time>2026-09-12T09:58:30.000Z</time></trkpt>
      <trkpt lat="57.4308925" lon="-5.7450110"><ele>342.9</ele><time>2026-09-12T09:58:31.000Z</time></trkpt>
      <trkpt lat="57.4310017" lon="-5.7452595"><ele>341.4</ele><time>2026-09-12T09:58:32.000Z</time></trkpt>
      <trkpt lat="57.4311337" lon="-5.7454082"><ele>339.0</ele><time>2026-09-12T09:58:33.000Z</time></trkpt>
      <trkpt lat="57.4312614" lon="-5.7455377"><ele>333.7</ele><time>2026-09-12T09:58:34.000Z</time></trkpt>
      <trkpt lat="57.4314148" lon="-5.7457328"><ele>332.0</ele><time>2026-09-12T09:58:35.000Z</time></trkpt>
      <trkpt lat="57.4315481" lon="-5.7458190"><ele>325.2</ele><time>2026-09-12T09:58:36.000Z</time></trkpt>
      <trkpt lat="57.4316293" lon="-5.7459467"><ele>329.3</ele><time>2026-09-12T09:58:37.000Z</time></trkpt>
      <trkpt lat="57.4318400" lon="-5.7462122"><ele>339.9</ele><time>2026-09-12T09:58:38.000Z</time></trkpt>
      <trkpt lat="57.4319213" lon="-5.7462853"><ele>337.3</ele><time>2026-09-12T09:58:39.000Z</time></trkpt>
      <trkpt lat="57.4321399" lon="-5.7464656"><ele>337.6</ele><time>2026-09-12T09:58:40.000Z</time></trkpt>
      <trkpt lat="57.4322706" lon="-5.7465192"><ele>343.3</ele><time>2026-09-12T09:58:41.000Z</time></trkpt>
      <trkpt lat="57.4324227" lon="-5.7467169"><ele>340.8</ele><time>2026-09-12T09:58:42.000Z</time></trkpt>
      <trkpt lat="57.4326077" lon="-5.7468263"><ele>344.9</ele><time>2026-09-12T09:58:43.000Z</time></trkpt>
      <trkpt lat="57.4327404" lon="-5.7471000"><ele>349.3</ele><time>2026-09-12T09:58:44.000Z</time></trkpt>
      <trkpt lat="57.4328959" lon="-5.7471501"><ele>348.7</ele><time>2026-09-12T09:58:45.000Z</time></trkpt>
      <trkpt lat="57.4329964" lon="-5.7473557"><ele>338.6</ele><time>2026-09-12T09:58:46.000Z</time></trkpt>
      <trkpt lat="57.4330946" lon="-5.7476203"><ele>342.8</ele><time>2026-09-12T09:58:47.000Z</time></trkpt>
      <trkpt lat="57.4331602" lon="-5.7478521"><ele>344.6</ele><time>2026-09-12T09:58:48.000Z</time></trkpt>
      <trkpt lat="57.4332359" lon="-5.7481123"><ele>335.8</ele><time>2026-09-12T09:58:49.000Z</time></trkpt>
      <trkpt lat="57.4332549" lon="-5.7483468"><ele>326.4</ele><time>2026-09-12T09:58:50.000Z</time></trkpt>
      <trkpt lat="57.4333496" lon="-5.7485743"><ele>335.5</ele><time>2026-09-12T09:58:51.000Z</time></trkpt>
      <trkpt lat="57.4333920" lon="-5.7488629"><ele>327.7</ele><time>2026-09-12T09:58:52.000Z</time></trkpt>
      <trkpt lat="57.4334485" lon="-5.7490822"><ele>330.4</ele><time>2026-09-12T09:58:53.000Z</time></trkpt>
      <trkpt lat="57.4335772" lon="-5.7493799"><ele>322.1</ele><time>2026-09-12T09:58:54.000Z</time></trkpt>
      <trkpt lat="57.4337859" lon="-5.7495297"><ele>322.6</ele><time>2026-09-12T09:58:55.000Z</time></trkpt>
      <trkpt lat="57.4338713" lon="-5.7497776"><ele>331.1</ele><time>2026-09-12T09:58:56.000Z</time></trkpt>
      <trkpt lat="57.4340020" lon="-5.7499645"><ele>329.8</ele><time>2026-09-12T09:58:57.000Z</time></trkpt>
      <trkpt lat="57.4341306" lon="-5.7502308"><ele>325.9</ele><time>2026-09-12T09:58:58.000Z</time></trkpt>
      <trkpt lat="57.4342368" lon="-5.7504927"><ele>319.1</ele><time>2026-09-12T09:58:59.000Z</time></trkpt>
      <trkpt lat="57.4343974" lon="-5.7506732"><ele>317.1</ele><time>2026-09-12T09:59:00.000Z</time></trkpt>
      <trkpt lat="57.4344649" lon="-5.7510737"><ele>324.6</ele><time>2026-09-12T09:59:01.000Z</time></trkpt>
      <trkpt lat="57.4346362" lon="-5.7512502"><ele>315.4</ele><time>2026-09-12T09:59:02.000Z</time></trkpt>
      <trkpt lat="57.4346779" lon="-5.7514432"><ele>315.2</ele><time>2026-09-12T09:59:03.000Z</time></trkpt>
      <trkpt lat="57.4346558" lon="-5.7517057"><ele>311.0</ele><time>2026-09-12T09:59:04.000Z</time></trkpt>
      <trkpt lat="57.4345455" lon="-5.7518166"><ele>315.9</ele><time>2026-09-12T09:59:05.000Z</time></trkpt>
      <trkpt lat="57.4344451" lon="-5.7519417"><ele>310.7</ele><time>2026-09-12T09:59:06.000Z</time></trkpt>
      <trkpt lat="57.4343076" lon="-5.7520892"><ele>314.7</ele><time>2026-09-12T09:59:07.000Z</time></trkpt>
      <trkpt lat="57.4340799" lon="-5.7521920"><ele>318.8</ele><time>2026-09-12T09:59:08.000Z</time></trkpt>
      <trkpt lat="57.4338956" lon="-5.7523414"><ele>315.3</ele><time>2026-09-12T09:59:09.000Z</time></trkpt>
      <trkpt lat="57.4337128" lon="-5.7524242"><ele>312.9</ele><time>2026-09-12T09:59:10.000Z</time></trkpt>
      <trkpt lat="57.4334965" lon="-5.7525118"><ele>313.1</ele><time>2026-09-12T09:59:11.000Z</time></trkpt>
      <trkpt lat="57.4332877" lon="-5.7526429"><ele>305.9</ele><time>2026-09-12T09:59:12.000Z</time></trkpt>
      <trkpt lat="57.4331053" lon="-5.7527628"><ele>308.3</ele><time>2026-09-12T09:59:13.000Z</time></trkpt>
      <trkpt lat="57.4329285" lon="-5.7528884"><ele>308.4</ele><time>2026-09-12T09:59:14.000Z</time></trkpt>
      <trkpt lat="57.4327115" lon="-5.7530767"><ele>301.9</ele><time>2026-09-12T09:59:15.000Z</time></trkpt>
      <trkpt lat="57.4325331" lon="-5.7531318"><ele>301.9</ele><time>2026-09-12T09:59:16.000Z</time></trkpt>
      <trkpt lat="57.4323913" lon="-5.7532485"><ele>303.9</ele><time>2026-09-12T09:59:17.000Z</time></trkpt>
      <trkpt lat="57.4321988" lon="-5.7533067"><ele>300.9</ele><time>2026-09-12T09:59:18.000Z</time></trkpt>
      <trkpt lat="57.4320473" lon="-5.7535379"><ele>306.9</ele><time>2026-09-12T09:59:19.000Z</time></trkpt>
      <trkpt lat="57.4320728" lon="-5.7537381"><ele>303.9</ele><time>2026-09-12T09:59:20.000Z</time></trkpt>
      <trkpt lat="57.4320631" lon="-5.7539051"><ele>303.5</ele><time>2026-09-12T09:59:21.000Z</time></trkpt>
      <trkpt lat="57.4320907" lon="-5.7542877"><ele>309.6</ele><time>2026-09-12T09:59:22.000Z</time></trkpt>
      <trkpt lat="57.4322339" lon="-5.7545636"><ele>303.9</ele><time>2026-09-12T09:59:23.000Z</time></trkpt>
      <trkpt lat="57.4322927" lon="-5.7548468"><ele>308.1</ele><time>2026-09-12T09:59:24.000Z</time></trkpt>
      <trkpt lat="57.4324471" lon="-5.7552190"><ele>306.3</ele><time>2026-09-12T09:59:25.000Z</time></trkpt>
      <trkpt lat="57.4324328" lon="-5.7554842"><ele>315.4</ele><time>2026-09-12T09:59:26.000Z</time></trkpt>
      <trkpt lat="57.4324803" lon="-5.7556001"><ele>316.5</ele><time>2026-09-12T09:59:27.000Z</time></trkpt>
      <trkpt lat="57.4323498" lon="-5.7559078"><ele>315.9</ele><time>2026-09-12T09:59:28.000Z</time></trkpt>
      <trkpt lat="57.4322035" lon="-5.7560157"><ele>305.9</ele><time>2026-09-12T09:59:29.000Z</time></trkpt>
      <trkpt lat="57.4320485" lon="-5.7561557"><ele>302.8</ele><time>2026-09-12T09:59:30.000Z</time></trkpt>
      <trkpt lat="57.4318672" lon="-5.7563150"><ele>309.1</ele><time>2026-09-12T09:59:31.000Z</time></trkpt>
      <trkpt lat="57.4316237" lon="-5.7564827"><ele>307.0</ele><time>2026-09-12T09:59:32.000Z</time></trkpt>
      <trkpt lat="57.4315157" lon="-5.7566783"><ele>303.6</ele><time>2026-09-12T09:59:33.000Z</time></trkpt>
      <trkpt lat="57.4313825" lon="-5.7569150"><ele>303.6</ele><time>2026-09-12T09:59:34.000Z</time></trkpt>
      <trkpt lat="57.4312798" lon="-5.7571320"><ele>303.5</ele><time>2026-09-12T09:59:35.000Z</time></trkpt>
      <trkpt lat="57.4311535" lon="-5.7574645"><ele>303.0</ele><time>2026-09-12T09:59:36.000Z</time></trkpt>
      <trkpt lat="57.4310394" lon="-5.7577946"><ele>297.4</ele><time>2026-09-12T09:59:37.000Z</time></trkpt>
      <trkpt lat="57.4309438" lon="-5.7581234"><ele>291.2</ele><time>2026-09-12T09:59:38.000Z</time></trkpt>
      <trkpt lat="57.4309283" lon="-5.7583896"><ele>291.7</ele><time>2026-09-12T09:59:39.000Z</time></trkpt>
      <trkpt lat="57.4309625" lon="-5.7586988"><ele>286.8</ele><time>2026-09-12T09:59:40.000Z</time></trkpt>
      <trkpt lat="57.4310608" lon="-5.7589480"><ele>285.8</ele><time>2026-09-12T09:59:41.000Z</time></trkpt>
      <trkpt lat="57.4312000" lon="-5.7592593"><ele>286.9</ele><time>2026-09-12T09:59:42.000Z</time></trkpt>
      <trkpt lat="57.4312879" lon="-5.7594895"><ele>291.7</ele><time>2026-09-12T09:59:43.000Z</time></trkpt>
      <trkpt lat="57.4314064" lon="-5.7598937"><ele>295.0</ele><time>2026-09-12T09:59:44.000Z</time></trkpt>
      <trkpt lat="57.4315067" lon="-5.7601180"><ele>293.7</ele><time>2026-09-12T09:59:45.000Z</time></trkpt>
      <trkpt lat="57.4316407" lon="-5.7603828"><ele>285.6</ele><time>2026-09-12T09:59:46.000Z</time></trkpt>
      <trkpt lat="57.4317242" lon="-5.7606140"><ele>283.6</ele><time>2026-09-12T09:59:47.000Z</time></trkpt>
      <trkpt lat="57.4318879" lon="-5.7609639"><ele>284.8</ele><time>2026-09-12T09:59:48.000Z</time></trkpt>
      <trkpt lat="57.4320475" lon="-5.7612248"><ele>281.9</ele><time>2026-09-12T09:59:49.000Z</time></trkpt>
      <trkpt lat="57.4321365" lon="-5.7614264"><ele>281.6</ele><time>2026-09-12T09:59:50.000Z</time></trkpt>
      <trkpt lat="57.4322753" lon="-5.7616998"><ele>285.7</ele><time>2026-09-12T09:59:51.000Z</time></trkpt>
      <trkpt lat="57.4324821" lon="-5.7619064"><ele>278.6</ele><time>2026-09-12T09:59:52.000Z</time></trkpt>
      <trkpt lat="57.4326673" lon="-5.7619262"><ele>274.3</ele><time>2026-09-12T09:59:53.000Z</time></trkpt>
      <trkpt lat="57.4327895" lon="-5.7620347"><ele>274.4</ele><time>2026-09-12T09:59:54.000Z</time></trkpt>
      <trkpt lat="57.4329631" lon="-5.7621268"><ele>266.1</ele><time>2026-09-12T09:59:55.000Z</time></trkpt>
      <trkpt lat="57.4331391" lon="-5.7623357"><ele>268.0</ele><time>2026-09-12T09:59:56.000Z</time></trkpt>
      <trkpt lat="57.4333258" lon="-5.7625829"><ele>271.5</ele><time>2026-09-12T09:59:57.000Z</time></trkpt>
      <trkpt lat="57.4334222" lon="-5.7626754"><ele>268.9</ele><time>2026-09-12T09:59:58.000Z</time></trkpt>
      <trkpt lat="57.4336009" lon="-5.7629764"><ele>266.0</ele><time>2026-09-12T09:59:59.000Z</time></trkpt>
      <trkpt lat="57.4336949" lon="-5.7631728"><ele>259.7</ele><time>2026-09-12T10:00:00.000Z</time></trkpt>
      <trkpt lat="57.4339245" lon="-5.7634239"><ele>250.3</ele><time>2026-09-12T10:00:01.000Z</time></trkpt>
      <trkpt lat="57.4340924" lon="-5.7637126"><ele>248.8</ele><time>2026-09-12T10:00:02.000Z</time></trkpt>
      <trkpt lat="57.4342121" lon="-5.7640127"><ele>248.0</ele><time>2026-09-12T10:00:03.000Z</time></trkpt>
      <trkpt lat="57.4343341" lon="-5.7641458"><ele>250.4</ele><time>2026-09-12T10:00:04.000Z</time></trkpt>
      <trkpt lat="57.4345066" lon="-5.7644059"><ele>246.2</ele><time>2026-09-12T10:00:05.000Z</time></trkpt>
      <trkpt lat="57.4346202" lon="-5.7646702"><ele>236.9</ele><time>2026-09-12T10:00:06.000Z</time></trkpt>
      <trkpt lat="57.4347693" lon="-5.7649108"><ele>238.7</ele><time>2026-09-12T10:00:07.000Z</time></trkpt>
      <trkpt lat="57.4348882" lon="-5.7650827"><ele>236.9</ele><time>2026-09-12T10:00:08.000Z</time></trkpt>
      <trkpt lat="57.4349896" lon="-5.7653845"><ele>241.2</ele><time>2026-09-12T10:00:09.000Z</time></trkpt>
      <trkpt lat="57.4351234" lon="-5.7656711"><ele>236.3</ele><time>2026-09-12T10:00:10.000Z</time></trkpt>
      <trkpt lat="57.4352476" lon="-5.7659039"><ele>235.3</ele><time>2026-09-12T10:00:11.000Z</time></trkpt>
      <trkpt lat="57.4354097" lon="-5.7662109"><ele>234.1</ele><time>2026-09-12T10:00:12.000Z</time></trkpt>
      <trkpt lat="57.4355531" lon="-5.7664657"><ele>231.3</ele><time>2026-09-12T10:00:13.000Z</time></trkpt>
      <trkpt lat="57.4356390" lon="-5.7667543"><ele>221.9</ele><time>2026-09-12T10:00:14.000Z</time></trkpt>
      <trkpt lat="57.4357404" lon="-5.7670278"><ele>221.3</ele><time>2026-09-12T10:00:15.000Z</time></trkpt>
      <trkpt lat="57.4357910" lon="-5.7672520"><ele>223.7</ele><time>2026-09-12T10:00:16.000Z</time></trkpt>
      <trkpt lat="57.4360089" lon="-5.7674871"><ele>220.0</ele><time>2026-09-12T10:00:17.000Z</time></trkpt>
      <trkpt lat="57.4361097" lon="-5.7676889"><ele>220.0</ele><time>2026-09-12T10:00:18.000Z</time></trkpt>
      <trkpt lat="57.4362018" lon="-5.7680239"><ele>217.9</ele><time>2026-09-12T10:00:19.000Z</time></trkpt>
      <trkpt lat="57.4362916" lon="-5.7683134"><ele>218.9</ele><time>2026-09-12T10:00:20.000Z</time></trkpt>
      <trkpt lat="57.4363717" lon="-5.7686677"><ele>222.2</ele><time>2026-09-12T10:00:21.000Z</time></trkpt>
      <trkpt lat="57.4364205" lon="-5.7691326"><ele>218.6</ele><time>2026-09-12T10:00:22.000Z</time></trkpt>
      <trkpt lat="57.4365414" lon="-5.7693126"><ele>213.8</ele><time>2026-09-12T10:00:23.000Z</time></trkpt>
      <trkpt lat="57.4366617" lon="-5.7697331"><ele>210.9</ele><time>2026-09-12T10:00:24.000Z</time></trkpt>
      <trkpt lat="57.4368211" lon="-5.7700025"><ele>211.0</ele><time>2026-09-12T10:00:25.000Z</time></trkpt>
      <trkpt lat="57.4369459" lon="-5.7702311"><ele>217.5</ele><time>2026-09-12T10:00:26.000Z</time></trkpt>
      <trkpt lat="57.4370734" lon="-5.7705576"><ele>221.2</ele><time>2026-09-12T10:00:27.000Z</time></trkpt>
      <trkpt lat="57.4371602" lon="-5.7707687"><ele>226.9</ele><time>2026-09-12T10:00:28.000Z</time></trkpt>
      <trkpt lat="57.4373226" lon="-5.7711096"><ele>231.0</ele><time>2026-09-12T10:00:29.000Z</time></trkpt>
      <trkpt lat="57.4373735" lon="-5.7714801"><ele>231.3</ele><time>2026-09-12T10:00:30.000Z</time></trkpt>
      <trkpt lat="57.4374741" lon="-5.7718051"><ele>230.4</ele><time>2026-09-12T10:00:31.000Z</time></trkpt>
      <trkpt lat="57.4375545" lon="-5.7721346"><ele>227.0</ele><time>2026-09-12T10:00:32.000Z</time></trkpt>
      <trkpt lat="57.4376702" lon="-5.7724072"><ele>219.9</ele><time>2026-09-12T10:00:33.000Z</time></trkpt>
      <trkpt lat="57.4377749" lon="-5.7727135"><ele>216.5</ele><time>2026-09-12T10:00:34.000Z</time></trkpt>
      <trkpt lat="57.4379053" lon="-5.7729668"><ele>220.3</ele><time>2026-09-12T10:00:35.000Z</time></trkpt>
      <trkpt lat="57.4379859" lon="-5.7731711"><ele>216.2</ele><time>2026-09-12T10:00:36.000Z</time></trkpt>
      <trkpt lat="57.4381268" lon="-5.7734177"><ele>216.0</ele><time>2026-09-12T10:00:37.000Z</time></trkpt>
      <trkpt lat="57.4382014" lon="-5.7735956"><ele>211.1</ele><time>2026-09-12T10:00:38.000Z</time></trkpt>
      <trkpt lat="57.4382871" lon="-5.7739598"><ele>217.4</ele><time>2026-09-12T10:00:39.000Z</time></trkpt>
      <trkpt lat="57.4384230" lon="-5.7741720"><ele>223.3</ele><time>2026-09-12T10:00:40.000Z</time></trkpt>
      <trkpt lat="57.4385325" lon="-5.7743524"><ele>227.1</ele><time>2026-09-12T10:00:41.000Z</time></trkpt>
      <trkpt lat="57.4386009" lon="-5.7745375"><ele>222.6</ele><time>2026-09-12T10:00:42.000Z</time></trkpt>
      <trkpt lat="57.4387684" lon="-5.7746943"><ele>215.4</ele><time>2026-09-12T10:00:43.000Z</time></trkpt>
      <trkpt lat="57.4388571" lon="-5.7748350"><ele>211.9</ele><time>2026-09-12T10:00:44.000Z</time></trkpt>
      <trkpt lat="57.4389734" lon="-5.7750487"><ele>209.2</ele><time>2026-09-12T10:00:45.000Z</time></trkpt>
      <trkpt lat="57.4390648" lon="-5.7752719"><ele>199.0</ele><time>2026-09-12T10:00:46.000Z</time></trkpt>
      <trkpt lat="57.4391578" lon="-5.7754569"><ele>203.7</ele><time>2026-09-12T10:00:47.000Z</time></trkpt>
      <trkpt lat="57.4391891" lon="-5.7756123"><ele>200.8</ele><time>2026-09-12T10:00:48.000Z</time></trkpt>
      <trkpt lat="57.4392129" lon="-5.7759448"><ele>202.0</ele><time>2026-09-12T10:00:49.000Z</time></trkpt>
      <trkpt lat="57.4392706" lon="-5.7761687"><ele>202.9</ele><time>2026-09-12T10:00:50.000Z</time></trkpt>
      <trkpt lat="57.4393270" lon="-5.7763350"><ele>204.0</ele><time>2026-09-12T10:00:51.000Z</time></trkpt>
      <trkpt lat="57.4393004" lon="-5.7767689"><ele>207.5</ele><time>2026-09-12T10:00:52.000Z</time></trkpt>
      <trkpt lat="57.4392887" lon="-5.7770201"><ele>209.8</ele><time>2026-09-12T10:00:53.000Z</time></trkpt>
      <trkpt lat="57.4392854" lon="-5.7773645"><ele>214.9</ele><time>2026-09-12T10:00:54.000Z</time></trkpt>
      <trkpt lat="57.4392255" lon="-5.7775994"><ele>214.7</ele><time>2026-09-12T10:00:55.000Z</time></trkpt>
      <trkpt lat="57.4391358" lon="-5.7779204"><ele>209.1</ele><time>2026-09-12T10:00:56.000Z</time></trkpt>
      <trkpt lat="57.4391573" lon="-5.7783082"><ele>206.6</ele><time>2026-09-12T10:00:57.000Z</time></trkpt>
      <trkpt lat="57.4391186" lon="-5.7786729"><ele>205.8</ele><time>2026-09-12T10:00:58.000Z</time></trkpt>
      <trkpt lat="57.4390975" lon="-5.7789204"><ele>208.6</ele><time>2026-09-12T10:00:59.000Z</time></trkpt>
      <trkpt lat="57.4390082" lon="-5.7792459"><ele>206.8</ele><time>2026-09-12T10:01:00.000Z</time></trkpt>
      <trkpt lat="57.4390047" lon="-5.7795489"><ele>208.0</ele><time>2026-09-12T10:01:01.000Z</time></trkpt>
      <trkpt lat="57.4389530" lon="-5.7800005"><ele>202.8</ele><time>2026-09-12T10:01:02.000Z</time></trkpt>
      <trkpt lat="57.4389529" lon="-5.7801987"><ele>203.5</ele><time>2026-09-12T10:01:03.000Z</time></trkpt>
      <trkpt lat="57.4388123" lon="-5.7804932"><ele>206.4</ele><time>2026-09-12T10:01:04.000Z</time></trkpt>
      <trkpt lat="57.4387821" lon="-5.7807053"><ele>208.7</ele><time>2026-09-12T10:01:05.000Z</time></trkpt>
      <trkpt lat="57.4387165" lon="-5.7809393"><ele>208.0</ele><time>2026-09-12T10:01:06.000Z</time></trkpt>
      <trkpt lat="57.4385954" lon="-5.7811899"><ele>202.8</ele><time>2026-09-12T10:01:07.000Z</time></trkpt>
      <trkpt lat="57.4384736" lon="-5.7815020"><ele>203.9</ele><time>2026-09-12T10:01:08.000Z</time></trkpt>
      <trkpt lat="57.4384255" lon="-5.7816669"><ele>202.1</ele><time>2026-09-12T10:01:09.000Z</time></trkpt>
      <trkpt lat="57.4383274" lon="-5.7819545"><ele>195.3</ele><time>2026-09-12T10:01:10.000Z</time></trkpt>
      <trkpt lat="57.4382540" lon="-5.7822037"><ele>197.2</ele><time>2026-09-12T10:01:11.000Z</time></trkpt>
      <trkpt lat="57.4381025" lon="-5.7824622"><ele>194.9</ele><time>2026-09-12T10:01:12.000Z</time></trkpt>
      <trkpt lat="57.4379455" lon="-5.7826428"><ele>196.3</ele><time>2026-09-12T10:01:13.000Z</time></trkpt>
      <trkpt lat="57.4379356" lon="-5.7829356"><ele>191.3</ele><time>2026-09-12T10:01:14.000Z</time></trkpt>
      <trkpt lat="57.4379138" lon="-5.7831865"><ele>186.9</ele><time>2026-09-12T10:01:15.000Z</time></trkpt>
      <trkpt lat="57.4378960" lon="-5.7833533"><ele>183.9</ele><time>2026-09-12T10:01:16.000Z</time></trkpt>
      <trkpt lat="57.4378993" lon="-5.7835124"><ele>182.5</ele><time>2026-09-12T10:01:17.000Z</time></trkpt>
      <trkpt lat="57.4378790" lon="-5.7837177"><ele>187.0</ele><time>2026-09-12T10:01:18.000Z</time></trkpt>
      <trkpt lat="57.4379684" lon="-5.7840384"><ele>186.7</ele><time>2026-09-12T10:01:19.000Z</time></trkpt>
      <trkpt lat="57.4379478" lon="-5.7842950"><ele>187.0</ele><time>2026-09-12T10:01:20.000Z</time></trkpt>
      <trkpt lat="57.4380000" lon="-5.7844174"><ele>189.9</ele><time>2026-09-12T10:01:21.000Z</time></trkpt>
      <trkpt lat="57.4379124" lon="-5.7846749"><ele>191.8</ele><time>2026-09-12T10:01:22.000Z</time></trkpt>
      <trkpt lat="57.4378601" lon="-5.7850017"><ele>198.6</ele><time>2026-09-12T10:01:23.000Z</time></trkpt>
      <trkpt lat="57.4378169" lon="-5.7853173"><ele>187.3</ele><time>2026-09-12T10:01:24.000Z</time></trkpt>
      <trkpt lat="57.4377887" lon="-5.7855257"><ele>185.4</ele><time>2026-09-12T10:01:25.000Z</time></trkpt>
      <trkpt lat="57.4376634" lon="-5.7857785"><ele>181.7</ele><time>2026-09-12T10:01:26.000Z</time></trkpt>
      <trkpt lat="57.4376936" lon="-5.7860843"><ele>171.6</ele><time>2026-09-12T10:01:27.000Z</time></trkpt>
      <trkpt lat="57.4376001" lon="-5.7863983"><ele>165.2</ele><time>2026-09-12T10:01:28.000Z</time></trkpt>
      <trkpt lat="57.4375762" lon="-5.7868213"><ele>160.5</ele><time>2026-09-12T10:01:29.000Z</time></trkpt>
      <trkpt lat="57.4375489" lon="-5.7870768"><ele>156.3</ele><time>2026-09-12T10:01:30.000Z</time></trkpt>
      <trkpt lat="57.4375031" lon="-5.7874129"><ele>150.6</ele><time>2026-09-12T10:01:31.000Z</time></trkpt>
      <trkpt lat="57.4373583" lon="-5.7877037"><ele>146.9</ele><time>2026-09-12T10:01:32.000Z</time></trkpt>
      <trkpt lat="57.4372735" lon="-5.7880706"><ele>137.4</ele><time>2026-09-12T10:01:33.000Z</time></trkpt>
      <trkpt lat="57.4372005" lon="-5.7883601"><ele>143.4</ele><time>2026-09-12T10:01:34.000Z</time></trkpt>
      <trkpt lat="57.4371054" lon="-5.7886797"><ele>151.2</ele><time>2026-09-12T10:01:35.000Z</time></trkpt>
      <trkpt lat="57.4370148" lon="-5.7890071"><ele>149.8</ele><time>2026-09-12T10:01:36.000Z</time></trkpt>
      <trkpt lat="57.4369770" lon="-5.7892854"><ele>150.0</ele><time>2026-09-12T10:01:37.000Z</time></trkpt>
      <trkpt lat="57.4368910" lon="-5.7895939"><ele>148.2</ele><time>2026-09-12T10:01:38.000Z</time></trkpt>
      <trkpt lat="57.4368554" lon="-5.7899348"><ele>145.8</ele><time>2026-09-12T10:01:39.000Z</time></trkpt>
      <trkpt lat="57.4367150" lon="-5.7901116"><ele>141.8</ele><time>2026-09-12T10:01:40.000Z</time></trkpt>
      <trkpt lat="57.4365855" lon="-5.7904240"><ele>142.8</ele><time>2026-09-12T10:01:41.000Z</time></trkpt>
      <trkpt lat="57.4365001" lon="-5.7906565"><ele>141.9</ele><time>2026-09-12T10:01:42.000Z</time></trkpt>
      <trkpt lat="57.4363226" lon="-5.7908746"><ele>147.1</ele><time>2026-09-12T10:01:43.000Z</time></trkpt>
      <trkpt lat="57.4362626" lon="-5.7910979"><ele>142.6</ele><time>2026-09-12T10:01:44.000Z</time></trkpt>
      <trkpt lat="57.4361929" lon="-5.7914434"><ele>142.5</ele><time>2026-09-12T10:01:45.000Z</time></trkpt>
      <trkpt lat="57.4361367" lon="-5.7917119"><ele>145.0</ele><time>2026-09-12T10:01:46.000Z</time></trkpt>
      <trkpt lat="57.4361479" lon="-5.7919905"><ele>147.4</ele><time>2026-09-12T10:01:47.000Z</time></trkpt>
      <trkpt lat="57.4360716" lon="-5.7923436"><ele>145.4</ele><time>2026-09-12T10:01:48.000Z</time></trkpt>
      <trkpt lat="57.4360413" lon="-5.7926396"><ele>138.4</ele><time>2026-09-12T10:01:49.000Z</time></trkpt>
      <trkpt lat="57.4360025" lon="-5.7929053"><ele>134.7</ele><time>2026-09-12T10:01:50.000Z</time></trkpt>
      <trkpt lat="57.4358792" lon="-5.7932961"><ele>139.1</ele><time>2026-09-12T10:01:51.000Z</time></trkpt>
      <trkpt lat="57.4357277" lon="-5.7935863"><ele>140.9</ele><time>2026-09-12T10:01:52.000Z</time></trkpt>
      <trkpt lat="57.4356114" lon="-5.7939818"><ele>130.0</ele><time>2026-09-12T10:01:53.000Z</time></trkpt>
      <trkpt lat="57.4355205" lon="-5.7942342"><ele>138.3</ele><time>2026-09-12T10:01:54.000Z</time></trkpt>
      <trkpt lat="57.4353982" lon="-5.7945212"><ele>138.5</ele><time>2026-09-12T10:01:55.000Z</time></trkpt>
      <trkpt lat="57.4352812" lon="-5.7948735"><ele>144.4</ele><time>2026-09-12T10:01:56.000Z</time></trkpt>
      <trkpt lat="57.4350582" lon="-5.7951718"><ele>145.6</ele><time>2026-09-12T10:01:57.000Z</time></trkpt>
      <trkpt lat="57.4348807" lon="-5.7954178"><ele>149.8</ele><time>2026-09-12T10:01:58.000Z</time></trkpt>
      <trkpt lat="57.4346881" lon="-5.7956756"><ele>153.3</ele><time>2026-09-12T10:01:59.000Z</time></trkpt>
      <trkpt lat="57.4345391" lon="-5.7959173"><ele>155.1</ele><time>2026-09-12T10:02:00.000Z</time></trkpt>
      <trkpt lat="57.4344442" lon="-5.7962429"><ele>147.1</ele><time>2026-09-12T10:02:01.000Z</time></trkpt>
      <trkpt lat="57.4343556" lon="-5.7965934"><ele>145.5</ele><time>2026-09-12T10:02:02.000Z</time></trkpt>
      <trkpt lat="57.4343870" lon="-5.7968788"><ele>137.2</ele><time>2026-09-12T10:02:03.000Z</time></trkpt>
      <trkpt lat="57.4343699" lon="-5.7972356"><ele>130.8</ele><time>2026-09-12T10:02:04.000Z</time></trkpt>
      <trkpt lat="57.4343388" lon="-5.7975302"><ele>127.3</ele><time>2026-09-12T10:02:05.000Z</time></trkpt>
      <trkpt lat="57.4344174" lon="-5.7978722"><ele>136.7</ele><time>2026-09-12T10:02:06.000Z</time></trkpt>
      <trkpt lat="57.4344009" lon="-5.7982748"><ele>134.4</ele><time>2026-09-12T10:02:07.000Z</time></trkpt>
      <trkpt lat="57.4344868" lon="-5.7985827"><ele>132.4</ele><time>2026-09-12T10:02:08.000Z</time></trkpt>
      <trkpt lat="57.4344590" lon="-5.7990035"><ele>127.4</ele><time>2026-09-12T10:02:09.000Z</time></trkpt>
      <trkpt lat="57.4345777" lon="-5.7992488"><ele>128.8</ele><time>2026-09-12T10:02:10.000Z</time></trkpt>
      <trkpt lat="57.4345865" lon="-5.7995451"><ele>126.8</ele><time>2026-09-12T10:02:11.000Z</time></trkpt>
      <trkpt lat="57.4346169" lon="-5.7999735"><ele>114.0</ele><time>2026-09-12T10:02:12.000Z</time></trkpt>
      <trkpt lat="57.4346810" lon="-5.8002223"><ele>115.8</ele><time>2026-09-12T10:02:13.000Z</time></trkpt>
      <trkpt lat="57.4346648" lon="-5.8005527"><ele>111.8</ele><time>2026-09-12T10:02:14.000Z</time></trkpt>
      <trkpt lat="57.4347211" lon="-5.8007666"><ele>104.0</ele><time>2026-09-12T10:02:15.000Z</time></trkpt>
      <trkpt lat="57.4346976" lon="-5.8011787"><ele>97.2</ele><time>2026-09-12T10:02:16.000Z</time></trkpt>
      <trkpt lat="57.4346383" lon="-5.8014794"><ele>97.3</ele><time>2026-09-12T10:02:17.000Z</time></trkpt>
      <trkpt lat="57.4345991" lon="-5.8019990"><ele>99.2</ele><time>2026-09-12T10:02:18.000Z</time></trkpt>
      <trkpt lat="57.4345793" lon="-5.8023512"><ele>102.4</ele><time>2026-09-12T10:02:19.000Z</time></trkpt>
      <trkpt lat="57.4345695" lon="-5.8026728"><ele>97.1</ele><time>2026-09-12T10:02:20.000Z</time></trkpt>
      <trkpt lat="57.4344406" lon="-5.8030236"><ele>101.1</ele><time>2026-09-12T10:02:21.000Z</time></trkpt>
      <trkpt lat="57.4343741" lon="-5.8034129"><ele>98.0</ele><time>2026-09-12T10:02:22.000Z</time></trkpt>
      <trkpt lat="57.4342582" lon="-5.8038272"><ele>91.1</ele><time>2026-09-12T10:02:23.000Z</time></trkpt>
      <trkpt lat="57.4341775" lon="-5.8040626"><ele>86.5</ele><time>2026-09-12T10:02:24.000Z</time></trkpt>
      <trkpt lat="57.4341573" lon="-5.8043157"><ele>93.3</ele><time>2026-09-12T10:02:25.000Z</time></trkpt>
      <trkpt lat="57.4340362" lon="-5.8046145"><ele>90.5</ele><time>2026-09-12T10:02:26.000Z</time></trkpt>
      <trkpt lat="57.4340125" lon="-5.8049144"><ele>85.1</ele><time>2026-09-12T10:02:27.000Z</time></trkpt>
      <trkpt lat="57.4339195" lon="-5.8051509"><ele>78.8</ele><time>2026-09-12T10:02:28.000Z</time></trkpt>
      <trkpt lat="57.4338442" lon="-5.8054713"><ele>84.4</ele><time>2026-09-12T10:02:29.000Z</time></trkpt>
      <trkpt lat="57.4337901" lon="-5.8058277"><ele>85.3</ele><time>2026-09-12T10:02:30.000Z</time></trkpt>
      <trkpt lat="57.4337022" lon="-5.8060128"><ele>82.3</ele><time>2026-09-12T10:02:31.000Z</time></trkpt>
      <trkpt lat="57.4336005" lon="-5.8063775"><ele>86.1</ele><time>2026-09-12T10:02:32.000Z</time></trkpt>
      <trkpt lat="57.4334846" lon="-5.8066780"><ele>88.9</ele><time>2026-09-12T10:02:33.000Z</time></trkpt>
      <trkpt lat="57.4334363" lon="-5.8069771"><ele>81.9</ele><time>2026-09-12T10:02:34.000Z</time></trkpt>
      <trkpt lat="57.4334173" lon="-5.8072337"><ele>80.7</ele><time>2026-09-12T10:02:35.000Z</time></trkpt>
      <trkpt lat="57.4332684" lon="-5.8075026"><ele>82.4</ele><time>2026-09-12T10:02:36.000Z</time></trkpt>
      <trkpt lat="57.4332111" lon="-5.8077769"><ele>82.7</ele><time>2026-09-12T10:02:37.000Z</time></trkpt>
      <trkpt lat="57.4331765" lon="-5.8079923"><ele>78.3</ele><time>2026-09-12T10:02:38.000Z</time></trkpt>
      <trkpt lat="57.4330978" lon="-5.8082592"><ele>78.9</ele><time>2026-09-12T10:02:39.000Z</time></trkpt>
      <trkpt lat="57.4330130" lon="-5.8085325"><ele>77.9</ele><time>2026-09-12T10:02:40.000Z</time></trkpt>
      <trkpt lat="57.4329901" lon="-5.8087051"><ele>81.8</ele><time>2026-09-12T10:02:41.000Z</time></trkpt>
      <trkpt lat="57.4329075" lon="-5.8089834"><ele>75.0</ele><time>2026-09-12T10:02:42.000Z</time></trkpt>
      <trkpt lat="57.4328208" lon="-5.8091032"><ele>76.4</ele><time>2026-09-12T10:02:43.000Z</time></trkpt>
      <trkpt lat="57.4328027" lon="-5.8093574"><ele>70.8</ele><time>2026-09-12T10:02:44.000Z</time></trkpt>
      <trkpt lat="57.4327742" lon="-5.8095162"><ele>64.2</ele><time>2026-09-12T10:02:45.000Z</time></trkpt>
      <trkpt lat="57.4326439" lon="-5.8095797"><ele>63.6</ele><time>2026-09-12T10:02:46.000Z</time></trkpt>
      <trkpt lat="57.4325608" lon="-5.8095791"><ele>71.2</ele><time>2026-09-12T10:02:47.000Z</time></trkpt>
      <trkpt lat="57.4324208" lon="-5.8095626"><ele>78.3</ele><time>2026-09-12T10:02:48.000Z</time></trkpt>
      <trkpt lat="57.4322727" lon="-5.8095602"><ele>73.9</ele><time>2026-09-12T10:02:49.000Z</time></trkpt>
      <trkpt lat="57.4321535" lon="-5.8095255"><ele>76.0</ele><time>2026-09-12T10:02:50.000Z</time></trkpt>
      <trkpt lat="57.4320233" lon="-5.8094722"><ele>70.8</ele><time>2026-09-12T10:02:51.000Z</time></trkpt>
      <trkpt lat="57.4319468" lon="-5.8095654"><ele>64.5</ele><time>2026-09-12T10:02:52.000Z</time></trkpt>
      <trkpt lat="57.4318590" lon="-5.8095412"><ele>70.8</ele><time>2026-09-12T10:02:53.000Z</time></trkpt>
      <trkpt lat="57.4318478" lon="-5.8096631"><ele>69.4</ele><time>2026-09-12T10:02:54.000Z</time></trkpt>
      <trkpt lat="57.4318673" lon="-5.8097376"><ele>69.0</ele><time>2026-09-12T10:02:55.000Z</time></trkpt>
      <trkpt lat="57.4319383" lon="-5.8098437"><ele>68.8</ele><time>2026-09-12T10:02:56.000Z</time></trkpt>
      <trkpt lat="57.4320365" lon="-5.8098126"><ele>71.9</ele><time>2026-09-12T10:02:57.000Z</time></trkpt>
      <trkpt lat="57.4320842" lon="-5.8097927"><ele>72.1</ele><time>2026-09-12T10:02:58.000Z</time></trkpt>
      <trkpt lat="57.4322184" lon="-5.8098857"><ele>70.6</ele><time>2026-09-12T10:02:59.000Z</time></trkpt>
      <trkpt lat="57.4323612" lon="-5.8099267"><ele>71.3</ele><time>2026-09-12T10:03:00.000Z</time></trkpt>
      <trkpt lat="57.4324397" lon="-5.8100553"><ele>67.7</ele><time>2026-09-12T10:03:01.000Z</time></trkpt>
      <trkpt lat="57.4325449" lon="-5.8102524"><ele>66.4</ele><time>2026-09-12T10:03:02.000Z</time></trkpt>
      <trkpt lat="57.4326660" lon="-5.8104175"><ele>68.2</ele><time>2026-09-12T10:03:03.000Z</time></trkpt>
      <trkpt lat="57.4327342" lon="-5.8106077"><ele>61.7</ele><time>2026-09-12T10:03:04.000Z</time></trkpt>
      <trkpt lat="57.4327823" lon="-5.8107165"><ele>46.9</ele><time>2026-09-12T10:03:05.000Z</time></trkpt>
      <trkpt lat="57.4328184" lon="-5.8109381"><ele>48.5</ele><time>2026-09-12T10:03:06.000Z</time></trkpt>
      <trkpt lat="57.4328481" lon="-5.8110246"><ele>47.4</ele><time>2026-09-12T10:03:07.000Z</time></trkpt>
      <trkpt lat="57.4328759" lon="-5.8110276"><ele>41.3</ele><time>2026-09-12T10:03:08.000Z</time></trkpt>
      <trkpt lat="57.4329122" lon="-5.8111042"><ele>42.7</ele><time>2026-09-12T10:03:09.000Z</time></trkpt>
      <trkpt lat="57.4329019" lon="-5.8111107"><ele>45.4</ele><time>2026-09-12T10:03:10.000Z</time></trkpt>
      <trkpt lat="57.4329138" lon="-5.8111226"><ele>51.0</ele><time>2026-09-12T10:03:15.000Z</time></trkpt>
      <trkpt lat="57.4328926" lon="-5.8111293"><ele>49.8</ele><time>2026-09-12T10:03:20.000Z</time></trkpt>
      <trkpt lat="57.4329140" lon="-5.8110994"><ele>49.5</ele><time>2026-09-12T10:03:25.000Z</time></trkpt>
      <trkpt lat="57.4328964" lon="-5.8111130"><ele>43.6</ele><time>2026-09-12T10:03:30.000Z</time></trkpt>
      <trkpt lat="57.4328914" lon="-5.8111026"><ele>51.2</ele><time>2026-09-12T10:03:35.000Z</time></trkpt>
      <trkpt lat="57.4328901" lon="-5.8111133"><ele>58.3</ele><time>2026-09-12T10:03:40.000Z</time></trkpt>
      <trkpt lat="57.4328828" lon="-5.8111832"><ele>60.1</ele><time>2026-09-12T10:03:45.000Z</time></trkpt>
      <trkpt lat="57.4328834" lon="-5.8112246"><ele>70.4</ele><time>2026-09-12T10:03:50.000Z</time></trkpt>
      <trkpt lat="57.4328821" lon="-5.8110873"><ele>73.9</ele><time>2026-09-12T10:03:55.000Z</time></trkpt>
      <trkpt lat="57.4329108" lon="-5.8111541"><ele>67.2</ele><time>2026-09-12T10:04:00.000Z</time></trkpt>
      <trkpt lat="57.4328708" lon="-5.8111317"><ele>59.7</ele><time>2026-09-12T10:04:05.000Z</time></trkpt>
      <trkpt lat="57.4328618" lon="-5.8111250"><ele>59.6</ele><time>2026-09-12T10:04:10.000Z</time></trkpt>
      <trkpt lat="57.4328879" lon="-5.8112265"><ele>66.2</ele><time>2026-09-12T10:04:15.000Z</time></trkpt>
      <trkpt lat="57.4329228" lon="-5.8111353"><ele>69.7</ele><time>2026-09-12T10:04:20.000Z</time></trkpt>
      <trkpt lat="57.4329056" lon="-5.8111286"><ele>69.6</ele><time>2026-09-12T10:04:25.000Z</time></trkpt>
      <trkpt lat="57.4328874" lon="-5.8110776"><ele>66.3</ele><time>2026-09-12T10:04:30.000Z</time></trkpt>
      <trkpt lat="57.4328809" lon="-5.8111352"><ele>68.9</ele><time>2026-09-12T10:04:35.000Z</time></trkpt>
      <trkpt lat="57.4329065" lon="-5.8111078"><ele>61.3</ele><time>2026-09-12T10:04:40.000Z</time></trkpt>
      <trkpt lat="57.4328849" lon="-5.8111294"><ele>61.0</ele><time>2026-09-12T10:04:45.000Z</time></trkpt>
      <trkpt lat="57.4328904" lon="-5.8109965"><ele>56.9</ele><time>2026-09-12T10:04:50.000Z</time></trkpt>
      <trkpt lat="57.4328858" lon="-5.8111112"><ele>60.4</ele><time>2026-09-12T10:04:55.000Z</time></trkpt>
      <trkpt lat="57.4328872" lon="-5.8111248"><ele>49.3</ele><time>2026-09-12T10:05:00.000Z</time></trkpt>
      <trkpt lat="57.4328810" lon="-5.8111512"><ele>41.2</ele><time>2026-09-12T10:05:05.000Z</time></trkpt>
      <trkpt lat="57.4328538" lon="-5.8111794"><ele>48.6</ele><time>2026-09-12T10:05:10.000Z</time></trkpt>
      <trkpt lat="57.4328673" lon="-5.8112096"><ele>45.2</ele><time>2026-09-12T10:05:15.000Z</time></trkpt>
      <trkpt lat="57.4328879" lon="-5.8111174"><ele>42.9</ele><time>2026-09-12T10:05:20.000Z</time></trkpt>
      <trkpt lat="57.4328914" lon="-5.8111547"><ele>49.8</ele><time>2026-09-12T10:05:25.000Z</time></trkpt>
      <trkpt lat="57.4328876" lon="-5.8111366"><ele>47.8</ele><time>2026-09-12T10:05:30.000Z</time></trkpt>
      <trkpt lat="57.4328933" lon="-5.8111082"><ele>45.7</ele><time>2026-09-12T10:05:35.000Z</time></trkpt>
      <trkpt lat="57.4328936" lon="-5.8110573"><ele>50.3</ele><time>2026-09-12T10:05:40.000Z</time></trkpt>
      <trkpt lat="57.4329115" lon="-5.8111725"><ele>54.9</ele><time>2026-09-12T10:05:45.000Z</time></trkpt>
      <trkpt lat="57.4329224" lon="-5.8111145"><ele>53.1</ele><time>2026-09-12T10:05:50.000Z</time></trkpt>
      <trkpt lat="57.4329098" lon="-5.8111480"><ele>54.5</ele><time>2026-09-12T10:05:55.000Z</time></trkpt>
      <trkpt lat="57.4329262" lon="-5.8110780"><ele>53.5</ele><time>2026-09-12T10:06:00.000Z</time></trkpt>
      <trkpt lat="57.4328698" lon="-5.8111268"><ele>52.3</ele><time>2026-09-12T10:06:05.000Z</time></trkpt>
      <trkpt lat="57.4329121" lon="-5.8111634"><ele>40.8</ele><time>2026-09-12T10:06:10.000Z</time></trkpt>
      <trkpt lat="57.4328791" lon="-5.8111262"><ele>49.0</ele><time>2026-09-12T10:06:15.000Z</time></trkpt>
      <trkpt lat="57.4328965" lon="-5.8111995"><ele>44.7</ele><time>2026-09-12T10:06:20.000Z</time></trkpt>
      <trkpt lat="57.4328822" lon="-5.8111292"><ele>52.5</ele><time>2026-09-12T10:06:25.000Z</time></trkpt>
      <trkpt lat="57.4328525" lon="-5.8110695"><ele>47.2</ele><time>2026-09-12T10:06:30.000Z</time></trkpt>
      <trkpt lat="57.4329235" lon="-5.8111420"><ele>45.9</ele><time>2026-09-12T10:06:35.000Z</time></trkpt>
      <trkpt lat="57.4329116" lon="-5.8110781"><ele>38.1</ele><time>2026-09-12T10:06:40.000Z</time></trkpt>
      <trkpt lat="57.4329050" lon="-5.8111364"><ele>37.4</ele><time>2026-09-12T10:06:45.000Z</time></trkpt>
      <trkpt lat="57.4328770" lon="-5.8110853"><ele>40.8</ele><time>2026-09-12T10:06:50.000Z</time></trkpt>
      <trkpt lat="57.4329301" lon="-5.8111129"><ele>42.1</ele><time>2026-09-12T10:06:55.000Z</time></trkpt>
      <trkpt lat="57.4328938" lon="-5.8111035"><ele>44.7</ele><time>2026-09-12T10:07:00.000Z</time></trkpt>
      <trkpt lat="57.4328969" lon="-5.8111551"><ele>37.0</ele><time>2026-09-12T10:07:05.000Z</time></trkpt>
      <trkpt lat="57.4328719" lon="-5.8110646"><ele>36.3</ele><time>2026-09-12T10:07:10.000Z</time></trkpt>
      <trkpt lat="57.4329025" lon="-5.8110960"><ele>42.2</ele><time>2026-09-12T10:07:15.000Z</time></trkpt>
      <trkpt lat="57.4329069" lon="-5.8111316"><ele>50.1</ele><time>2026-09-12T10:07:20.000Z</time></trkpt>
      <trkpt lat="57.4328933" lon="-5.8110922"><ele>45.2</ele><time>2026-09-12T10:07:25.000Z</time></trkpt>
      <trkpt lat="57.4329164" lon="-5.8110875"><ele>38.2</ele><time>2026-09-12T10:07:30.000Z</time></trkpt>
      <trkpt lat="57.4328476" lon="-5.8111151"><ele>38.1</ele><time>2026-09-12T10:07:35.000Z</time></trkpt>
      <trkpt lat="57.4328702" lon="-5.8111686"><ele>34.9</ele><time>2026-09-12T10:07:40.000Z</time></trkpt>
      <trkpt lat="57.4329361" lon="-5.8111051"><ele>37.0</ele><time>2026-09-12T10:07:45.000Z</time></trkpt>
      <trkpt lat="57.4328796" lon="-5.8111189"><ele>30.5</ele><time>2026-09-12T10:07:50.000Z</time></trkpt>
      <trkpt lat="57.4328781" lon="-5.8111181"><ele>32.8</ele><time>2026-09-12T10:07:55.000Z</time></trkpt>
      <trkpt lat="57.4328893" lon="-5.8110628"><ele>41.1</ele><time>2026-09-12T10:08:00.000Z</time></trkpt>
      <trkpt lat="57.4328663" lon="-5.8111482"><ele>42.7</ele><time>2026-09-12T10:08:05.000Z</time></trkpt>
      <trkpt lat="57.4328680" lon="-5.8110031"><ele>52.8</ele><time>2026-09-12T10:08:10.000Z</time></trkpt>
      <trkpt lat="57.4328968" lon="-5.8111417"><ele>55.2</ele><time>2026-09-12T10:08:15.000Z</time></trkpt>
      <trkpt lat="57.4328848" lon="-5.8111104"><ele>53.0</ele><time>2026-09-12T10:08:20.000Z</time></trkpt>
      <trkpt lat="57.4328786" lon="-5.8111163"><ele>57.5</ele><time>2026-09-12T10:08:25.000Z</time></trkpt>
      <trkpt lat="57.4329011" lon="-5.8111358"><ele>56.1</ele><time>2026-09-12T10:08:30.000Z</time></trkpt>
      <trkpt lat="57.4328937" lon="-5.8110756"><ele>56.4</ele><time>2026-09-12T10:08:35.000Z</time></trkpt>
      <trkpt lat="57.4328512" lon="-5.8111094"><ele>56.2</ele><time>2026-09-12T10:08:40.000Z</time></trkpt>
      <trkpt lat="57.4328730" lon="-5.8111335"><ele>59.8</ele><time>2026-09-12T10:08:45.000Z</time></trkpt>
      <trkpt lat="57.4328769" lon="-5.8111112"><ele>60.8</ele><time>2026-09-12T10:08:50.000Z</time></trkpt>
      <trkpt lat="57.4328619" lon="-5.8111347"><ele>61.2</ele><time>2026-09-12T10:08:55.000Z</time></trkpt>
      <trkpt lat="57.4328961" lon="-5.8111574"><ele>58.9</ele><time>2026-09-12T10:09:00.000Z</time></trkpt>
      <trkpt lat="57.4328584" lon="-5.8110934"><ele>72.9</ele><time>2026-09-12T10:09:05.000Z</time></trkpt>
      <trkpt lat="57.4329447" lon="-5.8111023"><ele>65.9</ele><time>2026-09-12T10:09:10.000Z</time></trkpt>
      <trkpt lat="57.4329034" lon="-5.8111111"><ele>66.7</ele><time>2026-09-12T10:09:15.000Z</time></trkpt>
      <trkpt lat="57.4328984" lon="-5.8111888"><ele>62.4</ele><time>2026-09-12T10:09:20.000Z</time></trkpt>
      <trkpt lat="57.4328769" lon="-5.8111840"><ele>69.9</ele><time>2026-09-12T10:09:25.000Z</time></trkpt>
      <trkpt lat="57.4328970" lon="-5.8111351"><ele>69.0</ele><time>2026-09-12T10:09:30.000Z</time></trkpt>
      <trkpt lat="57.4328865" lon="-5.8111759"><ele>70.9</ele><time>2026-09-12T10:09:35.000Z</time></trkpt>
      <trkpt lat="57.4328945" lon="-5.8111992"><ele>70.5</ele><time>2026-09-12T10:09:40.000Z</time></trkpt>
      <trkpt lat="57.4328217" lon="-5.8111947"><ele>68.6</ele><time>2026-09-12T10:09:45.000Z</time></trkpt>
      <trkpt lat="57.4328644" lon="-5.8111101"><ele>71.3</ele><time>2026-09-12T10:09:50.000Z</time></trkpt>
      <trkpt lat="57.4328979" lon="-5.8112088"><ele>72.8</ele><time>2026-09-12T10:09:55.000Z</time></trkpt>
      <trkpt lat="57.4328969" lon="-5.8111730"><ele>75.7</ele><time>2026-09-12T10:10:00.000Z</time></trkpt>
      <trkpt lat="57.4328510" lon="-5.8111167"><ele>76.6</ele><time>2026-09-12T10:10:05.000Z</time></trkpt>
      <trkpt lat="57.4328740" lon="-5.8111201"><ele>78.3</ele><time>2026-09-12T10:10:10.000Z</time></trkpt>
      <trkpt lat="57.4328603" lon="-5.8110873"><ele>84.6</ele><time>2026-09-12T10:10:15.000Z</time></trkpt>
      <trkpt lat="57.4329013" lon="-5.8111966"><ele>69.2</ele><time>2026-09-12T10:10:20.000Z</time></trkpt>
      <trkpt lat="57.4328968" lon="-5.8111075"><ele>65.5</ele><time>2026-09-12T10:10:25.000Z</time></trkpt>
      <trkpt lat="57.4328952" lon="-5.8110842"><ele>60.9</ele><time>2026-09-12T10:10:30.000Z</time></trkpt>
      <trkpt lat="57.4329103" lon="-5.8111350"><ele>54.6</ele><time>2026-09-12T10:10:35.000Z</time></trkpt>
      <trkpt lat="57.4328994" lon="-5.8111108"><ele>61.8</ele><time>2026-09-12T10:10:40.000Z</time></trkpt>
      <trkpt lat="57.4328675" lon="-5.8111192"><ele>66.6</ele><time>2026-09-12T10:10:45.000Z</time></trkpt>
      <trkpt lat="57.4328954" lon="-5.8111814"><ele>58.4</ele><time>2026-09-12T10:10:50.000Z</time></trkpt>
      <trkpt lat="57.4329249" lon="-5.8111280"><ele>55.1</ele><time>2026-09-12T10:10:55.000Z</time></trkpt>
      <trkpt lat="57.4328863" lon="-5.8111031"><ele>45.2</ele><time>2026-09-12T10:11:00.000Z</time></trkpt>
      <trkpt lat="57.4329249" lon="-5.8110848"><ele>51.8</ele><time>2026-09-12T10:11:05.000Z</time></trkpt>
      <trkpt lat="57.4328840" lon="-5.8111084"><ele>56.1</ele><time>2026-09-12T10:11:10.000Z</time></trkpt>
      <trkpt lat="57.4329029" lon="-5.8111723"><ele>61.3</ele><time>2026-09-12T10:11:15.000Z</time></trkpt>
      <trkpt lat="57.4328674" lon="-5.8112076"><ele>54.1</ele><time>2026-09-12T10:11:20.000Z</time></trkpt>
      <trkpt lat="57.4328871" lon="-5.8111638"><ele>55.5</ele><time>2026-09-12T10:11:25.000Z</time></trkpt>
      <trkpt lat="57.4328855" lon="-5.8111165"><ele>47.4</ele><time>2026-09-12T10:11:30.000Z</time></trkpt>
      <trkpt lat="57.4328554" lon="-5.8111209"><ele>45.1</ele><time>2026-09-12T10:11:35.000Z</time></trkpt>
      <trkpt lat="57.4329070" lon="-5.8110844"><ele>56.7</ele><time>2026-09-12T10:11:40.000Z</time></trkpt>
      <trkpt lat="57.4329052" lon="-5.8111828"><ele>58.6</ele><time>2026-09-12T10:11:45.000Z</time></trkpt>
      <trkpt lat="57.4328943" lon="-5.8110836"><ele>60.6</ele><time>2026-09-12T10:11:50.000Z</time></trkpt>
      <trkpt lat="57.4328867" lon="-5.8111187"><ele>70.2</ele><time>2026-09-12T10:11:55.000Z</time></trkpt>
      <trkpt lat="57.4329132" lon="-5.8111611"><ele>66.0</ele><time>2026-09-12T10:12:00.000Z</time></trkpt>
      <trkpt lat="57.4329072" lon="-5.8110919"><ele>62.6</ele><time>2026-09-12T10:12:05.000Z</time></trkpt>
      <trkpt lat="57.4328843" lon="-5.8112168"><ele>60.5</ele><time>2026-09-12T10:12:10.000Z</time></trkpt>
      <trkpt lat="57.4329196" lon="-5.8111599"><ele>64.5</ele><time>2026-09-12T10:12:15.000Z</time></trkpt>
      <trkpt lat="57.4328918" lon="-5.8111160"><ele>64.6</ele><time>2026-09-12T10:12:20.000Z</time></trkpt>
      <trkpt lat="57.4328377" lon="-5.8111365"><ele>63.6</ele><time>2026-09-12T10:12:25.000Z</time></trkpt>
      <trkpt lat="57.4328513" lon="-5.8111913"><ele>54.6</ele><time>2026-09-12T10:12:30.000Z</time></trkpt>
      <trkpt lat="57.4328939" lon="-5.8110801"><ele>53.3</ele><time>2026-09-12T10:12:35.000Z</time></trkpt>
      <trkpt lat="57.4329389" lon="-5.8110648"><ele>51.0</ele><time>2026-09-12T10:12:40.000Z</time></trkpt>
      <trkpt lat="57.4328633" lon="-5.8111066"><ele>46.6</ele><time>2026-09-12T10:12:45.000Z</time></trkpt>
      <trkpt lat="57.4329011" lon="-5.8111199"><ele>50.7</ele><time>2026-09-12T10:12:50.000Z</time></trkpt>
      <trkpt lat="57.4328819" lon="-5.8111201"><ele>45.2</ele><time>2026-09-12T10:12:55.000Z</time></trkpt>
      <trkpt lat="57.4328527" lon="-5.8110860"><ele>44.1</ele><time>2026-09-12T10:13:00.000Z</time></trkpt>
      <trkpt lat="57.4328845" lon="-5.8111116"><ele>36.8</ele><time>2026-09-12T10:13:05.000Z</time></trkpt>
      <trkpt lat="57.4328741" lon="-5.8111161"><ele>37.3</ele><time>2026-09-12T10:13:10.000Z</time></trkpt>
      <trkpt lat="57.4328910" lon="-5.8112133"><ele>38.1</ele><time>2026-09-12T10:13:15.000Z</time></trkpt>
      <trkpt lat="57.4329118" lon="-5.8111035"><ele>37.8</ele><time>2026-09-12T10:13:20.000Z</time></trkpt>
      <trkpt lat="57.4328780" lon="-5.8110782"><ele>39.5</ele><time>2026-09-12T10:13:25.000Z</time></trkpt>
      <trkpt lat="57.4328924" lon="-5.8111424"><ele>38.0</ele><time>2026-09-12T10:13:30.000Z</time></trkpt>
      <trkpt lat="57.4328754" lon="-5.8110967"><ele>32.4</ele><time>2026-09-12T10:13:35.000Z</time></trkpt>
      <trkpt lat="57.4328802" lon="-5.8110835"><ele>38.3</ele><time>2026-09-12T10:13:40.000Z</time></trkpt>
      <trkpt lat="57.4328794" lon="-5.8111393"><ele>39.0</ele><time>2026-09-12T10:13:45.000Z</time></trkpt>
      <trkpt lat="57.4329021" lon="-5.8111264"><ele>40.8</ele><time>2026-09-12T10:13:50.000Z</time></trkpt>
      <trkpt lat="57.4328942" lon="-5.8110962"><ele>47.4</ele><time>2026-09-12T10:13:55.000Z</time></trkpt>
      <trkpt lat="57.4329120" lon="-5.8111196"><ele>45.0</ele><time>2026-09-12T10:14:00.000Z</time></trkpt>
      <trkpt lat="57.4328780" lon="-5.8110738"><ele>36.7</ele><time>2026-09-12T10:14:05.000Z</time></trkpt>
      <trkpt lat="57.4329188" lon="-5.8110961"><ele>32.9</ele><time>2026-09-12T10:14:10.000Z</time></trkpt>
      <trkpt lat="57.4328785" lon="-5.8111030"><ele>28.7</ele><time>2026-09-12T10:14:15.000Z</time></trkpt>
      <trkpt lat="57.4329146" lon="-5.8111398"><ele>29.4</ele><time>2026-09-12T10:14:20.000Z</time></trkpt>
      <trkpt lat="57.4329147" lon="-5.8111583"><ele>23.0</ele><time>2026-09-12T10:14:25.000Z</time></trkpt>
      <trkpt lat="57.4329153" lon="-5.8111447"><ele>23.6</ele><time>2026-09-12T10:14:30.000Z</time></trkpt>
      <trkpt lat="57.4329022" lon="-5.8111441"><ele>15.2</ele><time>2026-09-12T10:14:35.000Z</time></trkpt>
      <trkpt lat="57.4328919" lon="-5.8111950"><ele>14.7</ele><time>2026-09-12T10:14:40.000Z</time></trkpt>
      <trkpt lat="57.4329085" lon="-5.8110797"><ele>7.6</ele><time>2026-09-12T10:14:45.000Z</time></trkpt>
      <trkpt lat="57.4328660" lon="-5.8111636"><ele>7.3</ele><time>2026-09-12T10:14:50.000Z</time></trkpt>
      <trkpt lat="57.4329003" lon="-5.8110988"><ele>7.0</ele><time>2026-09-12T10:14:55.000Z</time></trkpt>
      <trkpt lat="57.4328839" lon="-5.8111707"><ele>2.2</ele><time>2026-09-12T10:15:00.000Z</time></trkpt>
      <trkpt lat="57.4329131" lon="-5.8111610"><ele>2.4</ele><time>2026-09-12T10:15:05.000Z</time></trkpt>
      <trkpt lat="57.4329029" lon="-5.8111580"><ele>-2.6</ele><time>2026-09-12T10:15:10.000Z</time></trkpt>
      <trkpt lat="57.4328862" lon="-5.8111305"><ele>-5.2</ele><time>2026-09-12T10:15:15.000Z</time></trkpt>
      <trkpt lat="57.4329058" lon="-5.8111508"><ele>-4.5</ele><time>2026-09-12T10:15:20.000Z</time></trkpt>
      <trkpt lat="57.4329163" lon="-5.8111414"><ele>-4.9</ele><time>2026-09-12T10:15:25.000Z</time></trkpt>
      <trkpt lat="57.4328697" lon="-5.8110828"><ele>-0.2</ele><time>2026-09-12T10:15:30.000Z</time></trkpt>
      <trkpt lat="57.4328669" lon="-5.8111934"><ele>1.5</ele><time>2026-09-12T10:15:35.000Z</time></trkpt>
      <trkpt lat="57.4328411" lon="-5.8111506"><ele>0.8</ele><time>2026-09-12T10:15:40.000Z</time></trkpt>
      <trkpt lat="57.4329160" lon="-5.8111451"><ele>4.3</ele><time>2026-09-12T10:15:45.000Z</time></trkpt>
      <trkpt lat="57.4329081" lon="-5.8110889"><ele>7.8</ele><time>2026-09-12T10:15:50.000Z</time></trkpt>
      <trkpt lat="57.4329091" lon="-5.8111019"><ele>16.7</ele><time>2026-09-12T10:15:55.000Z</time></trkpt>
      <trkpt lat="57.4328986" lon="-5.8110818"><ele>18.2</ele><time>2026-09-12T10:16:00.000Z</time></trkpt>
      <trkpt lat="57.4328548" lon="-5.8110937"><ele>26.6</ele><time>2026-09-12T10:16:05.000Z</time></trkpt>
      <trkpt lat="57.4328817" lon="-5.8111804"><ele>30.4</ele><time>2026-09-12T10:16:10.000Z</time></trkpt>
      <trkpt lat="57.4328932" lon="-5.8111583"><ele>33.8</ele><time>2026-09-12T10:16:15.000Z</time></trkpt>
      <trkpt lat="57.4329213" lon="-5.8111554"><ele>44.2</ele><time>2026-09-12T10:16:20.000Z</time></trkpt>
      <trkpt lat="57.4329164" lon="-5.8111123"><ele>46.9</ele><time>2026-09-12T10:16:25.000Z</time></trkpt>
      <trkpt lat="57.4328468" lon="-5.8111281"><ele>43.5</ele><time>2026-09-12T10:16:30.000Z</time></trkpt>
      <trkpt lat="57.4329077" lon="-5.8111453"><ele>39.4</ele><time>2026-09-12T10:16:35.000Z</time></trkpt>
      <trkpt lat="57.4328946" lon="-5.8110698"><ele>35.2</ele><time>2026-09-12T10:16:40.000Z</time></trkpt>
      <trkpt lat="57.4328532" lon="-5.8111752"><ele>43.2</ele><time>2026-09-12T10:16:45.000Z</time></trkpt>
      <trkpt lat="57.4329509" lon="-5.8111304"><ele>37.5</ele><time>2026-09-12T10:16:50.000Z</time></trkpt>
      <trkpt lat="57.4328763" lon="-5.8110866"><ele>35.1</ele><time>2026-09-12T10:16:55.000Z</time></trkpt>
      <trkpt lat="57.4328279" lon="-5.8110664"><ele>25.4</ele><time>2026-09-12T10:17:00.000Z</time></trkpt>
      <trkpt lat="57.4329129" lon="-5.8111753"><ele>25.7</ele><time>2026-09-12T10:17:05.000Z</time></trkpt>
      <trkpt lat="57.4329229" lon="-5.8111772"><ele>25.8</ele><time>2026-09-12T10:17:10.000Z</time></trkpt>
      <trkpt lat="57.4328984" lon="-5.8111410"><ele>24.7</ele><time>2026-09-12T10:17:15.000Z</time></trkpt>
      <trkpt lat="57.4328797" lon="-5.8110901"><ele>29.0</ele><time>2026-09-12T10:17:20.000Z</time></trkpt>
      <trkpt lat="57.4328690" lon="-5.8112003"><ele>32.1</ele><time>2026-09-12T10:17:25.000Z</time></trkpt>
      <trkpt lat="57.4328949" lon="-5.8111158"><ele>25.7</ele><time>2026-09-12T10:17:30.000Z</time></trkpt>
      <trkpt lat="57.4328859" lon="-5.8111218"><ele>28.8</ele><time>2026-09-12T10:17:35.000Z</time></trkpt>
      <trkpt lat="57.4329544" lon="-5.8111404"><ele>26.4</ele><time>2026-09-12T10:17:40.000Z</time></trkpt>
      <trkpt lat="57.4329233" lon="-5.8111585"><ele>28.1</ele><time>2026-09-12T10:17:45.000Z</time></trkpt>
      <trkpt lat="57.4328850" lon="-5.8110519"><ele>34.6</ele><time>2026-09-12T10:17:50.000Z</time></trkpt>
      <trkpt lat="57.4329240" lon="-5.8110607"><ele>30.1</ele><time>2026-09-12T10:17:55.000Z</time></trkpt>
      <trkpt lat="57.4329095" lon="-5.8111674"><ele>30.9</ele><time>2026-09-12T10:18:00.000Z</time></trkpt>
      <trkpt lat="57.4329002" lon="-5.8111069"><ele>26.1</ele><time>2026-09-12T10:18:05.000Z</time></trkpt>
      <trkpt lat="57.4328660" lon="-5.8110860"><ele>26.8</ele><time>2026-09-12T10:18:10.000Z</time></trkpt>
      <trkpt lat="57.4329057" lon="-5.8111206"><ele>25.9</ele><time>2026-09-12T10:18:15.000Z</time></trkpt>
      <trkpt lat="57.4328556" lon="-5.8110536"><ele>33.1</ele><time>2026-09-12T10:18:20.000Z</time></trkpt>
      <trkpt lat="57.4328929" lon="-5.8111177"><ele>34.8</ele><time>2026-09-12T10:18:25.000Z</time></trkpt>
      <trkpt lat="57.4328892" lon="-5.8111673"><ele>35.8</ele><time>2026-09-12T10:18:30.000Z</time></trkpt>
      <trkpt lat="57.4329247" lon="-5.8110635"><ele>36.5</ele><time>2026-09-12T10:18:35.000Z</time></trkpt>
      <trkpt lat="57.4328819" lon="-5.8111875"><ele>35.5</ele><time>2026-09-12T10:18:40.000Z</time></trkpt>
      <trkpt lat="57.4328657" lon="-5.8110550"><ele>44.4</ele><time>2026-09-12T10:18:45.000Z</time></trkpt>
      <trkpt lat="57.4328740" lon="-5.8111326"><ele>47.6</ele><time>2026-09-12T10:18:50.000Z</time></trkpt>
      <trkpt lat="57.4328998" lon="-5.8111196"><ele>46.4</ele><time>2026-09-12T10:18:55.000Z</time></trkpt>
      <trkpt lat="57.4329219" lon="-5.8111506"><ele>50.5</ele><time>2026-09-12T10:19:00.000Z</time></trkpt>
      <trkpt lat="57.4328715" lon="-5.8110227"><ele>57.4</ele><time>2026-09-12T10:19:05.000Z</time></trkpt>
      <trkpt lat="57.4328987" lon="-5.8111366"><ele>55.8</ele><time>2026-09-12T10:19:10.000Z</time></trkpt>
      <trkpt lat="57.4328950" lon="-5.8111172"><ele>46.6</ele><time>2026-09-12T10:19:15.000Z</time></trkpt>
      <trkpt lat="57.4328944" lon="-5.8110698"><ele>47.3</ele><time>2026-09-12T10:19:20.000Z</time></trkpt>
      <trkpt lat="57.4328762" lon="-5.8110943"><ele>51.3</ele><time>2026-09-12T10:19:25.000Z</time></trkpt>
      <trkpt lat="57.4329028" lon="-5.8111009"><ele>57.0</ele><time>2026-09-12T10:19:30.000Z</time></trkpt>
      <trkpt lat="57.4328931" lon="-5.8110922"><ele>52.9</ele><time>2026-09-12T10:19:35.000Z</time></trkpt>
      <trkpt lat="57.4328852" lon="-5.8111195"><ele>48.5</ele><time>2026-09-12T10:19:40.000Z</time></trkpt>
      <trkpt lat="57.4328764" lon="-5.8111020"><ele>52.9</ele><time>2026-09-12T10:19:45.000Z</time></trkpt>
      <trkpt lat="57.4328764" lon="-5.8110702"><ele>45.8</ele><time>2026-09-12T10:19:50.000Z</time></trkpt>
      <trkpt lat="57.4329024" lon="-5.8111297"><ele>40.7</ele><time>2026-09-12T10:19:55.000Z</time></trkpt>
      <trkpt lat="57.4328782" lon="-5.8111082"><ele>32.4</ele><time>2026-09-12T10:20:00.000Z</time></trkpt>
      <trkpt lat="57.4328677" lon="-5.8110098"><ele>34.7</ele><time>2026-09-12T10:20:05.000Z</time></trkpt>
      <trkpt lat="57.4328680" lon="-5.8111272"><ele>32.9</ele><time>2026-09-12T10:20:10.000Z</time></trkpt>
      <trkpt lat="57.4328403" lon="-5.8111431"><ele>25.7</ele><time>2026-09-12T10:20:15.000Z</time></trkpt>
      <trkpt lat="57.4328706" lon="-5.8111547"><ele>22.2</ele><time>2026-09-12T10:20:20.000Z</time></trkpt>
      <trkpt lat="57.4328950" lon="-5.8111674"><ele>22.4</ele><time>2026-09-12T10:20:25.000Z</time></trkpt>
      <trkpt lat="57.4329051" lon="-5.8111491"><ele>19.2</ele><time>2026-09-12T10:20:30.000Z</time></trkpt>
      <trkpt lat="57.4329199" lon="-5.8112180"><ele>23.3</ele><time>2026-09-12T10:20:35.000Z</time></trkpt>
      <trkpt lat="57.4329145" lon="-5.8111400"><ele>19.8</ele><time>2026-09-12T10:20:40.000Z</time></trkpt>
      <trkpt lat="57.4329048" lon="-5.8110805"><ele>25.7</ele><time>2026-09-12T10:20:45.000Z</time></trkpt>
      <trkpt lat="57.4328794" lon="-5.8111730"><ele>25.1</ele><time>2026-09-12T10:20:50.000Z</time></trkpt>
      <trkpt lat="57.4329251" lon="-5.8111230"><ele>26.4</ele><time>2026-09-12T10:20:55.000Z</time></trkpt>
      <trkpt lat="57.4328774" lon="-5.8110974"><ele>26.3</ele><time>2026-09-12T10:21:00.000Z</time></trkpt>
      <trkpt lat="57.4329202" lon="-5.8110649"><ele>31.3</ele><time>2026-09-12T10:21:05.000Z</time></trkpt>
      <trkpt lat="57.4328695" lon="-5.8111782"><ele>30.5</ele><time>2026-09-12T10:21:10.000Z</time></trkpt>
      <trkpt lat="57.4328889" lon="-5.8111136"><ele>34.5</ele><time>2026-09-12T10:21:15.000Z</time></trkpt>
      <trkpt lat="57.4328738" lon="-5.8111219"><ele>28.6</ele><time>2026-09-12T10:21:20.000Z</time></trkpt>
      <trkpt lat="57.4328663" lon="-5.8111976"><ele>19.7</ele><time>2026-09-12T10:21:25.000Z</time></trkpt>
      <trkpt lat="57.4329278" lon="-5.8112054"><ele>23.1</ele><time>2026-09-12T10:21:30.000Z</time></trkpt>
      <trkpt lat="57.4328793" lon="-5.8112061"><ele>12.0</ele><time>2026-09-12T10:21:35.000Z</time></trkpt>
      <trkpt lat="57.4329212" lon="-5.8110150"><ele>14.2</ele><time>2026-09-12T10:21:40.000Z</time></trkpt>
      <trkpt lat="57.4328826" lon="-5.8110982"><ele>7.5</ele><time>2026-09-12T10:21:45.000Z</time></trkpt>
      <trkpt lat="57.4328385" lon="-5.8111469"><ele>-1.8</ele><time>2026-09-12T10:21:50.000Z</time></trkpt>
      <trkpt lat="57.4328975" lon="-5.8110649"><ele>-6.0</ele><time>2026-09-12T10:21:55.000Z</time></trkpt>
      <trkpt lat="57.4328695" lon="-5.8111037"><ele>-6.9</ele><time>2026-09-12T10:22:00.000Z</time></trkpt>
      <trkpt lat="57.4328898" lon="-5.8111694"><ele>2.3</ele><time>2026-09-12T10:22:05.000Z</time></trkpt>
      <trkpt lat="57.4329177" lon="-5.8111425"><ele>11.2</ele><time>2026-09-12T10:22:10.000Z</time></trkpt>
      <trkpt lat="57.4329329" lon="-5.8110558"><ele>7.8</ele><time>2026-09-12T10:22:15.000Z</time></trkpt>
      <trkpt lat="57.4328729" lon="-5.8111064"><ele>11.0</ele><time>2026-09-12T10:22:20.000Z</time></trkpt>
      <trkpt lat="57.4328986" lon="-5.8111633"><ele>10.3</ele><time>2026-09-12T10:22:25.000Z</time></trkpt>
      <trkpt lat="57.4329027" lon="-5.8111601"><ele>4.4</ele><time>2026-09-12T10:22:30.000Z</time></trkpt>
      <trkpt lat="57.4328900" lon="-5.8111583"><ele>-2.1</ele><time>2026-09-12T10:22:35.000Z</time></trkpt>
      <trkpt lat="57.4328842" lon="-5.8111317"><ele>-1.5</ele><time>2026-09-12T10:22:40.000Z</time></trkpt>
      <trkpt lat="57.4328869" lon="-5.8110177"><ele>-3.8</ele><time>2026-09-12T10:22:45.000Z</time></trkpt>
      <trkpt lat="57.4328815" lon="-5.8111497"><ele>-6.3</ele><time>2026-09-12T10:22:50.000Z</time></trkpt>
      <trkpt lat="57.4329075" lon="-5.8110823"><ele>-5.4</ele><time>2026-09-12T10:22:55.000Z</time></trkpt>
      <trkpt lat="57.4329252" lon="-5.8111601"><ele>0.9</ele><time>2026-09-12T10:23:00.000Z</time></trkpt>
      <trkpt lat="57.4328657" lon="-5.8110861"><ele>5.6</ele><time>2026-09-12T10:23:05.000Z</time></trkpt>
      <trkpt lat="57.4328900" lon="-5.8111055"><ele>4.5</ele><time>2026-09-12T10:23:10.000Z</time></trkpt>
      <trkpt lat="57.4328833" lon="-5.8111514"><ele>10.1</ele><time>2026-09-12T10:23:15.000Z</time></trkpt>
      <trkpt lat="57.4329011" lon="-5.8111098"><ele>7.3</ele><time>2026-09-12T10:23:20.000Z</time></trkpt>
      <trkpt lat="57.4329188" lon="-5.8111843"><ele>12.7</ele><time>2026-09-12T10:23:25.000Z</time></trkpt>
      <trkpt lat="57.4329001" lon="-5.8110824"><ele>17.6</ele><time>2026-09-12T10:23:30.000Z</time></trkpt>
      <trkpt lat="57.4328580" lon="-5.8111057"><ele>18.2</ele><time>2026-09-12T10:23:35.000Z</time></trkpt>
      <trkpt lat="57.4328778" lon="-5.8111097"><ele>12.9</ele><time>2026-09-12T10:23:40.000Z</time></trkpt>
      <trkpt lat="57.4329186" lon="-5.8111704"><ele>20.8</ele><time>2026-09-12T10:23:45.000Z</time></trkpt>
      <trkpt lat="57.4328863" lon="-5.8110999"><ele>28.7</ele><time>2026-09-12T10:23:50.000Z</time></trkpt>
      <trkpt lat="57.4328596" lon="-5.8110629"><ele>33.1</ele><time>2026-09-12T10:23:55.000Z</time></trkpt>
      <trkpt lat="57.4329116" lon="-5.8111182"><ele>34.4</ele><time>2026-09-12T10:24:00.000Z</time></trkpt>
      <trkpt lat="57.4329106" lon="-5.8111555"><ele>28.6</ele><time>2026-09-12T10:24:05.000Z</time></trkpt>
      <trkpt lat="57.4329089" lon="-5.8111082"><ele>24.5</ele><time>2026-09-12T10:24:10.000Z</time></trkpt>
      <trkpt lat="57.4328867" lon="-5.8111382"><ele>20.4</ele><time>2026-09-12T10:24:15.000Z</time></trkpt>
      <trkpt lat="57.4328865" lon="-5.8111954"><ele>17.1</ele><time>2026-09-12T10:24:20.000Z</time></trkpt>
      <trkpt lat="57.4328782" lon="-5.8111286"><ele>16.9</ele><time>2026-09-12T10:24:25.000Z</time></trkpt>
      <trkpt lat="57.4328701" lon="-5.8110982"><ele>18.9</ele><time>2026-09-12T10:24:30.000Z</time></trkpt>
      <trkpt lat="57.4328887" lon="-5.8111426"><ele>22.4</ele><time>2026-09-12T10:24:35.000Z</time></trkpt>
      <trkpt lat="57.4328856" lon="-5.8111548"><ele>19.9</ele><time>2026-09-12T10:24:40.000Z</time></trkpt>
      <trkpt lat="57.4329060" lon="-5.8110699"><ele>20.3</ele><time>2026-09-12T10:24:45.000Z</time></trkpt>
      <trkpt lat="57.4328857" lon="-5.8111247"><ele>23.0</ele><time>2026-09-12T10:24:50.000Z</time></trkpt>
      <trkpt lat="57.4328880" lon="-5.8110937"><ele>16.0</ele><time>2026-09-12T10:24:55.000Z</time></trkpt>
      <trkpt lat="57.4329002" lon="-5.8111263"><ele>17.8</ele><time>2026-09-12T10:25:00.000Z</time></trkpt>
      <trkpt lat="57.4329493" lon="-5.8111819"><ele>19.3</ele><time>2026-09-12T10:25:05.000Z</time></trkpt>
      <trkpt lat="57.4328834" lon="-5.8110591"><ele>17.7</ele><time>2026-09-12T10:25:10.000Z</time></trkpt>
      <trkpt lat="57.4329059" lon="-5.8111513"><ele>19.7</ele><time>2026-09-12T10:25:15.000Z</time></trkpt>
      <trkpt lat="57.4328989" lon="-5.8110282"><ele>20.1</ele><time>2026-09-12T10:25:20.000Z</time></trkpt>
      <trkpt lat="57.4329331" lon="-5.8110689"><ele>22.7</ele><time>2026-09-12T10:25:25.000Z</time></trkpt>
      <trkpt lat="57.4328923" lon="-5.8111036"><ele>18.2</ele><time>2026-09-12T10:25:30.000Z</time></trkpt>
      <trkpt lat="57.4328556" lon="-5.8111299"><ele>22.1</ele><time>2026-09-12T10:25:35.000Z</time></trkpt>
      <trkpt lat="57.4328821" lon="-5.8111093"><ele>27.9</ele><time>2026-09-12T10:25:40.000Z</time></trkpt>
      <trkpt lat="57.4328901" lon="-5.8110993"><ele>27.8</ele><time>2026-09-12T10:25:45.000Z</time></trkpt>
      <trkpt lat="57.4328787" lon="-5.8111558"><ele>27.9</ele><time>2026-09-12T10:25:50.000Z</time></trkpt>
      <trkpt lat="57.4328688" lon="-5.8111273"><ele>29.5</ele><time>2026-09-12T10:25:55.000Z</time></trkpt>
      <trkpt lat="57.4329290" lon="-5.8111517"><ele>29.0</ele><time>2026-09-12T10:26:00.000Z</time></trkpt>
      <trkpt lat="57.4328833" lon="-5.8111394"><ele>32.2</ele><time>2026-09-12T10:26:05.000Z</time></trkpt>
      <trkpt lat="57.4328622" lon="-5.8110829"><ele>32.3</ele><time>2026-09-12T10:26:10.000Z</time></trkpt>
      <trkpt lat="57.4329141" lon="-5.8111004"><ele>29.8</ele><time>2026-09-12T10:26:15.000Z</time></trkpt>
      <trkpt lat="57.4328887" lon="-5.8111675"><ele>34.8</ele><time>2026-09-12T10:26:20.000Z</time></trkpt>
      <trkpt lat="57.4328867" lon="-5.8110443"><ele>32.7</ele><time>2026-09-12T10:26:25.000Z</time></trkpt>
      <trkpt lat="57.4328831" lon="-5.8111263"><ele>27.9</ele><time>2026-09-12T10:26:30.000Z</time></trkpt>
      <trkpt lat="57.4329037" lon="-5.8111210"><ele>30.9</ele><time>2026-09-12T10:26:35.000Z</time></trkpt>
      <trkpt lat="57.4328856" lon="-5.8111337"><ele>31.2</ele><time>2026-09-12T10:26:40.000Z</time></trkpt>
      <trkpt lat="57.4328793" lon="-5.8111540"><ele>24.9</ele><time>2026-09-12T10:26:45.000Z</time></trkpt>
      <trkpt lat="57.4329092" lon="-5.8111639"><ele>25.7</ele><time>2026-09-12T10:26:50.000Z</time></trkpt>
      <trkpt lat="57.4328868" lon="-5.8111266"><ele>26.9</ele><time>2026-09-12T10:26:55.000Z</time></trkpt>
      <trkpt lat="57.4328689" lon="-5.8111550"><ele>26.9</ele><time>2026-09-12T10:27:00.000Z</time></trkpt>
      <trkpt lat="57.4328785" lon="-5.8111503"><ele>27.1</ele><time>2026-09-12T10:27:05.000Z</time></trkpt>
      <trkpt lat="57.4328845" lon="-5.8110375"><ele>24.7</ele><time>2026-09-12T10:27:10.000Z</time></trkpt>
      <trkpt lat="57.4328762" lon="-5.8110992"><ele>33.8</ele><time>2026-09-12T10:27:15.000Z</time></trkpt>
      <trkpt lat="57.4329039" lon="-5.8111087"><ele>31.8</ele><time>2026-09-12T10:27:20.000Z</time></trkpt>
      <trkpt lat="57.4328398" lon="-5.8111399"><ele>36.1</ele><time>2026-09-12T10:27:25.000Z</time></trkpt>
      <trkpt lat="57.4329142" lon="-5.8111649"><ele>41.4</ele><time>2026-09-12T10:27:30.000Z</time></trkpt>
      <trkpt lat="57.4328936" lon="-5.8111585"><ele>42.1</ele><time>2026-09-12T10:27:35.000Z</time></trkpt>
      <trkpt lat="57.4328832" lon="-5.8110954"><ele>41.5</ele><time>2026-09-12T10:27:40.000Z</time></trkpt>
      <trkpt lat="57.4329216" lon="-5.8111742"><ele>39.9</ele><time>2026-09-12T10:27:45.000Z</time></trkpt>
      <trkpt lat="57.4328817" lon="-5.8111272"><ele>32.2</ele><time>2026-09-12T10:27:50.000Z</time></trkpt>
      <trkpt lat="57.4328855" lon="-5.8111434"><ele>31.4</ele><time>2026-09-12T10:27:55.000Z</time></trkpt>
      <trkpt lat="57.4328757" lon="-5.8110803"><ele>40.0</ele><time>2026-09-12T10:28:00.000Z</time></trkpt>
      <trkpt lat="57.4329305" lon="-5.8111571"><ele>40.0</ele><time>2026-09-12T10:28:05.000Z</time></trkpt>
      <trkpt lat="57.4329190" lon="-5.8110980"><ele>44.3</ele><time>2026-09-12T10:28:10.000Z</time></trkpt>
      <trkpt lat="57.4328631" lon="-5.8110379"><ele>42.8</ele><time>2026-09-12T10:28:15.000Z</time></trkpt>
      <trkpt lat="57.4329004" lon="-5.8111071"><ele>40.3</ele><time>2026-09-12T10:28:20.000Z</time></trkpt>
      <trkpt lat="57.4328701" lon="-5.8111222"><ele>38.0</ele><time>2026-09-12T10:28:25.000Z</time></trkpt>
      <trkpt lat="57.4328595" lon="-5.8111550"><ele>40.7</ele><time>2026-09-12T10:28:30.000Z</time></trkpt>
      <trkpt lat="57.4328971" lon="-5.8111248"><ele>34.1</ele><time>2026-09-12T10:28:35.000Z</time></trkpt>
      <trkpt lat="57.4328626" lon="-5.8110909"><ele>29.6</ele><time>2026-09-12T10:28:40.000Z</time></trkpt>
      <trkpt lat="57.4328622" lon="-5.8111270"><ele>36.6</ele><time>2026-09-12T10:28:45.000Z</time></trkpt>
      <trkpt lat="57.4328794" lon="-5.8111227"><ele>37.1</ele><time>2026-09-12T10:28:50.000Z</time></trkpt>
      <trkpt lat="57.4328859" lon="-5.8111271"><ele>43.6</ele><time>2026-09-12T10:28:55.000Z</time></trkpt>
      <trkpt lat="57.4329000" lon="-5.8110974"><ele>42.5</ele><time>2026-09-12T10:29:00.000Z</time></trkpt>
      <trkpt lat="57.4328835" lon="-5.8111024"><ele>39.7</ele><time>2026-09-12T10:29:05.000Z</time></trkpt>
      <trkpt lat="57.4329025" lon="-5.8111162"><ele>40.3</ele><time>2026-09-12T10:29:10.000Z</time></trkpt>
      <trkpt lat="57.4328763" lon="-5.8110925"><ele>32.8</ele><time>2026-09-12T10:29:15.000Z</time></trkpt>
      <trkpt lat="57.4328532" lon="-5.8111166"><ele>33.2</ele><time>2026-09-12T10:29:20.000Z</time></trkpt>
      <trkpt lat="57.4328957" lon="-5.8111360"><ele>29.9</ele><time>2026-09-12T10:29:25.000Z</time></trkpt>
      <trkpt lat="57.4328893" lon="-5.8111320"><ele>28.3</ele><time>2026-09-12T10:29:30.000Z</time></trkpt>
      <trkpt lat="57.4328843" lon="-5.8112093"><ele>29.8</ele><time>2026-09-12T10:29:35.000Z</time></trkpt>
      <trkpt lat="57.4328795" lon="-5.8111160"><ele>27.5</ele><time>2026-09-12T10:29:40.000Z</time></trkpt>
      <trkpt lat="57.4328893" lon="-5.8111506"><ele>26.7</ele><time>2026-09-12T10:29:45.000Z</time></trkpt>
      <trkpt lat="57.4329041" lon="-5.8111899"><ele>26.3</ele><time>2026-09-12T10:29:50.000Z</time></trkpt>
      <trkpt lat="57.4329101" lon="-5.8111153"><ele>36.3</ele><time>2026-09-12T10:29:55.000Z</time></trkpt>
      <trkpt lat="57.4328971" lon="-5.8111686"><ele>35.2</ele><time>2026-09-12T10:30:00.000Z</time></trkpt>
      <trkpt lat="57.4328723" lon="-5.8111135"><ele>35.8</ele><time>2026-09-12T10:30:05.000Z</time></trkpt>
      <trkpt lat="57.4329313" lon="-5.8110966"><ele>44.4</ele><time>2026-09-12T10:30:10.000Z</time></trkpt>
      <trkpt lat="57.4329025" lon="-5.8110970"><ele>35.9</ele><time>2026-09-12T10:30:15.000Z</time></trkpt>
      <trkpt lat="57.4329314" lon="-5.8111851"><ele>27.6</ele><time>2026-09-12T10:30:20.000Z</time></trkpt>
      <trkpt lat="57.4328744" lon="-5.8111761"><ele>24.8</ele><time>2026-09-12T10:30:25.000Z</time></trkpt>
      <trkpt lat="57.4328983" lon="-5.8111651"><ele>20.9</ele><time>2026-09-12T10:30:30.000Z</time></trkpt>
      <trkpt lat="57.4328802" lon="-5.8110955"><ele>11.7</ele><time>2026-09-12T10:30:35.000Z</time></trkpt>
      <trkpt lat="57.4328978" lon="-5.8110880"><ele>6.0</ele><time>2026-09-12T10:30:40.000Z</time></trkpt>
      <trkpt lat="57.4328694" lon="-5.8111136"><ele>13.0</ele><time>2026-09-12T10:30:45.000Z</time></trkpt>
      <trkpt lat="57.4328781" lon="-5.8111284"><ele>14.2</ele><time>2026-09-12T10:30:50.000Z</time></trkpt>
      <trkpt lat="57.4328764" lon="-5.8111136"><ele>17.2</ele><time>2026-09-12T10:30:55.000Z</time></trkpt>
      <trkpt lat="57.4329121" lon="-5.8110800"><ele>19.6</ele><time>2026-09-12T10:31:00.000Z</time></trkpt>
      <trkpt lat="57.4328757" lon="-5.8111474"><ele>21.4</ele><time>2026-09-12T10:31:05.000Z</time></trkpt>
      <trkpt lat="57.4328732" lon="-5.8111325"><ele>17.6</ele><time>2026-09-12T10:31:10.000Z</time></trkpt>
      <trkpt lat="57.4328930" lon="-5.8110951"><ele>16.8</ele><time>2026-09-12T10:31:15.000Z</time></trkpt>
      <trkpt lat="57.4328921" lon="-5.8111064"><ele>14.1</ele><time>2026-09-12T10:31:20.000Z</time></trkpt>
      <trkpt lat="57.4328424" lon="-5.8111052"><ele>8.6</ele><time>2026-09-12T10:31:25.000Z</time></trkpt>
      <trkpt lat="57.4328968" lon="-5.8111423"><ele>7.1</ele><time>2026-09-12T10:31:30.000Z</time></trkpt>
      <trkpt lat="57.4328918" lon="-5.8110729"><ele>11.0</ele><time>2026-09-12T10:31:35.000Z</time></trkpt>
      <trkpt lat="57.4328606" lon="-5.8110848"><ele>16.3</ele><time>2026-09-12T10:31:40.000Z</time></trkpt>
      <trkpt lat="57.4329002" lon="-5.8110421"><ele>27.1</ele><time>2026-09-12T10:31:45.000Z</time></trkpt>
      <trkpt lat="57.4328730" lon="-5.8112285"><ele>29.7</ele><time>2026-09-12T10:31:50.000Z</time></trkpt>
      <trkpt lat="57.4329138" lon="-5.8111406"><ele>26.9</ele><time>2026-09-12T10:31:55.000Z</time></trkpt>
      <trkpt lat="57.4328708" lon="-5.8110763"><ele>28.7</ele><time>2026-09-12T10:32:00.000Z</time></trkpt>
      <trkpt lat="57.4328419" lon="-5.8111037"><ele>32.6</ele><time>2026-09-12T10:32:05.000Z</time></trkpt>
      <trkpt lat="57.4328803" lon="-5.8111599"><ele>24.2</ele><time>2026-09-12T10:32:10.000Z</time></trkpt>
      <trkpt lat="57.4328753" lon="-5.8110669"><ele>32.6</ele><time>2026-09-12T10:32:15.000Z</time></trkpt>
      <trkpt lat="57.4328947" lon="-5.8111484"><ele>36.2</ele><time>2026-09-12T10:32:20.000Z</time></trkpt>
      <trkpt lat="57.4328886" lon="-5.8111844"><ele>32.8</ele><time>2026-09-12T10:32:25.000Z</time></trkpt>
      <trkpt lat="57.4328811" lon="-5.8110418"><ele>28.5</ele><time>2026-09-12T10:32:30.000Z</time></trkpt>
      <trkpt lat="57.4328989" lon="-5.8111133"><ele>21.3</ele><time>2026-09-12T10:32:35.000Z</time></trkpt>
      <trkpt lat="57.4328973" lon="-5.8111484"><ele>21.0</ele><time>2026-09-12T10:32:40.000Z</time></trkpt>
      <trkpt lat="57.4329001" lon="-5.8110954"><ele>20.5</ele><time>2026-09-12T10:32:45.000Z</time></trkpt>
      <trkpt lat="57.4329006" lon="-5.8111076"><ele>19.1</ele><time>2026-09-12T10:32:50.000Z</time></trkpt>
      <trkpt lat="57.4328736" lon="-5.8110891"><ele>18.2</ele><time>2026-09-12T10:32:55.000Z</time></trkpt>
      <trkpt lat="57.4328745" lon="-5.8111780"><ele>22.6</ele><time>2026-09-12T10:33:00.000Z</time></trkpt>
      <trkpt lat="57.4328584" lon="-5.8110939"><ele>25.7</ele><time>2026-09-12T10:33:05.000Z</time></trkpt>
      <trkpt lat="57.4329204" lon="-5.8110861"><ele>27.5</ele><time>2026-09-12T10:33:10.000Z</time></trkpt>
      <trkpt lat="57.4328698" lon="-5.8110554"><ele>23.6</ele><time>2026-09-12T10:33:15.000Z</time></trkpt>
      <trkpt lat="57.4328715" lon="-5.8111232"><ele>18.8</ele><time>2026-09-12T10:33:20.000Z</time></trkpt>
      <trkpt lat="57.4329084" lon="-5.8111486"><ele>20.2</ele><time>2026-09-12T10:33:25.000Z</time></trkpt>
      <trkpt lat="57.4329373" lon="-5.8110773"><ele>22.9</ele><time>2026-09-12T10:33:30.000Z</time></trkpt>
      <trkpt lat="57.4328662" lon="-5.8110912"><ele>18.7</ele><time>2026-09-12T10:33:35.000Z</time></trkpt>
      <trkpt lat="57.4329382" lon="-5.8111159"><ele>29.3</ele><time>2026-09-12T10:33:40.000Z</time></trkpt>
      <trkpt lat="57.4328916" lon="-5.8110482"><ele>25.4</ele><time>2026-09-12T10:33:45.000Z</time></trkpt>
      <trkpt lat="57.4329348" lon="-5.8111586"><ele>25.6</ele><time>2026-09-12T10:33:50.000Z</time></trkpt>
      <trkpt lat="57.4328761" lon="-5.8111887"><ele>22.8</ele><time>2026-09-12T10:33:55.000Z</time></trkpt>
      <trkpt lat="57.4328884" lon="-5.8111865"><ele>21.3</ele><time>2026-09-12T10:34:00.000Z</time></trkpt>
      <trkpt lat="57.4328998" lon="-5.8111050"><ele>24.7</ele><time>2026-09-12T10:34:05.000Z</time></trkpt>
      <trkpt lat="57.4329103" lon="-5.8111459"><ele>24.0</ele><time>2026-09-12T10:34:10.000Z</time></trkpt>
      <trkpt lat="57.4329201" lon="-5.8110919"><ele>20.2</ele><time>2026-09-12T10:34:15.000Z</time></trkpt>
      <trkpt lat="57.4328785" lon="-5.8111763"><ele>23.7</ele><time>2026-09-12T10:34:20.000Z</time></trkpt>
      <trkpt lat="57.4329296" lon="-5.8111714"><ele>20.7</ele><time>2026-09-12T10:34:25.000Z</time></trkpt>
      <trkpt lat="57.4328643" lon="-5.8111135"><ele>19.1</ele><time>2026-09-12T10:34:30.000Z</time></trkpt>
      <trkpt lat="57.4328763" lon="-5.8111427"><ele>27.8</ele><time>2026-09-12T10:34:35.000Z</time></trkpt>
      <trkpt lat="57.4328759" lon="-5.8111850"><ele>31.6</ele><time>2026-09-12T10:34:40.000Z</time></trkpt>
      <trkpt lat="57.4329057" lon="-5.8110666"><ele>38.9</ele><time>2026-09-12T10:34:45.000Z</time></trkpt>
      <trkpt lat="57.4328982" lon="-5.8111121"><ele>43.7</ele><time>2026-09-12T10:34:50.000Z</time></trkpt>
      <trkpt lat="57.4329224" lon="-5.8111768"><ele>42.3</ele><time>2026-09-12T10:34:55.000Z</time></trkpt>
      <trkpt lat="57.4329151" lon="-5.8111655"><ele>37.7</ele><time>2026-09-12T10:35:00.000Z</time></trkpt>
      <trkpt lat="57.4329017" lon="-5.8111342"><ele>35.9</ele><time>2026-09-12T10:35:05.000Z</time></trkpt>
      <trkpt lat="57.4329082" lon="-5.8111214"><ele>32.3</ele><time>2026-09-12T10:35:10.000Z</time></trkpt>
      <trkpt lat="57.4328484" lon="-5.8111463"><ele>35.9</ele><time>2026-09-12T10:35:15.000Z</time></trkpt>
      <trkpt lat="57.4328894" lon="-5.8111461"><ele>38.1</ele><time>2026-09-12T10:35:20.000Z</time></trkpt>
      <trkpt lat="57.4328700" lon="-5.8110805"><ele>31.0</ele><time>2026-09-12T10:35:25.000Z</time></trkpt>
      <trkpt lat="57.4328732" lon="-5.8111266"><ele>40.0</ele><time>2026-09-12T10:35:30.000Z</time></trkpt>
      <trkpt lat="57.4328333" lon="-5.8111146"><ele>46.1</ele><time>2026-09-12T10:35:35.000Z</time></trkpt>
      <trkpt lat="57.4328749" lon="-5.8111187"><ele>43.7</ele><time>2026-09-12T10:35:40.000Z</time></trkpt>
      <trkpt lat="57.4328982" lon="-5.8110585"><ele>35.9</ele><time>2026-09-12T10:35:45.000Z</time></trkpt>
      <trkpt lat="57.4328628" lon="-5.8111822"><ele>42.1</ele><time>2026-09-12T10:35:50.000Z</time></trkpt>
      <trkpt lat="57.4329002" lon="-5.8111800"><ele>40.6</ele><time>2026-09-12T10:35:55.000Z</time></trkpt>
      <trkpt lat="57.4328664" lon="-5.8110935"><ele>45.1</ele><time>2026-09-12T10:36:00.000Z</time></trkpt>
      <trkpt lat="57.4329002" lon="-5.8110966"><ele>42.0</ele><time>2026-09-12T10:36:05.000Z</time></trkpt>
      <trkpt lat="57.4328825" lon="-5.8111703"><ele>38.5</ele><time>2026-09-12T10:36:10.000Z</time></trkpt>
      <trkpt lat="57.4329193" lon="-5.8111206"><ele>44.6</ele><time>2026-09-12T10:36:15.000Z</time></trkpt>
      <trkpt lat="57.4328936" lon="-5.8111140"><ele>48.2</ele><time>2026-09-12T10:36:20.000Z</time></trkpt>
      <trkpt lat="57.4328873" lon="-5.8110998"><ele>51.5</ele><time>2026-09-12T10:36:25.000Z</time></trkpt>
      <trkpt lat="57.4328550" lon="-5.8110753"><ele>54.1</ele><time>2026-09-12T10:36:30.000Z</time></trkpt>
      <trkpt lat="57.4328679" lon="-5.8111340"><ele>55.7</ele><time>2026-09-12T10:36:35.000Z</time></trkpt>
      <trkpt lat="57.4329173" lon="-5.8110725"><ele>57.8</ele><time>2026-09-12T10:36:40.000Z</time></trkpt>
      <trkpt lat="57.4328928" lon="-5.8110647"><ele>56.4</ele><time>2026-09-12T10:36:45.000Z</time></trkpt>
      <trkpt lat="57.4329045" lon="-5.8111432"><ele>51.6</ele><time>2026-09-12T10:36:50.000Z</time></trkpt>
      <trkpt lat="57.4328756" lon="-5.8111667"><ele>53.7</ele><time>2026-09-12T10:36:55.000Z</time></trkpt>
      <trkpt lat="57.4328957" lon="-5.8111578"><ele>54.2</ele><time>2026-09-12T10:37:00.000Z</time></trkpt>
      <trkpt lat="57.4329087" lon="-5.8111705"><ele>57.2</ele><time>2026-09-12T10:37:05.000Z</time></trkpt>
      <trkpt lat="57.4329385" lon="-5.8111587"><ele>53.8</ele><time>2026-09-12T10:37:10.000Z</time></trkpt>
      <trkpt lat="57.4328879" lon="-5.8111506"><ele>48.4</ele><time>2026-09-12T10:37:15.000Z</time></trkpt>
      <trkpt lat="57.4328858" lon="-5.8111168"><ele>44.7</ele><time>2026-09-12T10:37:20.000Z</time></trkpt>
      <trkpt lat="57.4328752" lon="-5.8110817"><ele>49.3</ele><time>2026-09-12T10:37:25.000Z</time></trkpt>
      <trkpt lat="57.4328838" lon="-5.8111637"><ele>51.6</ele><time>2026-09-12T10:37:30.000Z</time></trkpt>
      <trkpt lat="57.4329076" lon="-5.8110564"><ele>47.6</ele><time>2026-09-12T10:37:35.000Z</time></trkpt>
      <trkpt lat="57.4329150" lon="-5.8111389"><ele>43.7</ele><time>2026-09-12T10:37:40.000Z</time></trkpt>
      <trkpt lat="57.4329168" lon="-5.8111079"><ele>50.5</ele><time>2026-09-12T10:37:45.000Z</time></trkpt>
      <trkpt lat="57.4328794" lon="-5.8111386"><ele>48.3</ele><time>2026-09-12T10:37:50.000Z</time></trkpt>
      <trkpt lat="57.4328995" lon="-5.8111575"><ele>40.6</ele><time>2026-09-12T10:37:55.000Z</time></trkpt>
      <trkpt lat="57.4329349" lon="-5.8110910"><ele>35.6</ele><time>2026-09-12T10:38:00.000Z</time></trkpt>
      <trkpt lat="57.4329032" lon="-5.8111359"><ele>43.5</ele><time>2026-09-12T10:38:05.000Z</time></trkpt>
      <trkpt lat="57.4328913" lon="-5.8111250"><ele>45.9</ele><time>2026-09-12T10:38:10.000Z</time></trkpt>
      <trkpt lat="57.4328861" lon="-5.8111006"><ele>46.6</ele><time>2026-09-12T10:38:15.000Z</time></trkpt>
      <trkpt lat="57.4328628" lon="-5.8110908"><ele>47.9</ele><time>2026-09-12T10:38:20.000Z</time></trkpt>
      <trkpt lat="57.4329017" lon="-5.8110826"><ele>50.5</ele><time>2026-09-12T10:38:25.000Z</time></trkpt>
      <trkpt lat="57.4328649" lon="-5.8110821"><ele>43.0</ele><time>2026-09-12T10:38:30.000Z</time></trkpt>
      <trkpt lat="57.4328991" lon="-5.8112091"><ele>36.3</ele><time>2026-09-12T10:38:35.000Z</time></trkpt>
      <trkpt lat="57.4328860" lon="-5.8111323"><ele>32.1</ele><time>2026-09-12T10:38:40.000Z</time></trkpt>
      <trkpt lat="57.4329342" lon="-5.8110683"><ele>32.0</ele><time>2026-09-12T10:38:45.000Z</time></trkpt>
      <trkpt lat="57.4329128" lon="-5.8110815"><ele>26.4</ele><time>2026-09-12T10:38:50.000Z</time></trkpt>
      <trkpt lat="57.4329040" lon="-5.8110661"><ele>23.2</ele><time>2026-09-12T10:38:55.000Z</time></trkpt>
      <trkpt lat="57.4328859" lon="-5.8111078"><ele>25.2</ele><time>2026-09-12T10:39:00.000Z</time></trkpt>
      <trkpt lat="57.4328785" lon="-5.8111443"><ele>27.9</ele><time>2026-09-12T10:39:05.000Z</time></trkpt>
      <trkpt lat="57.4328929" lon="-5.8112653"><ele>28.9</ele><time>2026-09-12T10:39:10.000Z</time></trkpt>
      <trkpt lat="57.4329396" lon="-5.8110686"><ele>26.1</ele><time>2026-09-12T10:39:15.000Z</time></trkpt>
      <trkpt lat="57.4328779" lon="-5.8111363"><ele>20.8</ele><time>2026-09-12T10:39:20.000Z</time></trkpt>
      <trkpt lat="57.4328841" lon="-5.8111704"><ele>24.0</ele><time>2026-09-12T10:39:25.000Z</time></trkpt>
      <trkpt lat="57.4328967" lon="-5.8111535"><ele>25.2</ele><time>2026-09-12T10:39:30.000Z</time></trkpt>
      <trkpt lat="57.4328934" lon="-5.8110760"><ele>19.7</ele><time>2026-09-12T10:39:35.000Z</time></trkpt>
      <trkpt lat="57.4328964" lon="-5.8111820"><ele>9.4</ele><time>2026-09-12T10:39:40.000Z</time></trkpt>
      <trkpt lat="57.4329096" lon="-5.8110545"><ele>14.6</ele><time>2026-09-12T10:39:45.000Z</time></trkpt>
      <trkpt lat="57.4328930" lon="-5.8111063"><ele>13.2</ele><time>2026-09-12T10:39:50.000Z</time></trkpt>
      <trkpt lat="57.4328942" lon="-5.8111550"><ele>11.0</ele><time>2026-09-12T10:39:55.000Z</time></trkpt>
      <trkpt lat="57.4328923" lon="-5.8110401"><ele>3.7</ele><time>2026-09-12T10:40:00.000Z</time></trkpt>
      <trkpt lat="57.4328834" lon="-5.8111206"><ele>-0.9</ele><time>2026-09-12T10:40:05.000Z</time></trkpt>
      <trkpt lat="57.4328675" lon="-5.8111696"><ele>-0.6</ele><time>2026-09-12T10:40:10.000Z</time></trkpt>
      <trkpt lat="57.4329053" lon="-5.8111785"><ele>4.6</ele><time>2026-09-12T10:40:15.000Z</time></trkpt>
      <trkpt lat="57.4329242" lon="-5.8111337"><ele>12.9</ele><time>2026-09-12T10:40:20.000Z</time></trkpt>
      <trkpt lat="57.4329015" lon="-5.8111420"><ele>17.6</ele><time>2026-09-12T10:40:25.000Z</time></trkpt>
      <trkpt lat="57.4328747" lon="-5.8111049"><ele>24.5</ele><time>2026-09-12T10:40:30.000Z</time></trkpt>
      <trkpt lat="57.4329349" lon="-5.8112008"><ele>19.9</ele><time>2026-09-12T10:40:35.000Z</time></trkpt>
      <trkpt lat="57.4329032" lon="-5.8110990"><ele>13.6</ele><time>2026-09-12T10:40:40.000Z</time></trkpt>
      <trkpt lat="57.4329080" lon="-5.8111104"><ele>17.6</ele><time>2026-09-12T10:40:45.000Z</time></trkpt>
      <trkpt lat="57.4328699" lon="-5.8110523"><ele>16.9</ele><time>2026-09-12T10:40:50.000Z</time></trkpt>
      <trkpt lat="57.4329038" lon="-5.8111356"><ele>11.7</ele><time>2026-09-12T10:40:55.000Z</time></trkpt>
      <trkpt lat="57.4328711" lon="-5.8111400"><ele>9.0</ele><time>2026-09-12T10:41:00.000Z</time></trkpt>
      <trkpt lat="57.4329444" lon="-5.8110548"><ele>12.2</ele><time>2026-09-12T10:41:05.000Z</time></trkpt>
      <trkpt lat="57.4328761" lon="-5.8111029"><ele>14.3</ele><time>2026-09-12T10:41:10.000Z</time></trkpt>
      <trkpt lat="57.4329113" lon="-5.8111561"><ele>11.6</ele><time>2026-09-12T10:41:15.000Z</time></trkpt>
      <trkpt lat="57.4328773" lon="-5.8111291"><ele>13.1</ele><time>2026-09-12T10:41:20.000Z</time></trkpt>
      <trkpt lat="57.4328896" lon="-5.8112021"><ele>6.7</ele><time>2026-09-12T10:41:25.000Z</time></trkpt>
      <trkpt lat="57.4328727" lon="-5.8111998"><ele>7.8</ele><time>2026-09-12T10:41:30.000Z</time></trkpt>
      <trkpt lat="57.4328737" lon="-5.8111111"><ele>7.8</ele><time>2026-09-12T10:41:35.000Z</time></trkpt>
      <trkpt lat="57.4328973" lon="-5.8111204"><ele>0.7</ele><time>2026-09-12T10:41:40.000Z</time></trkpt>
      <trkpt lat="57.4328802" lon="-5.8110507"><ele>1.8</ele><time>2026-09-12T10:41:45.000Z</time></trkpt>
      <trkpt lat="57.4328815" lon="-5.8110939"><ele>5.3</ele><time>2026-09-12T10:41:50.000Z</time></trkpt>
      <trkpt lat="57.4329244" lon="-5.8111434"><ele>2.3</ele><time>2026-09-12T10:41:55.000Z</time></trkpt>
      <trkpt lat="57.4328767" lon="-5.8111753"><ele>13.4</ele><time>2026-09-12T10:42:00.000Z</time></trkpt>
      <trkpt lat="57.4328917" lon="-5.8111117"><ele>10.9</ele><time>2026-09-12T10:42:05.000Z</time></trkpt>
      <trkpt lat="57.4328926" lon="-5.8111489"><ele>11.8</ele><time>2026-09-12T10:42:10.000Z</time></trkpt>
      <trkpt lat="57.4328828" lon="-5.8112341"><ele>2.3</ele><time>2026-09-12T10:42:15.000Z</time></trkpt>
      <trkpt lat="57.4329360" lon="-5.8111363"><ele>1.4</ele><time>2026-09-12T10:42:20.000Z</time></trkpt>
      <trkpt lat="57.4328755" lon="-5.8111561"><ele>-3.8</ele><time>2026-09-12T10:42:25.000Z</time></trkpt>
      <trkpt lat="57.4328850" lon="-5.8111970"><ele>-7.1</ele><time>2026-09-12T10:42:30.000Z</time></trkpt>
      <trkpt lat="57.4328942" lon="-5.8111800"><ele>-10.5</ele><time>2026-09-12T10:42:35.000Z</time></trkpt>
      <trkpt lat="57.4328710" lon="-5.8110830"><ele>-12.3</ele><time>2026-09-12T10:42:40.000Z</time></trkpt>
      <trkpt lat="57.4328713" lon="-5.8110814"><ele>-12.5</ele><time>2026-09-12T10:42:45.000Z</time></trkpt>
      <trkpt lat="57.4328985" lon="-5.8111204"><ele>-13.9</ele><time>2026-09-12T10:42:50.000Z</time></trkpt>
      <trkpt lat="57.4328864" lon="-5.8111563"><ele>-5.3</ele><time>2026-09-12T10:42:55.000Z</time></trkpt>
      <trkpt lat="57.4329077" lon="-5.8111430"><ele>0.2</ele><time>2026-09-12T10:43:00.000Z</time></trkpt>
      <trkpt lat="57.4328639" lon="-5.8110866"><ele>-0.9</ele><time>2026-09-12T10:43:05.000Z</time></trkpt>
      <trkpt lat="57.4328983" lon="-5.8110756"><ele>1.7</ele><time>2026-09-12T10:43:10.000Z</time></trkpt>
      <trkpt lat="57.4328949" lon="-5.8111407"><ele>5.7</ele><time>2026-09-12T10:43:15.000Z</time></trkpt>
      <trkpt lat="57.4328566" lon="-5.8110917"><ele>-0.6</ele><time>2026-09-12T10:43:20.000Z</time></trkpt>
      <trkpt lat="57.4328620" lon="-5.8111791"><ele>6.0</ele><time>2026-09-12T10:43:25.000Z</time></trkpt>
      <trkpt lat="57.4329002" lon="-5.8110748"><ele>7.8</ele><time>2026-09-12T10:43:30.000Z</time></trkpt>
      <trkpt lat="57.4329132" lon="-5.8111108"><ele>4.4</ele><time>2026-09-12T10:43:35.000Z</time></trkpt>
      <trkpt lat="57.4328612" lon="-5.8111070"><ele>11.3</ele><time>2026-09-12T10:43:40.000Z</time></trkpt>
      <trkpt lat="57.4329234" lon="-5.8110743"><ele>15.7</ele><time>2026-09-12T10:43:45.000Z</time></trkpt>
      <trkpt lat="57.4328522" lon="-5.8111999"><ele>9.9</ele><time>2026-09-12T10:43:50.000Z</time></trkpt>
      <trkpt lat="57.4328890" lon="-5.8111616"><ele>14.0</ele><time>2026-09-12T10:43:55.000Z</time></trkpt>
      <trkpt lat="57.4329064" lon="-5.8110793"><ele>20.7</ele><time>2026-09-12T10:44:00.000Z</time></trkpt>
      <trkpt lat="57.4328779" lon="-5.8111703"><ele>32.0</ele><time>2026-09-12T10:44:05.000Z</time></trkpt>
      <trkpt lat="57.4328522" lon="-5.8111248"><ele>34.6</ele><time>2026-09-12T10:44:10.000Z</time></trkpt>
      <trkpt lat="57.4328666" lon="-5.8110714"><ele>32.8</ele><time>2026-09-12T10:44:15.000Z</time></trkpt>
      <trkpt lat="57.4328836" lon="-5.8110426"><ele>38.0</ele><time>2026-09-12T10:44:20.000Z</time></trkpt>
      <trkpt lat="57.4328864" lon="-5.8111391"><ele>46.2</ele><time>2026-09-12T10:44:25.000Z</time></trkpt>
      <trkpt lat="57.4328976" lon="-5.8112128"><ele>34.3</ele><time>2026-09-12T10:44:30.000Z</time></trkpt>
      <trkpt lat="57.4328792" lon="-5.8111750"><ele>40.2</ele><time>2026-09-12T10:44:35.000Z</time></trkpt>
      <trkpt lat="57.4329083" lon="-5.8111386"><ele>31.6</ele><time>2026-09-12T10:44:40.000Z</time></trkpt>
      <trkpt lat="57.4328972" lon="-5.8111743"><ele>25.3</ele><time>2026-09-12T10:44:45.000Z</time></trkpt>
      <trkpt lat="57.4329161" lon="-5.8110940"><ele>24.8</ele><time>2026-09-12T10:44:50.000Z</time></trkpt>
      <trkpt lat="57.4328923" lon="-5.8111053"><ele>29.1</ele><time>2026-09-12T10:44:55.000Z</time></trkpt>
      <trkpt lat="57.4329470" lon="-5.8111206"><ele>25.5</ele><time>2026-09-12T10:45:00.000Z</time></trkpt>
      <trkpt lat="57.4328934" lon="-5.8111301"><ele>24.1</ele><time>2026-09-12T10:45:05.000Z</time></trkpt>
      <trkpt lat="57.4329634" lon="-5.8110566"><ele>20.4</ele><time>2026-09-12T10:45:10.000Z</time></trkpt>
      <trkpt lat="57.4328800" lon="-5.8111342"><ele>20.7</ele><time>2026-09-12T10:45:15.000Z</time></trkpt>
      <trkpt lat="57.4328740" lon="-5.8111275"><ele>21.4</ele><time>2026-09-12T10:45:20.000Z</time></trkpt>
      <trkpt lat="57.4328982" lon="-5.8111043"><ele>17.6</ele><time>2026-09-12T10:45:25.000Z</time></trkpt>
      <trkpt lat="57.4328519" lon="-5.8111549"><ele>19.6</ele><time>2026-09-12T10:45:30.000Z</time></trkpt>
      <trkpt lat="57.4328669" lon="-5.8111165"><ele>21.5</ele><time>2026-09-12T10:45:35.000Z</time></trkpt>
      <trkpt lat="57.4329151" lon="-5.8110875"><ele>24.1</ele><time>2026-09-12T10:45:40.000Z</time></trkpt>
      <trkpt lat="57.4328906" lon="-5.8110963"><ele>22.5</ele><time>2026-09-12T10:45:45.000Z</time></trkpt>
      <trkpt lat="57.4328707" lon="-5.8110450"><ele>18.3</ele><time>2026-09-12T10:45:50.000Z</time></trkpt>
      <trkpt lat="57.4328845" lon="-5.8110732"><ele>11.3</ele><time>2026-09-12T10:45:55.000Z</time></trkpt>
      <trkpt lat="57.4329073" lon="-5.8111821"><ele>15.8</ele><time>2026-09-12T10:46:00.000Z</time></trkpt>
      <trkpt lat="57.4328765" lon="-5.8110910"><ele>15.3</ele><time>2026-09-12T10:46:05.000Z</time></trkpt>
      <trkpt lat="57.4329086" lon="-5.8111273"><ele>20.1</ele><time>2026-09-12T10:46:10.000Z</time></trkpt>
      <trkpt lat="57.4328537" lon="-5.8110660"><ele>24.8</ele><time>2026-09-12T10:46:15.000Z</time></trkpt>
      <trkpt lat="57.4329163" lon="-5.8111105"><ele>21.2</ele><time>2026-09-12T10:46:20.000Z</time></trkpt>
      <trkpt lat="57.4328979" lon="-5.8111314"><ele>21.4</ele><time>2026-09-12T10:46:25.000Z</time></trkpt>
      <trkpt lat="57.4328477" lon="-5.8111197"><ele>22.3</ele><time>2026-09-12T10:46:30.000Z</time></trkpt>
      <trkpt lat="57.4328886" lon="-5.8111124"><ele>20.5</ele><time>2026-09-12T10:46:35.000Z</time></trkpt>
      <trkpt lat="57.4328746" lon="-5.8111317"><ele>16.8</ele><time>2026-09-12T10:46:40.000Z</time></trkpt>
      <trkpt lat="57.4328936" lon="-5.8111886"><ele>16.5</ele><time>2026-09-12T10:46:45.000Z</time></trkpt>
      <trkpt lat="57.4329232" lon="-5.8111321"><ele>15.1</ele><time>2026-09-12T10:46:50.000Z</time></trkpt>
      <trkpt lat="57.4328924" lon="-5.8111030"><ele>14.7</ele><time>2026-09-12T10:46:55.000Z</time></trkpt>
      <trkpt lat="57.4329431" lon="-5.8112113"><ele>18.0</ele><time>2026-09-12T10:47:00.000Z</time></trkpt>
      <trkpt lat="57.4328761" lon="-5.8111054"><ele>12.1</ele><time>2026-09-12T10:47:05.000Z</time></trkpt>
      <trkpt lat="57.4328572" lon="-5.8110864"><ele>16.1</ele><time>2026-09-12T10:47:10.000Z</time></trkpt>
      <trkpt lat="57.4328706" lon="-5.8111522"><ele>30.1</ele><time>2026-09-12T10:47:15.000Z</time></trkpt>
      <trkpt lat="57.4328733" lon="-5.8111696"><ele>27.3</ele><time>2026-09-12T10:47:20.000Z</time></trkpt>
      <trkpt lat="57.4329147" lon="-5.8111179"><ele>25.2</ele><time>2026-09-12T10:47:25.000Z</time></trkpt>
      <trkpt lat="57.4328766" lon="-5.8112065"><ele>26.8</ele><time>2026-09-12T10:47:30.000Z</time></trkpt>
      <trkpt lat="57.4328773" lon="-5.8111839"><ele>26.5</ele><time>2026-09-12T10:47:35.000Z</time></trkpt>
      <trkpt lat="57.4328922" lon="-5.8111439"><ele>29.3</ele><time>2026-09-12T10:47:40.000Z</time></trkpt>
      <trkpt lat="57.4329013" lon="-5.8110568"><ele>28.7</ele><time>2026-09-12T10:47:45.000Z</time></trkpt>
      <trkpt lat="57.4328811" lon="-5.8111632"><ele>29.0</ele><time>2026-09-12T10:47:50.000Z</time></trkpt>
      <trkpt lat="57.4329059" lon="-5.8111766"><ele>33.9</ele><time>2026-09-12T10:47:55.000Z</time></trkpt>
      <trkpt lat="57.4329048" lon="-5.8111139"><ele>34.0</ele><time>2026-09-12T10:48:00.000Z</time></trkpt>
      <trkpt lat="57.4329127" lon="-5.8111216"><ele>31.4</ele><time>2026-09-12T10:48:05.000Z</time></trkpt>
      <trkpt lat="57.4328855" lon="-5.8110584"><ele>32.7</ele><time>2026-09-12T10:48:10.000Z</time></trkpt>
      <trkpt lat="57.4328527" lon="-5.8110165"><ele>38.1</ele><time>2026-09-12T10:48:15.000Z</time></trkpt>
      <trkpt lat="57.4329143" lon="-5.8111507"><ele>39.7</ele><time>2026-09-12T10:48:20.000Z</time></trkpt>
      <trkpt lat="57.4329409" lon="-5.8111749"><ele>47.1</ele><time>2026-09-12T10:48:25.000Z</time></trkpt>
      <trkpt lat="57.4329124" lon="-5.8110546"><ele>48.6</ele><time>2026-09-12T10:48:30.000Z</time></trkpt>
      <trkpt lat="57.4328856" lon="-5.8111364"><ele>48.6</ele><time>2026-09-12T10:48:35.000Z</time></trkpt>
      <trkpt lat="57.4329007" lon="-5.8110659"><ele>49.1</ele><time>2026-09-12T10:48:40.000Z</time></trkpt>
      <trkpt lat="57.4329103" lon="-5.8110767"><ele>46.3</ele><time>2026-09-12T10:48:45.000Z</time></trkpt>
      <trkpt lat="57.4329018" lon="-5.8111088"><ele>43.0</ele><time>2026-09-12T10:48:50.000Z</time></trkpt>
      <trkpt lat="57.4328989" lon="-5.8111112"><ele>43.1</ele><time>2026-09-12T10:48:55.000Z</time></trkpt>
      <trkpt lat="57.4328812" lon="-5.8111289"><ele>43.3</ele><time>2026-09-12T10:49:00.000Z</time></trkpt>
      <trkpt lat="57.4329187" lon="-5.8110821"><ele>38.4</ele><time>2026-09-12T10:49:05.000Z</time></trkpt>
      <trkpt lat="57.4328855" lon="-5.8112057"><ele>37.7</ele><time>2026-09-12T10:49:10.000Z</time></trkpt>
      <trkpt lat="57.4328744" lon="-5.8110752"><ele>41.0</ele><time>2026-09-12T10:49:15.000Z</time></trkpt>
      <trkpt lat="57.4328675" lon="-5.8111742"><ele>40.5</ele><time>2026-09-12T10:49:20.000Z</time></trkpt>
      <trkpt lat="57.4328806" lon="-5.8110713"><ele>40.6</ele><time>2026-09-12T10:49:25.000Z</time></trkpt>
      <trkpt lat="57.4328989" lon="-5.8111039"><ele>28.8</ele><time>2026-09-12T10:49:30.000Z</time></trkpt>
      <trkpt lat="57.4329371" lon="-5.8110655"><ele>28.9</ele><time>2026-09-12T10:49:35.000Z</time></trkpt>
      <trkpt lat="57.4329034" lon="-5.8111660"><ele>27.9</ele><time>2026-09-12T10:49:40.000Z</time></trkpt>
      <trkpt lat="57.4328485" lon="-5.8111575"><ele>24.4</ele><time>2026-09-12T10:49:45.000Z</time></trkpt>
      <trkpt lat="57.4329184" lon="-5.8110794"><ele>32.8</ele><time>2026-09-12T10:49:50.000Z</time></trkpt>
      <trkpt lat="57.4328949" lon="-5.8111390"><ele>33.4</ele><time>2026-09-12T10:49:55.000Z</time></trkpt>
      <trkpt lat="57.4328784" lon="-5.8110778"><ele>25.4</ele><time>2026-09-12T10:50:00.000Z</time></trkpt>
      <trkpt lat="57.4328549" lon="-5.8111551"><ele>20.2</ele><time>2026-09-12T10:50:05.000Z</time></trkpt>
      <trkpt lat="57.4328689" lon="-5.8111066"><ele>22.0</ele><time>2026-09-12T10:50:10.000Z</time></trkpt>
      <trkpt lat="57.4328989" lon="-5.8110937"><ele>14.1</ele><time>2026-09-12T10:50:15.000Z</time></trkpt>
      <trkpt lat="57.4328923" lon="-5.8111071"><ele>8.9</ele><time>2026-09-12T10:50:20.000Z</time></trkpt>
      <trkpt lat="57.4328711" lon="-5.8110380"><ele>8.6</ele><time>2026-09-12T10:50:25.000Z</time></trkpt>
      <trkpt lat="57.4329111" lon="-5.8110792"><ele>5.0</ele><time>2026-09-12T10:50:30.000Z</time></trkpt>
      <trkpt lat="57.4328826" lon="-5.8110229"><ele>7.1</ele><time>2026-09-12T10:50:35.000Z</time></trkpt>
      <trkpt lat="57.4329091" lon="-5.8111070"><ele>13.8</ele><time>2026-09-12T10:50:40.000Z</time></trkpt>
      <trkpt lat="57.4328978" lon="-5.8111401"><ele>20.6</ele><time>2026-09-12T10:50:45.000Z</time></trkpt>
      <trkpt lat="57.4329164" lon="-5.8111123"><ele>18.1</ele><time>2026-09-12T10:50:50.000Z</time></trkpt>
      <trkpt lat="57.4329060" lon="-5.8110936"><ele>13.4</ele><time>2026-09-12T10:50:55.000Z</time></trkpt>
      <trkpt lat="57.4328771" lon="-5.8111092"><ele>17.8</ele><time>2026-09-12T10:51:00.000Z</time></trkpt>
      <trkpt lat="57.4328719" lon="-5.8110864"><ele>22.0</ele><time>2026-09-12T10:51:05.000Z</time></trkpt>
      <trkpt lat="57.4329104" lon="-5.8111001"><ele>21.8</ele><time>2026-09-12T10:51:10.000Z</time></trkpt>
      <trkpt lat="57.4328803" lon="-5.8111234"><ele>27.2</ele><time>2026-09-12T10:51:11.000Z</time></trkpt>
      <trkpt lat="57.4328858" lon="-5.8111369"><ele>20.0</ele><time>2026-09-12T10:51:12.000Z</time></trkpt>
      <trkpt lat="57.4328928" lon="-5.8112512"><ele>15.3</ele><time>2026-09-12T10:51:13.000Z</time></trkpt>
      <trkpt lat="57.4328874" lon="-5.8113189"><ele>10.3</ele><time>2026-09-12T10:51:14.000Z</time></trkpt>
      <trkpt lat="57.4329858" lon="-5.8114754"><ele>4.4</ele><time>2026-09-12T10:51:15.000Z</time></trkpt>
      <trkpt lat="57.4329813" lon="-5.8115205"><ele>16.2</ele><time>2026-09-12T10:51:16.000Z</time></trkpt>
      <trkpt lat="57.4330527" lon="-5.8116606"><ele>13.5</ele><time>2026-09-12T10:51:17.000Z</time></trkpt>
      <trkpt lat="57.4330609" lon="-5.8117884"><ele>13.8</ele><time>2026-09-12T10:51:18.000Z</time></trkpt>
      <trkpt lat="57.4331553" lon="-5.8119773"><ele>13.5</ele><time>2026-09-12T10:51:19.000Z</time></trkpt>
      <trkpt lat="57.4332012" lon="-5.8122031"><ele>10.5</ele><time>2026-09-12T10:51:20.000Z</time></trkpt>
      <trkpt lat="57.4332218" lon="-5.8123615"><ele>10.2</ele><time>2026-09-12T10:51:21.000Z</time></trkpt>
      <trkpt lat="57.4333044" lon="-5.8124962"><ele>12.5</ele><time>2026-09-12T10:51:22.000Z</time></trkpt>
      <trkpt lat="57.4333234" lon="-5.8127218"><ele>6.6</ele><time>2026-09-12T10:51:23.000Z</time></trkpt>
      <trkpt lat="57.4333852" lon="-5.8129019"><ele>4.8</ele><time>2026-09-12T10:51:24.000Z</time></trkpt>
      <trkpt lat="57.4334840" lon="-5.8131454"><ele>1.8</ele><time>2026-09-12T10:51:25.000Z</time></trkpt>
      <trkpt lat="57.4335849" lon="-5.8130907"><ele>-0.2</ele><time>2026-09-12T10:51:26.000Z</time></trkpt>
      <trkpt lat="57.4336724" lon="-5.8131231"><ele>0.8</ele><time>2026-09-12T10:51:27.000Z</time></trkpt>
      <trkpt lat="57.4336887" lon="-5.8130616"><ele>-4.7</ele><time>2026-09-12T10:51:28.000Z</time></trkpt>
      <trkpt lat="57.4337197" lon="-5.8129058"><ele>0.6</ele><time>2026-09-12T10:51:29.000Z</time></trkpt>
      <trkpt lat="57.4337763" lon="-5.8127959"><ele>-0.4</ele><time>2026-09-12T10:51:30.000Z</time></trkpt>
      <trkpt lat="57.4338444" lon="-5.8126986"><ele>3.6</ele><time>2026-09-12T10:51:31.000Z</time></trkpt>
      <trkpt lat="57.4338943" lon="-5.8125354"><ele>11.1</ele><time>2026-09-12T10:51:32.000Z</time></trkpt>
      <trkpt lat="57.4340362" lon="-5.8122377"><ele>14.1</ele><time>2026-09-12T10:51:33.000Z</time></trkpt>
      <trkpt lat="57.4341744" lon="-5.8121661"><ele>11.9</ele><time>2026-09-12T10:51:34.000Z</time></trkpt>
      <trkpt lat="57.4342166" lon="-5.8119205"><ele>12.2</ele><time>2026-09-12T10:51:35.000Z</time></trkpt>
      <trkpt lat="57.4343594" lon="-5.8115801"><ele>19.0</ele><time>2026-09-12T10:51:36.000Z</time></trkpt>
      <trkpt lat="57.4344492" lon="-5.8113898"><ele>18.5</ele><time>2026-09-12T10:51:37.000Z</time></trkpt>
      <trkpt lat="57.4345974" lon="-5.8111741"><ele>22.9</ele><time>2026-09-12T10:51:38.000Z</time></trkpt>
      <trkpt lat="57.4346209" lon="-5.8110485"><ele>23.7</ele><time>2026-09-12T10:51:39.000Z</time></trkpt>
      <trkpt lat="57.4347138" lon="-5.8108443"><ele>26.3</ele><time>2026-09-12T10:51:40.000Z</time></trkpt>
      <trkpt lat="57.4347944" lon="-5.8107253"><ele>43.6</ele><time>2026-09-12T10:51:41.000Z</time></trkpt>
      <trkpt lat="57.4348980" lon="-5.8105543"><ele>46.4</ele><time>2026-09-12T10:51:42.000Z</time></trkpt>
      <trkpt lat="57.4349252" lon="-5.8104011"><ele>23.1</ele><time>2026-09-12T10:51:43.000Z</time></trkpt>
      <trkpt lat="57.4350348" lon="-5.8101973"><ele>3.2</ele><time>2026-09-12T10:51:44.000Z</time></trkpt>
      <trkpt lat="57.4351059" lon="-5.8101885"><ele>-6.1</ele><time>2026-09-12T10:51:45.000Z</time></trkpt>
      <trkpt lat="57.4351773" lon="-5.8100613"><ele>-13.7</ele><time>2026-09-12T10:51:46.000Z</time></trkpt>
      <trkpt lat="57.4352004" lon="-5.8098402"><ele>-1.7</ele><time>2026-09-12T10:51:47.000Z</time></trkpt>
      <trkpt lat="57.4353516" lon="-5.8097459"><ele>12.4</ele><time>2026-09-12T10:51:48.000Z</time></trkpt>
      <trkpt lat="57.4354123" lon="-5.8095925"><ele>7.2</ele><time>2026-09-12T10:51:49.000Z</time></trkpt>
      <trkpt lat="57.4354880" lon="-5.8093849"><ele>11.5</ele><time>2026-09-12T10:51:50.000Z</time></trkpt>
      <trkpt lat="57.4355732" lon="-5.8092950"><ele>7.8</ele><time>2026-09-12T10:51:51.000Z</time></trkpt>
      <trkpt lat="57.4356271" lon="-5.8091807"><ele>1.5</ele><time>2026-09-12T10:51:52.000Z</time></trkpt>
      <trkpt lat="57.4357176" lon="-5.8089029"><ele>-39.9</ele><time>2026-09-12T10:51:53.000Z</time></trkpt>
      <trkpt lat="57.4358088" lon="-5.8088487"><ele>-79.0</ele><time>2026-09-12T10:51:54.000Z</time></trkpt>
      <trkpt lat="57.4358585" lon="-5.8086635"><ele>-37.2</ele><time>2026-09-12T10:51:55.000Z</time></trkpt>
      <trkpt lat="57.4359351" lon="-5.8085427"><ele>10.3</ele><time>2026-09-12T10:51:56.000Z</time></trkpt>
      <trkpt lat="57.4360253" lon="-5.8084043"><ele>33.2</ele><time>2026-09-12T10:51:57.000Z</time></trkpt>
      <trkpt lat="57.4361111" lon="-5.8082495"><ele>28.1</ele><time>2026-09-12T10:51:58.000Z</time></trkpt>
      <trkpt lat="57.4361895" lon="-5.8080854"><ele>18.1</ele><time>2026-09-12T10:51:59.000Z</time></trkpt>
      <trkpt lat="57.4362555" lon="-5.8079135"><ele>-11.3</ele><time>2026-09-12T10:52:00.000Z</time></trkpt>
      <trkpt lat="57.4363037" lon="-5.8077847"><ele>6.2</ele><time>2026-09-12T10:52:01.000Z</time></trkpt>
      <trkpt lat="57.4363957" lon="-5.8076835"><ele>28.7</ele><time>2026-09-12T10:52:02.000Z</time></trkpt>
      <trkpt lat="57.4364471" lon="-5.8075448"><ele>22.8</ele><time>2026-09-12T10:52:03.000Z</time></trkpt>
      <trkpt lat="57.4365485" lon="-5.8073514"><ele>19.9</ele><time>2026-09-12T10:52:04.000Z</time></trkpt>
      <trkpt lat="57.4366106" lon="-5.8072667"><ele>16.5</ele><time>2026-09-12T10:52:05.000Z</time></trkpt>
      <trkpt lat="57.4366939" lon="-5.8070709"><ele>11.0</ele><time>2026-09-12T10:52:06.000Z</time></trkpt>
      <trkpt lat="57.4367851" lon="-5.8069431"><ele>-16.9</ele><time>2026-09-12T10:52:07.000Z</time></trkpt>
      <trkpt lat="57.4368825" lon="-5.8067789"><ele>-17.7</ele><time>2026-09-12T10:52:08.000Z</time></trkpt>
      <trkpt lat="57.4369423" lon="-5.8066896"><ele>9.7</ele><time>2026-09-12T10:52:09.000Z</time></trkpt>
      <trkpt lat="57.4369872" lon="-5.8064979"><ele>3.9</ele><time>2026-09-12T10:52:10.000Z</time></trkpt>
      <trkpt lat="57.4370546" lon="-5.8063435"><ele>-2.4</ele><time>2026-09-12T10:52:11.000Z</time></trkpt>
      <trkpt lat="57.4371760" lon="-5.8061590"><ele>1.8</ele><time>2026-09-12T10:52:12.000Z</time></trkpt>
      <trkpt lat="57.4373021" lon="-5.8060549"><ele>0.6</ele><time>2026-09-12T10:52:13.000Z</time></trkpt>
      <trkpt lat="57.4373989" lon="-5.8059993"><ele>4.3</ele><time>2026-09-12T10:52:14.000Z</time></trkpt>
      <trkpt lat="57.4374683" lon="-5.8059117"><ele>-2.4</ele><time>2026-09-12T10:52:15.000Z</time></trkpt>
      <trkpt lat="57.4376479" lon="-5.8056086"><ele>-4.8</ele><time>2026-09-12T10:52:16.000Z</time></trkpt>
      <trkpt lat="57.4378208" lon="-5.8054484"><ele>-1.9</ele><time>2026-09-12T10:52:17.000Z</time></trkpt>
      <trkpt lat="57.4379113" lon="-5.8053856"><ele>-3.7</ele><time>2026-09-12T10:52:18.000Z</time></trkpt>
      <trkpt lat="57.4380917" lon="-5.8053335"><ele>-5.9</ele><time>2026-09-12T10:52:19.000Z</time></trkpt>
      <trkpt lat="57.4381896" lon="-5.8053939"><ele>-1.4</ele><time>2026-09-12T10:52:20.000Z</time></trkpt>
      <trkpt lat="57.4383763" lon="-5.8054393"><ele>-10.6</ele><time>2026-09-12T10:52:21.000Z</time></trkpt>
      <trkpt lat="57.4385361" lon="-5.8056142"><ele>-11.2</ele><time>2026-09-12T10:52:22.000Z</time></trkpt>
      <trkpt lat="57.4387111" lon="-5.8055925"><ele>-1.7</ele><time>2026-09-12T10:52:23.000Z</time></trkpt>
      <trkpt lat="57.4388323" lon="-5.8056856"><ele>-10.4</ele><time>2026-09-12T10:52:24.000Z</time></trkpt>
      <trkpt lat="57.4390215" lon="-5.8057392"><ele>-10.1</ele><time>2026-09-12T10:52:25.000Z</time></trkpt>
      <trkpt lat="57.4392149" lon="-5.8059128"><ele>-14.3</ele><time>2026-09-12T10:52:26.000Z</time></trkpt>
      <trkpt lat="57.4393443" lon="-5.8059430"><ele>-17.1</ele><time>2026-09-12T10:52:27.000Z</time></trkpt>
      <trkpt lat="57.4395261" lon="-5.8061125"><ele>-24.2</ele><time>2026-09-12T10:52:28.000Z</time></trkpt>
      <trkpt lat="57.4396346" lon="-5.8062443"><ele>-19.2</ele><time>2026-09-12T10:52:29.000Z</time></trkpt>
      <trkpt lat="57.4398116" lon="-5.8064183"><ele>-14.5</ele><time>2026-09-12T10:52:30.000Z</time></trkpt>
      <trkpt lat="57.4399852" lon="-5.8066504"><ele>-10.7</ele><time>2026-09-12T10:52:31.000Z</time></trkpt>
      <trkpt lat="57.4401255" lon="-5.8068048"><ele>-7.5</ele><time>2026-09-12T10:52:32.000Z</time></trkpt>
      <trkpt lat="57.4402922" lon="-5.8070101"><ele>-11.4</ele><time>2026-09-12T10:52:33.000Z</time></trkpt>
      <trkpt lat="57.4404764" lon="-5.8072415"><ele>-12.3</ele><time>2026-09-12T10:52:34.000Z</time></trkpt>
      <trkpt lat="57.4406167" lon="-5.8074750"><ele>-8.8</ele><time>2026-09-12T10:52:35.000Z</time></trkpt>
      <trkpt lat="57.4408315" lon="-5.8077411"><ele>-14.4</ele><time>2026-09-12T10:52:36.000Z</time></trkpt>
      <trkpt lat="57.4409396" lon="-5.8080985"><ele>-12.4</ele><time>2026-09-12T10:52:37.000Z</time></trkpt>
      <trkpt lat="57.4410282" lon="-5.8082935"><ele>-2.9</ele><time>2026-09-12T10:52:38.000Z</time></trkpt>
      <trkpt lat="57.4410922" lon="-5.8086234"><ele>-4.5</ele><time>2026-09-12T10:52:39.000Z</time></trkpt>
      <trkpt lat="57.4411457" lon="-5.8089799"><ele>-4.4</ele><time>2026-09-12T10:52:40.000Z</time></trkpt>
      <trkpt lat="57.4412812" lon="-5.8092540"><ele>6.4</ele><time>2026-09-12T10:52:41.000Z</time></trkpt>
      <trkpt lat="57.4414052" lon="-5.8094499"><ele>7.5</ele><time>2026-09-12T10:52:42.000Z</time></trkpt>
      <trkpt lat="57.4415195" lon="-5.8096529"><ele>15.4</ele><time>2026-09-12T10:52:43.000Z</time></trkpt>
      <trkpt lat="57.4416669" lon="-5.8095821"><ele>17.2</ele><time>2026-09-12T10:52:44.000Z</time></trkpt>
      <trkpt lat="57.4417697" lon="-5.8096166"><ele>13.7</ele><time>2026-09-12T10:52:45.000Z</time></trkpt>
      <trkpt lat="57.4419616" lon="-5.8095576"><ele>13.6</ele><time>2026-09-12T10:52:46.000Z</time></trkpt>
      <trkpt lat="57.4421044" lon="-5.8092383"><ele>8.7</ele><time>2026-09-12T10:52:47.000Z</time></trkpt>
      <trkpt lat="57.4421930" lon="-5.8091999"><ele>15.1</ele><time>2026-09-12T10:52:48.000Z</time></trkpt>
      <trkpt lat="57.4423297" lon="-5.8089699"><ele>24.3</ele><time>2026-09-12T10:52:49.000Z</time></trkpt>
      <trkpt lat="57.4424379" lon="-5.8088635"><ele>19.6</ele><time>2026-09-12T10:52:50.000Z</time></trkpt>
      <trkpt lat="57.4425401" lon="-5.8087942"><ele>21.3</ele><time>2026-09-12T10:52:51.000Z</time></trkpt>
      <trkpt lat="57.4426320" lon="-5.8089000"><ele>29.6</ele><time>2026-09-12T10:52:52.000Z</time></trkpt>
      <trkpt lat="57.4427239" lon="-5.8089483"><ele>32.8</ele><time>2026-09-12T10:52:53.000Z</time></trkpt>
      <trkpt lat="57.4427671" lon="-5.8090561"><ele>36.8</ele><time>2026-09-12T10:52:54.000Z</time></trkpt>
      <trkpt lat="57.4428093" lon="-5.8093347"><ele>41.1</ele><time>2026-09-12T10:52:55.000Z</time></trkpt>
      <trkpt lat="57.4429188" lon="-5.8095340"><ele>44.0</ele><time>2026-09-12T10:52:56.000Z</time></trkpt>
      <trkpt lat="57.4429928" lon="-5.8097014"><ele>43.8</ele><time>2026-09-12T10:52:57.000Z</time></trkpt>
      <trkpt lat="57.4431439" lon="-5.8099650"><ele>42.4</ele><time>2026-09-12T10:52:58.000Z</time></trkpt>
      <trkpt lat="57.4432076" lon="-5.8102845"><ele>41.2</ele><time>2026-09-12T10:52:59.000Z</time></trkpt>
      <trkpt lat="57.4433584" lon="-5.8105528"><ele>40.0</ele><time>2026-09-12T10:53:00.000Z</time></trkpt>
      <trkpt lat="57.4434212" lon="-5.8108011"><ele>39.0</ele><time>2026-09-12T10:53:01.000Z</time></trkpt>
      <trkpt lat="57.4434733" lon="-5.8110528"><ele>40.2</ele><time>2026-09-12T10:53:02.000Z</time></trkpt>
      <trkpt lat="57.4435828" lon="-5.8114157"><ele>42.7</ele><time>2026-09-12T10:53:03.000Z</time></trkpt>
      <trkpt lat="57.4436521" lon="-5.8116868"><ele>42.3</ele><time>2026-09-12T10:53:04.000Z</time></trkpt>
      <trkpt lat="57.4437229" lon="-5.8119471"><ele>37.6</ele><time>2026-09-12T10:53:05.000Z</time></trkpt>
      <trkpt lat="57.4437643" lon="-5.8123502"><ele>33.0</ele><time>2026-09-12T10:53:06.000Z</time></trkpt>
      <trkpt lat="57.4438381" lon="-5.8126104"><ele>38.0</ele><time>2026-09-12T10:53:07.000Z</time></trkpt>
      <trkpt lat="57.4438487" lon="-5.8128923"><ele>30.2</ele><time>2026-09-12T10:53:08.000Z</time></trkpt>
      <trkpt lat="57.4438972" lon="-5.8132838"><ele>31.7</ele><time>2026-09-12T10:53:09.000Z</time></trkpt>
      <trkpt lat="57.4439006" lon="-5.8137006"><ele>27.4</ele><time>2026-09-12T10:53:10.000Z</time></trkpt>
      <trkpt lat="57.4439297" lon="-5.8140217"><ele>22.9</ele><time>2026-09-12T10:53:11.000Z</time></trkpt>
      <trkpt lat="57.4439424" lon="-5.8143430"><ele>28.7</ele><time>2026-09-12T10:53:12.000Z</time></trkpt>
      <trkpt lat="57.4439691" lon="-5.8147105"><ele>25.1</ele><time>2026-09-12T10:53:13.000Z</time></trkpt>
      <trkpt lat="57.4440112" lon="-5.8150544"><ele>19.3</ele><time>2026-09-12T10:53:14.000Z</time></trkpt>
      <trkpt lat="57.4440108" lon="-5.8153081"><ele>18.6</ele><time>2026-09-12T10:53:15.000Z</time></trkpt>
      <trkpt lat="57.4440103" lon="-5.8157423"><ele>17.8</ele><time>2026-09-12T10:53:16.000Z</time></trkpt>
      <trkpt lat="57.4440548" lon="-5.8160656"><ele>18.1</ele><time>2026-09-12T10:53:17.000Z</time></trkpt>
      <trkpt lat="57.4440491" lon="-5.8162918"><ele>22.4</ele><time>2026-09-12T10:53:18.000Z</time></trkpt>
      <trkpt lat="57.4440884" lon="-5.8165650"><ele>24.6</ele><time>2026-09-12T10:53:19.000Z</time></trkpt>
      <trkpt lat="57.4440325" lon="-5.8168734"><ele>31.6</ele><time>2026-09-12T10:53:20.000Z</time></trkpt>
      <trkpt lat="57.4441036" lon="-5.8172571"><ele>37.6</ele><time>2026-09-12T10:53:21.000Z</time></trkpt>
      <trkpt lat="57.4441610" lon="-5.8175238"><ele>42.2</ele><time>2026-09-12T10:53:22.000Z</time></trkpt>
      <trkpt lat="57.4441369" lon="-5.8178717"><ele>38.3</ele><time>2026-09-12T10:53:23.000Z</time></trkpt>
      <trkpt lat="57.4442038" lon="-5.8181095"><ele>37.1</ele><time>2026-09-12T10:53:24.000Z</time></trkpt>
      <trkpt lat="57.4441689" lon="-5.8184770"><ele>37.1</ele><time>2026-09-12T10:53:25.000Z</time></trkpt>
      <trkpt lat="57.4441698" lon="-5.8186628"><ele>35.4</ele><time>2026-09-12T10:53:26.000Z</time></trkpt>
      <trkpt lat="57.4442018" lon="-5.8189667"><ele>31.0</ele><time>2026-09-12T10:53:27.000Z</time></trkpt>
      <trkpt lat="57.4442268" lon="-5.8193910"><ele>32.9</ele><time>2026-09-12T10:53:28.000Z</time></trkpt>
      <trkpt lat="57.4442196" lon="-5.8196427"><ele>28.4</ele><time>2026-09-12T10:53:29.000Z</time></trkpt>
      <trkpt lat="57.4442407" lon="-5.8199213"><ele>31.9</ele><time>2026-09-12T10:53:30.000Z</time></trkpt>
      <trkpt lat="57.4441595" lon="-5.8201867"><ele>32.5</ele><time>2026-09-12T10:53:31.000Z</time></trkpt>
      <trkpt lat="57.4442121" lon="-5.8205172"><ele>28.3</ele><time>2026-09-12T10:53:32.000Z</time></trkpt>
      <trkpt lat="57.4441463" lon="-5.8207045"><ele>35.8</ele><time>2026-09-12T10:53:33.000Z</time></trkpt>
      <trkpt lat="57.4441714" lon="-5.8210210"><ele>27.4</ele><time>2026-09-12T10:53:34.000Z</time></trkpt>
      <trkpt lat="57.4441072" lon="-5.8213567"><ele>19.5</ele><time>2026-09-12T10:53:35.000Z</time></trkpt>
      <trkpt lat="57.4441516" lon="-5.8216138"><ele>14.7</ele><time>2026-09-12T10:53:36.000Z</time></trkpt>
      <trkpt lat="57.4440506" lon="-5.8219526"><ele>8.3</ele><time>2026-09-12T10:53:37.000Z</time></trkpt>
      <trkpt lat="57.4439472" lon="-5.8222305"><ele>8.2</ele><time>2026-09-12T10:53:38.000Z</time></trkpt>
      <trkpt lat="57.4439057" lon="-5.8226124"><ele>10.8</ele><time>2026-09-12T10:53:39.000Z</time></trkpt>
      <trkpt lat="57.4438568" lon="-5.8227944"><ele>0.3</ele><time>2026-09-12T10:53:40.000Z</time></trkpt>
      <trkpt lat="57.4437544" lon="-5.8231662"><ele>2.2</ele><time>2026-09-12T10:53:41.000Z</time></trkpt>
      <trkpt lat="57.4436956" lon="-5.8233797"><ele>-2.6</ele><time>2026-09-12T10:53:42.000Z</time></trkpt>
      <trkpt lat="57.4435955" lon="-5.8237734"><ele>-3.3</ele><time>2026-09-12T10:53:43.000Z</time></trkpt>
      <trkpt lat="57.4435189" lon="-5.8239274"><ele>0.9</ele><time>2026-09-12T10:53:44.000Z</time></trkpt>
      <trkpt lat="57.4434480" lon="-5.8242470"><ele>-3.2</ele><time>2026-09-12T10:53:45.000Z</time></trkpt>
      <trkpt lat="57.4433989" lon="-5.8245933"><ele>-0.4</ele><time>2026-09-12T10:53:46.000Z</time></trkpt>
      <trkpt lat="57.4432988" lon="-5.8248332"><ele>-8.5</ele><time>2026-09-12T10:53:47.000Z</time></trkpt>
      <trkpt lat="57.4432834" lon="-5.8251170"><ele>-5.1</ele><time>2026-09-12T10:53:48.000Z</time></trkpt>
      <trkpt lat="57.4431723" lon="-5.8252028"><ele>-0.2</ele><time>2026-09-12T10:53:49.000Z</time></trkpt>
      <trkpt lat="57.4431515" lon="-5.8256675"><ele>8.6</ele><time>2026-09-12T10:53:50.000Z</time></trkpt>
      <trkpt lat="57.4430845" lon="-5.8258397"><ele>13.1</ele><time>2026-09-12T10:53:51.000Z</time></trkpt>
      <trkpt lat="57.4430273" lon="-5.8262345"><ele>11.9</ele><time>2026-09-12T10:53:52.000Z</time></trkpt>
      <trkpt lat="57.4429974" lon="-5.8263951"><ele>15.3</ele><time>2026-09-12T10:53:53.000Z</time></trkpt>
      <trkpt lat="57.4429597" lon="-5.8266593"><ele>9.9</ele><time>2026-09-12T10:53:54.000Z</time></trkpt>
      <trkpt lat="57.4428775" lon="-5.8269184"><ele>17.4</ele><time>2026-09-12T10:53:55.000Z</time></trkpt>
      <trkpt lat="57.4428424" lon="-5.8273287"><ele>18.8</ele><time>2026-09-12T10:53:56.000Z</time></trkpt>
      <trkpt lat="57.4428119" lon="-5.8276049"><ele>23.1</ele><time>2026-09-12T10:53:57.000Z</time></trkpt>
      <trkpt lat="57.4427045" lon="-5.8279753"><ele>23.5</ele><time>2026-09-12T10:53:58.000Z</time></trkpt>
      <trkpt lat="57.4426613" lon="-5.8283016"><ele>20.2</ele><time>2026-09-12T10:53:59.000Z</time></trkpt>
      <trkpt lat="57.4425757" lon="-5.8285374"><ele>21.4</ele><time>2026-09-12T10:54:00.000Z</time></trkpt>
      <trkpt lat="57.4425551" lon="-5.8289325"><ele>15.0</ele><time>2026-09-12T10:54:01.000Z</time></trkpt>
      <trkpt lat="57.4424922" lon="-5.8292621"><ele>17.2</ele><time>2026-09-12T10:54:02.000Z</time></trkpt>
      <trkpt lat="57.4424548" lon="-5.8295008"><ele>8.2</ele><time>2026-09-12T10:54:03.000Z</time></trkpt>
      <trkpt lat="57.4423994" lon="-5.8298610"><ele>14.3</ele><time>2026-09-12T10:54:04.000Z</time></trkpt>
      <trkpt lat="57.4423190" lon="-5.8302714"><ele>20.1</ele><time>2026-09-12T10:54:05.000Z</time></trkpt>
      <trkpt lat="57.4423151" lon="-5.8305621"><ele>17.6</ele><time>2026-09-12T10:54:06.000Z</time></trkpt>
      <trkpt lat="57.4422317" lon="-5.8308180"><ele>12.4</ele><time>2026-09-12T10:54:07.000Z</time></trkpt>
      <trkpt lat="57.4421548" lon="-5.8311470"><ele>11.5</ele><time>2026-09-12T10:54:08.000Z</time></trkpt>
      <trkpt lat="57.4421047" lon="-5.8315007"><ele>12.9</ele><time>2026-09-12T10:54:09.000Z</time></trkpt>
      <trkpt lat="57.4421085" lon="-5.8317019"><ele>16.0</ele><time>2026-09-12T10:54:10.000Z</time></trkpt>
      <trkpt lat="57.4421241" lon="-5.8320414"><ele>14.2</ele><time>2026-09-12T10:54:11.000Z</time></trkpt>
      <trkpt lat="57.4421720" lon="-5.8323507"><ele>16.6</ele><time>2026-09-12T10:54:12.000Z</time></trkpt>
      <trkpt lat="57.4420866" lon="-5.8326190"><ele>17.0</ele><time>2026-09-12T10:54:13.000Z</time></trkpt>
      <trkpt lat="57.4421325" lon="-5.8330208"><ele>15.4</ele><time>2026-09-12T10:54:14.000Z</time></trkpt>
      <trkpt lat="57.4421258" lon="-5.8332227"><ele>25.6</ele><time>2026-09-12T10:54:15.000Z</time></trkpt>
      <trkpt lat="57.4421517" lon="-5.8336269"><ele>23.7</ele><time>2026-09-12T10:54:16.000Z</time></trkpt>
      <trkpt lat="57.4421561" lon="-5.8338563"><ele>22.6</ele><time>2026-09-12T10:54:17.000Z</time></trkpt>
      <trkpt lat="57.4421383" lon="-5.8341833"><ele>20.3</ele><time>2026-09-12T10:54:18.000Z</time></trkpt>
      <trkpt lat="57.4421687" lon="-5.8344372"><ele>33.2</ele><time>2026-09-12T10:54:19.000Z</time></trkpt>
      <trkpt lat="57.4421177" lon="-5.8347406"><ele>33.8</ele><time>2026-09-12T10:54:20.000Z</time></trkpt>
      <trkpt lat="57.4420669" lon="-5.8350654"><ele>28.1</ele><time>2026-09-12T10:54:21.000Z</time></trkpt>
      <trkpt lat="57.4420146" lon="-5.8352891"><ele>34.0</ele><time>2026-09-12T10:54:22.000Z</time></trkpt>
      <trkpt lat="57.4419586" lon="-5.8354481"><ele>31.0</ele><time>2026-09-12T10:54:23.000Z</time></trkpt>
      <trkpt lat="57.4419347" lon="-5.8356980"><ele>26.2</ele><time>2026-09-12T10:54:24.000Z</time></trkpt>
      <trkpt lat="57.4418492" lon="-5.8358960"><ele>26.9</ele><time>2026-09-12T10:54:25.000Z</time></trkpt>
      <trkpt lat="57.4417484" lon="-5.8361813"><ele>25.8</ele><time>2026-09-12T10:54:26.000Z</time></trkpt>
      <trkpt lat="57.4417072" lon="-5.8365165"><ele>15.0</ele><time>2026-09-12T10:54:27.000Z</time></trkpt>
      <trkpt lat="57.4415893" lon="-5.8367597"><ele>16.1</ele><time>2026-09-12T10:54:28.000Z</time></trkpt>
      <trkpt lat="57.4415691" lon="-5.8371184"><ele>22.6</ele><time>2026-09-12T10:54:29.000Z</time></trkpt>
      <trkpt lat="57.4415766" lon="-5.8374056"><ele>27.4</ele><time>2026-09-12T10:54:30.000Z</time></trkpt>
      <trkpt lat="57.4415401" lon="-5.8376924"><ele>35.8</ele><time>2026-09-12T10:54:31.000Z</time></trkpt>
      <trkpt lat="57.4415463" lon="-5.8380757"><ele>33.5</ele><time>2026-09-12T10:54:32.000Z</time></trkpt>
      <trkpt lat="57.4415656" lon="-5.8383007"><ele>36.6</ele><time>2026-09-12T10:54:33.000Z</time></trkpt>
      <trkpt lat="57.4414906" lon="-5.8385857"><ele>36.8</ele><time>2026-09-12T10:54:34.000Z</time></trkpt>
      <trkpt lat="57.4415579" lon="-5.8388492"><ele>40.3</ele><time>2026-09-12T10:54:35.000Z</time></trkpt>
      <trkpt lat="57.4415778" lon="-5.8391390"><ele>41.4</ele><time>2026-09-12T10:54:36.000Z</time></trkpt>
      <trkpt lat="57.4415808" lon="-5.8395094"><ele>42.1</ele><time>2026-09-12T10:54:37.000Z</time></trkpt>
      <trkpt lat="57.4414872" lon="-5.8396758"><ele>57.1</ele><time>2026-09-12T10:54:38.000Z</time></trkpt>
      <trkpt lat="57.4415473" lon="-5.8400232"><ele>50.0</ele><time>2026-09-12T10:54:39.000Z</time></trkpt>
      <trkpt lat="57.4415255" lon="-5.8403569"><ele>48.8</ele><time>2026-09-12T10:54:40.000Z</time></trkpt>
      <trkpt lat="57.4415354" lon="-5.8405622"><ele>44.8</ele><time>2026-09-12T10:54:41.000Z</time></trkpt>
      <trkpt lat="57.4414817" lon="-5.8408017"><ele>42.8</ele><time>2026-09-12T10:54:42.000Z</time></trkpt>
      <trkpt lat="57.4414275" lon="-5.8411078"><ele>41.5</ele><time>2026-09-12T10:54:43.000Z</time></trkpt>
      <trkpt lat="57.4413746" lon="-5.8413500"><ele>40.3</ele><time>2026-09-12T10:54:44.000Z</time></trkpt>
      <trkpt lat="57.4413928" lon="-5.8415459"><ele>34.3</ele><time>2026-09-12T10:54:45.000Z</time></trkpt>
      <trkpt lat="57.4413055" lon="-5.8418242"><ele>38.1</ele><time>2026-09-12T10:54:46.000Z</time></trkpt>
      <trkpt lat="57.4413381" lon="-5.8420173"><ele>39.4</ele><time>2026-09-12T10:54:47.000Z</time></trkpt>
      <trkpt lat="57.4412757" lon="-5.8423398"><ele>47.4</ele><time>2026-09-12T10:54:48.000Z</time></trkpt>
      <trkpt lat="57.4413502" lon="-5.8426658"><ele>40.3</ele><time>2026-09-12T10:54:49.000Z</time></trkpt>
      <trkpt lat="57.4413003" lon="-5.8429454"><ele>35.1</ele><time>2026-09-12T10:54:50.000Z</time></trkpt>
      <trkpt lat="57.4413852" lon="-5.8432509"><ele>31.2</ele><time>2026-09-12T10:54:51.000Z</time></trkpt>
      <trkpt lat="57.4414137" lon="-5.8435487"><ele>26.0</ele><time>2026-09-12T10:54:52.000Z</time></trkpt>
      <trkpt lat="57.4414639" lon="-5.8437860"><ele>28.8</ele><time>2026-09-12T10:54:53.000Z</time></trkpt>
      <trkpt lat="57.4414990" lon="-5.8440534"><ele>18.1</ele><time>2026-09-12T10:54:54.000Z</time></trkpt>
      <trkpt lat="57.4415950" lon="-5.8443812"><ele>20.7</ele><time>2026-09-12T10:54:55.000Z</time></trkpt>
      <trkpt lat="57.4416292" lon="-5.8445370"><ele>24.6</ele><time>2026-09-12T10:54:56.000Z</time></trkpt>
      <trkpt lat="57.4416849" lon="-5.8449050"><ele>21.9</ele><time>2026-09-12T10:54:57.000Z</time></trkpt>
      <trkpt lat="57.4417057" lon="-5.8451829"><ele>21.0</ele><time>2026-09-12T10:54:58.000Z</time></trkpt>
      <trkpt lat="57.4418334" lon="-5.8454722"><ele>24.5</ele><time>2026-09-12T10:54:59.000Z</time></trkpt>
      <trkpt lat="57.4418908" lon="-5.8458439"><ele>26.2</ele><time>2026-09-12T10:55:00.000Z</time></trkpt>
      <trkpt lat="57.4419122" lon="-5.8461270"><ele>30.0</ele><time>2026-09-12T10:55:01.000Z</time></trkpt>
      <trkpt lat="57.4419365" lon="-5.8465139"><ele>32.2</ele><time>2026-09-12T10:55:02.000Z</time></trkpt>
      <trkpt lat="57.4419913" lon="-5.8467754"><ele>31.0</ele><time>2026-09-12T10:55:03.000Z</time></trkpt>
      <trkpt lat="57.4419848" lon="-5.8471245"><ele>21.9</ele><time>2026-09-12T10:55:04.000Z</time></trkpt>
      <trkpt lat="57.4420492" lon="-5.8473547"><ele>22.4</ele><time>2026-09-12T10:55:05.000Z</time></trkpt>
      <trkpt lat="57.4420258" lon="-5.8476174"><ele>18.6</ele><time>2026-09-12T10:55:06.000Z</time></trkpt>
      <trkpt lat="57.4420633" lon="-5.8479075"><ele>16.4</ele><time>2026-09-12T10:55:07.000Z</time></trkpt>
      <trkpt lat="57.4420489" lon="-5.8482469"><ele>18.2</ele><time>2026-09-12T10:55:08.000Z</time></trkpt>
      <trkpt lat="57.4420682" lon="-5.8485171"><ele>14.0</ele><time>2026-09-12T10:55:09.000Z</time></trkpt>
      <trkpt lat="57.4420758" lon="-5.8488172"><ele>10.6</ele><time>2026-09-12T10:55:10.000Z</time></trkpt>
      <trkpt lat="57.4421064" lon="-5.8491195"><ele>11.4</ele><time>2026-09-12T10:55:11.000Z</time></trkpt>
      <trkpt lat="57.4420854" lon="-5.8495276"><ele>12.8</ele><time>2026-09-12T10:55:12.000Z</time></trkpt>
      <trkpt lat="57.4421309" lon="-5.8497482"><ele>17.0</ele><time>2026-09-12T10:55:13.000Z</time></trkpt>
      <trkpt lat="57.4420971" lon="-5.8500424"><ele>18.3</ele><time>2026-09-12T10:55:14.000Z</time></trkpt>
      <trkpt lat="57.4422044" lon="-5.8503908"><ele>28.5</ele><time>2026-09-12T10:55:15.000Z</time></trkpt>
      <trkpt lat="57.4422394" lon="-5.8507090"><ele>23.8</ele><time>2026-09-12T10:55:16.000Z</time></trkpt>
      <trkpt lat="57.4422257" lon="-5.8511579"><ele>18.8</ele><time>2026-09-12T10:55:17.000Z</time></trkpt>
      <trkpt lat="57.4423301" lon="-5.8514432"><ele>32.2</ele><time>2026-09-12T10:55:18.000Z</time></trkpt>
      <trkpt lat="57.4424618" lon="-5.8517307"><ele>34.2</ele><time>2026-09-12T10:55:19.000Z</time></trkpt>
      <trkpt lat="57.4424562" lon="-5.8520138"><ele>31.7</ele><time>2026-09-12T10:55:20.000Z</time></trkpt>
      <trkpt lat="57.4425629" lon="-5.8522356"><ele>36.8</ele><time>2026-09-12T10:55:21.000Z</time></trkpt>
      <trkpt lat="57.4427138" lon="-5.8524898"><ele>35.5</ele><time>2026-09-12T10:55:22.000Z</time></trkpt>
      <trkpt lat="57.4428178" lon="-5.8528240"><ele>37.1</ele><time>2026-09-12T10:55:23.000Z</time></trkpt>
      <trkpt lat="57.4428977" lon="-5.8530308"><ele>34.3</ele><time>2026-09-12T10:55:24.000Z</time></trkpt>
      <trkpt lat="57.4429955" lon="-5.8533302"><ele>35.4</ele><time>2026-09-12T10:55:25.000Z</time></trkpt>
      <trkpt lat="57.4430849" lon="-5.8534520"><ele>37.2</ele><time>2026-09-12T10:55:26.000Z</time></trkpt>
      <trkpt lat="57.4431583" lon="-5.8537750"><ele>43.4</ele><time>2026-09-12T10:55:27.000Z</time></trkpt>
      <trkpt lat="57.4432769" lon="-5.8539769"><ele>40.3</ele><time>2026-09-12T10:55:28.000Z</time></trkpt>
      <trkpt lat="57.4433555" lon="-5.8542008"><ele>40.3</ele><time>2026-09-12T10:55:29.000Z</time></trkpt>
      <trkpt lat="57.4435299" lon="-5.8544144"><ele>34.3</ele><time>2026-09-12T10:55:30.000Z</time></trkpt>
      <trkpt lat="57.4436193" lon="-5.8545493"><ele>32.1</ele><time>2026-09-12T10:55:31.000Z</time></trkpt>
      <trkpt lat="57.4437149" lon="-5.8548233"><ele>27.9</ele><time>2026-09-12T10:55:32.000Z</time></trkpt>
      <trkpt lat="57.4439010" lon="-5.8549579"><ele>32.2</ele><time>2026-09-12T10:55:33.000Z</time></trkpt>
      <trkpt lat="57.4440540" lon="-5.8551449"><ele>25.0</ele><time>2026-09-12T10:55:34.000Z</time></trkpt>
      <trkpt lat="57.4441854" lon="-5.8552819"><ele>29.8</ele><time>2026-09-12T10:55:35.000Z</time></trkpt>
      <trkpt lat="57.4443405" lon="-5.8554061"><ele>30.4</ele><time>2026-09-12T10:55:36.000Z</time></trkpt>
      <trkpt lat="57.4444846" lon="-5.8556434"><ele>30.6</ele><time>2026-09-12T10:55:37.000Z</time></trkpt>
      <trkpt lat="57.4446467" lon="-5.8557361"><ele>27.6</ele><time>2026-09-12T10:55:38.000Z</time></trkpt>
      <trkpt lat="57.4447715" lon="-5.8560229"><ele>27.0</ele><time>2026-09-12T10:55:39.000Z</time></trkpt>
      <trkpt lat="57.4449406" lon="-5.8560567"><ele>24.9</ele><time>2026-09-12T10:55:40.000Z</time></trkpt>
      <trkpt lat="57.4450667" lon="-5.8562037"><ele>22.8</ele><time>2026-09-12T10:55:41.000Z</time></trkpt>
      <trkpt lat="57.4452591" lon="-5.8564552"><ele>20.3</ele><time>2026-09-12T10:55:42.000Z</time></trkpt>
      <trkpt lat="57.4454040" lon="-5.8565542"><ele>24.1</ele><time>2026-09-12T10:55:43.000Z</time></trkpt>
      <trkpt lat="57.4455350" lon="-5.8565815"><ele>26.2</ele><time>2026-09-12T10:55:44.000Z</time></trkpt>
      <trkpt lat="57.4457584" lon="-5.8567306"><ele>22.8</ele><time>2026-09-12T10:55:45.000Z</time></trkpt>
      <trkpt lat="57.4458943" lon="-5.8569919"><ele>13.3</ele><time>2026-09-12T10:55:46.000Z</time></trkpt>
      <trkpt lat="57.4460828" lon="-5.8569170"><ele>9.6</ele><time>2026-09-12T10:55:47.000Z</time></trkpt>
      <trkpt lat="57.4462581" lon="-5.8570975"><ele>15.7</ele><time>2026-09-12T10:55:48.000Z</time></trkpt>
      <trkpt lat="57.4463911" lon="-5.8570975"><ele>20.7</ele><time>2026-09-12T10:55:49.000Z</time></trkpt>
      <trkpt lat="57.4465598" lon="-5.8570783"><ele>25.0</ele><time>2026-09-12T10:55:50.000Z</time></trkpt>
      <trkpt lat="57.4467306" lon="-5.8572327"><ele>27.8</ele><time>2026-09-12T10:55:51.000Z</time></trkpt>
      <trkpt lat="57.4468203" lon="-5.8573577"><ele>27.3</ele><time>2026-09-12T10:55:52.000Z</time></trkpt>
      <trkpt lat="57.4470389" lon="-5.8573259"><ele>28.5</ele><time>2026-09-12T10:55:53.000Z</time></trkpt>
      <trkpt lat="57.4471628" lon="-5.8574542"><ele>22.7</ele><time>2026-09-12T10:55:54.000Z</time></trkpt>
      <trkpt lat="57.4472736" lon="-5.8574932"><ele>25.4</ele><time>2026-09-12T10:55:55.000Z</time></trkpt>
      <trkpt lat="57.4474889" lon="-5.8576269"><ele>31.4</ele><time>2026-09-12T10:55:56.000Z</time></trkpt>
      <trkpt lat="57.4476791" lon="-5.8578133"><ele>28.4</ele><time>2026-09-12T10:55:57.000Z</time></trkpt>
      <trkpt lat="57.4477537" lon="-5.8578890"><ele>33.5</ele><time>2026-09-12T10:55:58.000Z</time></trkpt>
      <trkpt lat="57.4479705" lon="-5.8580093"><ele>20.8</ele><time>2026-09-12T10:55:59.000Z</time></trkpt>
      <trkpt lat="57.4480869" lon="-5.8581770"><ele>17.7</ele><time>2026-09-12T10:56:00.000Z</time></trkpt>
      <trkpt lat="57.4482018" lon="-5.8584164"><ele>20.8</ele><time>2026-09-12T10:56:01.000Z</time></trkpt>
      <trkpt lat="57.4483274" lon="-5.8585580"><ele>20.7</ele><time>2026-09-12T10:56:02.000Z</time></trkpt>
      <trkpt lat="57.4485399" lon="-5.8587476"><ele>21.2</ele><time>2026-09-12T10:56:03.000Z</time></trkpt>
      <trkpt lat="57.4486928" lon="-5.8588579"><ele>18.2</ele><time>2026-09-12T10:56:04.000Z</time></trkpt>
      <trkpt lat="57.4488711" lon="-5.8590204"><ele>13.3</ele><time>2026-09-12T10:56:05.000Z</time></trkpt>
      <trkpt lat="57.4490413" lon="-5.8591433"><ele>5.6</ele><time>2026-09-12T10:56:06.000Z</time></trkpt>
      <trkpt lat="57.4492539" lon="-5.8592930"><ele>4.7</ele><time>2026-09-12T10:56:07.000Z</time></trkpt>
      <trkpt lat="57.4494509" lon="-5.8594484"><ele>2.4</ele><time>2026-09-12T10:56:08.000Z</time></trkpt>
      <trkpt lat="57.4496154" lon="-5.8594762"><ele>-2.7</ele><time>2026-09-12T10:56:09.000Z</time></trkpt>
      <trkpt lat="57.4498186" lon="-5.8595040"><ele>-0.1</ele><time>2026-09-12T10:56:10.000Z</time></trkpt>
      <trkpt lat="57.4500370" lon="-5.8596260"><ele>5.2</ele><time>2026-09-12T10:56:11.000Z</time></trkpt>
      <trkpt lat="57.4502218" lon="-5.8596680"><ele>6.6</ele><time>2026-09-12T10:56:12.000Z</time></trkpt>
      <trkpt lat="57.4504153" lon="-5.8597466"><ele>2.7</ele><time>2026-09-12T10:56:13.000Z</time></trkpt>
      <trkpt lat="57.4505949" lon="-5.8598257"><ele>0.5</ele><time>2026-09-12T10:56:14.000Z</time></trkpt>
      <trkpt lat="57.4508474" lon="-5.8598106"><ele>-1.8</ele><time>2026-09-12T10:56:15.000Z</time></trkpt>
      <trkpt lat="57.4510786" lon="-5.8598494"><ele>-1.3</ele><time>2026-09-12T10:56:16.000Z</time></trkpt>
      <trkpt lat="57.4512787" lon="-5.8599155"><ele>6.0</ele><time>2026-09-12T10:56:17.000Z</time></trkpt>
      <trkpt lat="57.4515011" lon="-5.8599768"><ele>14.5</ele><time>2026-09-12T10:56:18.000Z</time></trkpt>
      <trkpt lat="57.4517105" lon="-5.8600482"><ele>18.2</ele><time>2026-09-12T10:56:19.000Z</time></trkpt>
      <trkpt lat="57.4519463" lon="-5.8601427"><ele>13.4</ele><time>2026-09-12T10:56:20.000Z</time></trkpt>
      <trkpt lat="57.4521686" lon="-5.8601629"><ele>15.4</ele><time>2026-09-12T10:56:21.000Z</time></trkpt>
      <trkpt lat="57.4524328" lon="-5.8603282"><ele>21.2</ele><time>2026-09-12T10:56:22.000Z</time></trkpt>
      <trkpt lat="57.4526447" lon="-5.8603262"><ele>16.6</ele><time>2026-09-12T10:56:23.000Z</time></trkpt>
      <trkpt lat="57.4528309" lon="-5.8604214"><ele>16.2</ele><time>2026-09-12T10:56:24.000Z</time></trkpt>
      <trkpt lat="57.4530661" lon="-5.8604278"><ele>19.0</ele><time>2026-09-12T10:56:25.000Z</time></trkpt>
      <trkpt lat="57.4532039" lon="-5.8605000"><ele>13.8</ele><time>2026-09-12T10:56:26.000Z</time></trkpt>
      <trkpt lat="57.4534021" lon="-5.8606616"><ele>15.5</ele><time>2026-09-12T10:56:27.000Z</time></trkpt>
      <trkpt lat="57.4536294" lon="-5.8606836"><ele>9.6</ele><time>2026-09-12T10:56:28.000Z</time></trkpt>
      <trkpt lat="57.4538677" lon="-5.8607933"><ele>8.1</ele><time>2026-09-12T10:56:29.000Z</time></trkpt>
      <trkpt lat="57.4539861" lon="-5.8608344"><ele>3.0</ele><time>2026-09-12T10:56:30.000Z</time></trkpt>
      <trkpt lat="57.4542156" lon="-5.8609016"><ele>-1.1</ele><time>2026-09-12T10:56:31.000Z</time></trkpt>
      <trkpt lat="57.4543661" lon="-5.8609844"><ele>4.4</ele><time>2026-09-12T10:56:32.000Z</time></trkpt>
      <trkpt lat="57.4544841" lon="-5.8609926"><ele>3.2</ele><time>2026-09-12T10:56:33.000Z</time></trkpt>
      <trkpt lat="57.4547456" lon="-5.8610482"><ele>8.0</ele><time>2026-09-12T10:56:34.000Z</time></trkpt>
      <trkpt lat="57.4549338" lon="-5.8611698"><ele>6.1</ele><time>2026-09-12T10:56:35.000Z</time></trkpt>
      <trkpt lat="57.4551524" lon="-5.8613369"><ele>7.2</ele><time>2026-09-12T10:56:36.000Z</time></trkpt>
      <trkpt lat="57.4553389" lon="-5.8612995"><ele>7.4</ele><time>2026-09-12T10:56:37.000Z</time></trkpt>
      <trkpt lat="57.4556141" lon="-5.8614694"><ele>10.7</ele><time>2026-09-12T10:56:38.000Z</time></trkpt>
      <trkpt lat="57.4558036" lon="-5.8613275"><ele>13.6</ele><time>2026-09-12T10:56:39.000Z</time></trkpt>
      <trkpt lat="57.4560518" lon="-5.8614371"><ele>23.6</ele><time>2026-09-12T10:56:40.000Z</time></trkpt>
      <trkpt lat="57.4562689" lon="-5.8613220"><ele>24.5</ele><time>2026-09-12T10:56:41.000Z</time></trkpt>
      <trkpt lat="57.4565028" lon="-5.8612607"><ele>20.9</ele><time>2026-09-12T10:56:42.000Z</time></trkpt>
      <trkpt lat="57.4567481" lon="-5.8612191"><ele>18.8</ele><time>2026-09-12T10:56:43.000Z</time></trkpt>
      <trkpt lat="57.4569623" lon="-5.8611951"><ele>18.0</ele><time>2026-09-12T10:56:44.000Z</time></trkpt>
      <trkpt lat="57.4571727" lon="-5.8610925"><ele>24.7</ele><time>2026-09-12T10:56:45.000Z</time></trkpt>
      <trkpt lat="57.4574156" lon="-5.8610081"><ele>25.0</ele><time>2026-09-12T10:56:46.000Z</time></trkpt>
      <trkpt lat="57.4576697" lon="-5.8609665"><ele>27.4</ele><time>2026-09-12T10:56:47.000Z</time></trkpt>
      <trkpt lat="57.4578822" lon="-5.8609677"><ele>29.7</ele><time>2026-09-12T10:56:48.000Z</time></trkpt>
      <trkpt lat="57.4580741" lon="-5.8608540"><ele>26.6</ele><time>2026-09-12T10:56:49.000Z</time></trkpt>
      <trkpt lat="57.4582216" lon="-5.8608394"><ele>27.5</ele><time>2026-09-12T10:56:50.000Z</time></trkpt>
      <trkpt lat="57.4584785" lon="-5.8607648"><ele>30.0</ele><time>2026-09-12T10:56:51.000Z</time></trkpt>
      <trkpt lat="57.4586433" lon="-5.8607182"><ele>28.0</ele><time>2026-09-12T10:56:52.000Z</time></trkpt>
      <trkpt lat="57.4589508" lon="-5.8607376"><ele>27.1</ele><time>2026-09-12T10:56:53.000Z</time></trkpt>
      <trkpt lat="57.4590720" lon="-5.8606222"><ele>31.0</ele><time>2026-09-12T10:56:54.000Z</time></trkpt>
      <trkpt lat="57.4592802" lon="-5.8606043"><ele>29.2</ele><time>2026-09-12T10:56:55.000Z</time></trkpt>
      <trkpt lat="57.4595258" lon="-5.8606146"><ele>23.8</ele><time>2026-09-12T10:56:56.000Z</time></trkpt>
      <trkpt lat="57.4597133" lon="-5.8606438"><ele>16.4</ele><time>2026-09-12T10:56:57.000Z</time></trkpt>
      <trkpt lat="57.4598732" lon="-5.8606533"><ele>23.5</ele><time>2026-09-12T10:56:58.000Z</time></trkpt>
      <trkpt lat="57.4600581" lon="-5.8606415"><ele>21.5</ele><time>2026-09-12T10:56:59.000Z</time></trkpt>
      <trkpt lat="57.4602417" lon="-5.8607096"><ele>19.0</ele><time>2026-09-12T10:57:00.000Z</time></trkpt>
      <trkpt lat="57.4604538" lon="-5.8607402"><ele>25.9</ele><time>2026-09-12T10:57:01.000Z</time></trkpt>
      <trkpt lat="57.4605820" lon="-5.8607570"><ele>28.5</ele><time>2026-09-12T10:57:02.000Z</time></trkpt>
      <trkpt lat="57.4607669" lon="-5.8608266"><ele>21.6</ele><time>2026-09-12T10:57:03.000Z</time></trkpt>
      <trkpt lat="57.4609751" lon="-5.8608256"><ele>24.6</ele><time>2026-09-12T10:57:04.000Z</time></trkpt>
      <trkpt lat="57.4611355" lon="-5.8609181"><ele>18.6</ele><time>2026-09-12T10:57:05.000Z</time></trkpt>
      <trkpt lat="57.4613732" lon="-5.8610489"><ele>22.4</ele><time>2026-09-12T10:57:06.000Z</time></trkpt>
      <trkpt lat="57.4615655" lon="-5.8610406"><ele>14.7</ele><time>2026-09-12T10:57:07.000Z</time></trkpt>
      <trkpt lat="57.4617116" lon="-5.8611704"><ele>6.3</ele><time>2026-09-12T10:57:08.000Z</time></trkpt>
      <trkpt lat="57.4619045" lon="-5.8612335"><ele>5.2</ele><time>2026-09-12T10:57:09.000Z</time></trkpt>
      <trkpt lat="57.4620781" lon="-5.8613126"><ele>-0.7</ele><time>2026-09-12T10:57:10.000Z</time></trkpt>
      <trkpt lat="57.4622761" lon="-5.8614544"><ele>3.3</ele><time>2026-09-12T10:57:11.000Z</time></trkpt>
      <trkpt lat="57.4624594" lon="-5.8615151"><ele>5.6</ele><time>2026-09-12T10:57:12.000Z</time></trkpt>
      <trkpt lat="57.4626733" lon="-5.8615514"><ele>12.8</ele><time>2026-09-12T10:57:13.000Z</time></trkpt>
      <trkpt lat="57.4628776" lon="-5.8616453"><ele>21.0</ele><time>2026-09-12T10:57:14.000Z</time></trkpt>
      <trkpt lat="57.4630551" lon="-5.8616746"><ele>21.1</ele><time>2026-09-12T10:57:15.000Z</time></trkpt>
      <trkpt lat="57.4632215" lon="-5.8617836"><ele>22.5</ele><time>2026-09-12T10:57:16.000Z</time></trkpt>
      <trkpt lat="57.4633740" lon="-5.8618381"><ele>22.7</ele><time>2026-09-12T10:57:17.000Z</time></trkpt>
      <trkpt lat="57.4636008" lon="-5.8619845"><ele>29.6</ele><time>2026-09-12T10:57:18.000Z</time></trkpt>
      <trkpt lat="57.4637526" lon="-5.8619972"><ele>28.3</ele><time>2026-09-12T10:57:19.000Z</time></trkpt>
      <trkpt lat="57.4639827" lon="-5.8620329"><ele>28.7</ele><time>2026-09-12T10:57:20.000Z</time></trkpt>
      <trkpt lat="57.4641698" lon="-5.8620957"><ele>26.8</ele><time>2026-09-12T10:57:21.000Z</time></trkpt>
      <trkpt lat="57.4643654" lon="-5.8620857"><ele>26.9</ele><time>2026-09-12T10:57:22.000Z</time></trkpt>
      <trkpt lat="57.4645062" lon="-5.8621898"><ele>32.5</ele><time>2026-09-12T10:57:23.000Z</time></trkpt>
      <trkpt lat="57.4647585" lon="-5.8621223"><ele>38.9</ele><time>2026-09-12T10:57:24.000Z</time></trkpt>
      <trkpt lat="57.4649272" lon="-5.8620817"><ele>47.4</ele><time>2026-09-12T10:57:25.000Z</time></trkpt>
      <trkpt lat="57.4651266" lon="-5.8620966"><ele>44.6</ele><time>2026-09-12T10:57:26.000Z</time></trkpt>
      <trkpt lat="57.4652998" lon="-5.8621056"><ele>45.2</ele><time>2026-09-12T10:57:27.000Z</time></trkpt>
      <trkpt lat="57.4654590" lon="-5.8620162"><ele>42.4</ele><time>2026-09-12T10:57:28.000Z</time></trkpt>
      <trkpt lat="57.4656239" lon="-5.8618969"><ele>45.5</ele><time>2026-09-12T10:57:29.000Z</time></trkpt>
      <trkpt lat="57.4658099" lon="-5.8618709"><ele>54.2</ele><time>2026-09-12T10:57:30.000Z</time></trkpt>
      <trkpt lat="57.4660433" lon="-5.8618742"><ele>57.2</ele><time>2026-09-12T10:57:31.000Z</time></trkpt>
      <trkpt lat="57.4661621" lon="-5.8617736"><ele>55.8</ele><time>2026-09-12T10:57:32.000Z</time></trkpt>
      <trkpt lat="57.4663118" lon="-5.8617378"><ele>58.2</ele><time>2026-09-12T10:57:33.000Z</time></trkpt>
      <trkpt lat="57.4665071" lon="-5.8617559"><ele>67.1</ele><time>2026-09-12T10:57:34.000Z</time></trkpt>
      <trkpt lat="57.4666635" lon="-5.8617215"><ele>54.9</ele><time>2026-09-12T10:57:35.000Z</time></trkpt>
      <trkpt lat="57.4668990" lon="-5.8616548"><ele>67.7</ele><time>2026-09-12T10:57:36.000Z</time></trkpt>
      <trkpt lat="57.4670540" lon="-5.8616113"><ele>79.0</ele><time>2026-09-12T10:57:37.000Z</time></trkpt>
      <trkpt lat="57.4671717" lon="-5.8615505"><ele>85.9</ele><time>2026-09-12T10:57:38.000Z</time></trkpt>
      <trkpt lat="57.4673556" lon="-5.8615605"><ele>91.3</ele><time>2026-09-12T10:57:39.000Z</time></trkpt>
      <trkpt lat="57.4674863" lon="-5.8614636"><ele>93.6</ele><time>2026-09-12T10:57:40.000Z</time></trkpt>
      <trkpt lat="57.4676322" lon="-5.8614873"><ele>94.8</ele><time>2026-09-12T10:57:41.000Z</time></trkpt>
      <trkpt lat="57.4677152" lon="-5.8613453"><ele>87.6</ele><time>2026-09-12T10:57:42.000Z</time></trkpt>
      <trkpt lat="57.4678181" lon="-5.8612602"><ele>92.9</ele><time>2026-09-12T10:57:43.000Z</time></trkpt>
      <trkpt lat="57.4679126" lon="-5.8612021"><ele>89.8</ele><time>2026-09-12T10:57:44.000Z</time></trkpt>
      <trkpt lat="57.4680459" lon="-5.8611885"><ele>85.6</ele><time>2026-09-12T10:57:45.000Z</time></trkpt>
      <trkpt lat="57.4681928" lon="-5.8611259"><ele>80.2</ele><time>2026-09-12T10:57:46.000Z</time></trkpt>
      <trkpt lat="57.4683021" lon="-5.8610760"><ele>84.7</ele><time>2026-09-12T10:57:47.000Z</time></trkpt>
      <trkpt lat="57.4684340" lon="-5.8610252"><ele>95.6</ele><time>2026-09-12T10:57:48.000Z</time></trkpt>
      <trkpt lat="57.4685628" lon="-5.8609679"><ele>100.9</ele><time>2026-09-12T10:57:49.000Z</time></trkpt>
      <trkpt lat="57.4687198" lon="-5.8609825"><ele>100.4</ele><time>2026-09-12T10:57:50.000Z</time></trkpt>
      <trkpt lat="57.4688447" lon="-5.8608228"><ele>100.7</ele><time>2026-09-12T10:57:51.000Z</time></trkpt>
      <trkpt lat="57.4690253" lon="-5.8608126"><ele>95.0</ele><time>2026-09-12T10:57:52.000Z</time></trkpt>
      <trkpt lat="57.4692621" lon="-5.8607223"><ele>95.1</ele><time>2026-09-12T10:57:53.000Z</time></trkpt>
      <trkpt lat="57.4694504" lon="-5.8606564"><ele>92.6</ele><time>2026-09-12T10:57:54.000Z</time></trkpt>
      <trkpt lat="57.4696524" lon="-5.8605806"><ele>86.6</ele><time>2026-09-12T10:57:55.000Z</time></trkpt>
      <trkpt lat="57.4698790" lon="-5.8605436"><ele>82.1</ele><time>2026-09-12T10:57:56.000Z</time></trkpt>
      <trkpt lat="57.4700756" lon="-5.8604041"><ele>81.9</ele><time>2026-09-12T10:57:57.000Z</time></trkpt>
      <trkpt lat="57.4703061" lon="-5.8603409"><ele>78.1</ele><time>2026-09-12T10:57:58.000Z</time></trkpt>
      <trkpt lat="57.4705257" lon="-5.8602248"><ele>67.7</ele><time>2026-09-12T10:57:59.000Z</time></trkpt>
      <trkpt lat="57.4707697" lon="-5.8602750"><ele>67.7</ele><time>2026-09-12T10:58:00.000Z</time></trkpt>
      <trkpt lat="57.4709763" lon="-5.8602339"><ele>65.2</ele><time>2026-09-12T10:58:01.000Z</time></trkpt>
      <trkpt lat="57.4711635" lon="-5.8601938"><ele>67.3</ele><time>2026-09-12T10:58:02.000Z</time></trkpt>
      <trkpt lat="57.4713022" lon="-5.8603598"><ele>62.3</ele><time>2026-09-12T10:58:03.000Z</time></trkpt>
      <trkpt lat="57.4714933" lon="-5.8604645"><ele>67.3</ele><time>2026-09-12T10:58:04.000Z</time></trkpt>
      <trkpt lat="57.4716161" lon="-5.8606470"><ele>72.4</ele><time>2026-09-12T10:58:05.000Z</time></trkpt>
      <trkpt lat="57.4718115" lon="-5.8608640"><ele>64.9</ele><time>2026-09-12T10:58:06.000Z</time></trkpt>
      <trkpt lat="57.4718934" lon="-5.8610240"><ele>57.0</ele><time>2026-09-12T10:58:07.000Z</time></trkpt>
      <trkpt lat="57.4720507" lon="-5.8611856"><ele>57.6</ele><time>2026-09-12T10:58:08.000Z</time></trkpt>
      <trkpt lat="57.4721375" lon="-5.8611848"><ele>56.6</ele><time>2026-09-12T10:58:09.000Z</time></trkpt>
      <trkpt lat="57.4722369" lon="-5.8615114"><ele>55.3</ele><time>2026-09-12T10:58:10.000Z</time></trkpt>
      <trkpt lat="57.4723535" lon="-5.8617003"><ele>55.1</ele><time>2026-09-12T10:58:11.000Z</time></trkpt>
      <trkpt lat="57.4724945" lon="-5.8618811"><ele>55.2</ele><time>2026-09-12T10:58:12.000Z</time></trkpt>
      <trkpt lat="57.4725903" lon="-5.8620049"><ele>46.4</ele><time>2026-09-12T10:58:13.000Z</time></trkpt>
      <trkpt lat="57.4727156" lon="-5.8620806"><ele>42.5</ele><time>2026-09-12T10:58:14.000Z</time></trkpt>
      <trkpt lat="57.4728309" lon="-5.8622776"><ele>48.9</ele><time>2026-09-12T10:58:15.000Z</time></trkpt>
      <trkpt lat="57.4729763" lon="-5.8626030"><ele>46.9</ele><time>2026-09-12T10:58:16.000Z</time></trkpt>
      <trkpt lat="57.4731637" lon="-5.8627811"><ele>53.1</ele><time>2026-09-12T10:58:17.000Z</time></trkpt>
      <trkpt lat="57.4732910" lon="-5.8629282"><ele>49.4</ele><time>2026-09-12T10:58:18.000Z</time></trkpt>
      <trkpt lat="57.4735026" lon="-5.8629491"><ele>47.2</ele><time>2026-09-12T10:58:19.000Z</time></trkpt>
      <trkpt lat="57.4737282" lon="-5.8631753"><ele>49.4</ele><time>2026-09-12T10:58:20.000Z</time></trkpt>
      <trkpt lat="57.4739488" lon="-5.8633282"><ele>51.7</ele><time>2026-09-12T10:58:21.000Z</time></trkpt>
      <trkpt lat="57.4741597" lon="-5.8633326"><ele>47.3</ele><time>2026-09-12T10:58:22.000Z</time></trkpt>
      <trkpt lat="57.4743978" lon="-5.8634090"><ele>49.4</ele><time>2026-09-12T10:58:23.000Z</time></trkpt>
      <trkpt lat="57.4746171" lon="-5.8634782"><ele>50.1</ele><time>2026-09-12T10:58:24.000Z</time></trkpt>
      <trkpt lat="57.4748548" lon="-5.8635675"><ele>41.6</ele><time>2026-09-12T10:58:25.000Z</time></trkpt>
      <trkpt lat="57.4750702" lon="-5.8637052"><ele>46.4</ele><time>2026-09-12T10:58:26.000Z</time></trkpt>
      <trkpt lat="57.4753044" lon="-5.8636667"><ele>39.4</ele><time>2026-09-12T10:58:27.000Z</time></trkpt>
      <trkpt lat="57.4755406" lon="-5.8638453"><ele>39.2</ele><time>2026-09-12T10:58:28.000Z</time></trkpt>
      <trkpt lat="57.4758120" lon="-5.8638891"><ele>37.6</ele><time>2026-09-12T10:58:29.000Z</time></trkpt>
      <trkpt lat="57.4760160" lon="-5.8639428"><ele>40.7</ele><time>2026-09-12T10:58:30.000Z</time></trkpt>
      <trkpt lat="57.4762766" lon="-5.8640465"><ele>47.0</ele><time>2026-09-12T10:58:31.000Z</time></trkpt>
      <trkpt lat="57.4764858" lon="-5.8640262"><ele>43.9</ele><time>2026-09-12T10:58:32.000Z</time></trkpt>
      <trkpt lat="57.4767173" lon="-5.8640921"><ele>45.0</ele><time>2026-09-12T10:58:33.000Z</time></trkpt>
      <trkpt lat="57.4769363" lon="-5.8641204"><ele>44.5</ele><time>2026-09-12T10:58:34.000Z</time></trkpt>
      <trkpt lat="57.4770911" lon="-5.8640508"><ele>44.4</ele><time>2026-09-12T10:58:35.000Z</time></trkpt>
      <trkpt lat="57.4772933" lon="-5.8639983"><ele>50.5</ele><time>2026-09-12T10:58:36.000Z</time></trkpt>
      <trkpt lat="57.4774781" lon="-5.8638559"><ele>50.9</ele><time>2026-09-12T10:58:37.000Z</time></trkpt>
      <trkpt lat="57.4777327" lon="-5.8637553"><ele>54.5</ele><time>2026-09-12T10:58:38.000Z</time></trkpt>
      <trkpt lat="57.4778502" lon="-5.8637182"><ele>52.8</ele><time>2026-09-12T10:58:39.000Z</time></trkpt>
      <trkpt lat="57.4780852" lon="-5.8637191"><ele>47.7</ele><time>2026-09-12T10:58:40.000Z</time></trkpt>
      <trkpt lat="57.4782828" lon="-5.8635770"><ele>49.0</ele><time>2026-09-12T10:58:41.000Z</time></trkpt>
      <trkpt lat="57.4784822" lon="-5.8635259"><ele>46.9</ele><time>2026-09-12T10:58:42.000Z</time></trkpt>
      <trkpt lat="57.4786661" lon="-5.8634818"><ele>44.0</ele><time>2026-09-12T10:58:43.000Z</time></trkpt>
      <trkpt lat="57.4788511" lon="-5.8635632"><ele>44.2</ele><time>2026-09-12T10:58:44.000Z</time></trkpt>
      <trkpt lat="57.4790461" lon="-5.8633694"><ele>43.0</ele><time>2026-09-12T10:58:45.000Z</time></trkpt>
      <trkpt lat="57.4792901" lon="-5.8633464"><ele>34.4</ele><time>2026-09-12T10:58:46.000Z</time></trkpt>
      <trkpt lat="57.4795214" lon="-5.8633025"><ele>33.0</ele><time>2026-09-12T10:58:47.000Z</time></trkpt>
      <trkpt lat="57.4796916" lon="-5.8632612"><ele>34.1</ele><time>2026-09-12T10:58:48.000Z</time></trkpt>
      <trkpt lat="57.4799854" lon="-5.8631888"><ele>38.1</ele><time>2026-09-12T10:58:49.000Z</time></trkpt>
      <trkpt lat="57.4801606" lon="-5.8631802"><ele>42.4</ele><time>2026-09-12T10:58:50.000Z</time></trkpt>
      <trkpt lat="57.4804115" lon="-5.8631663"><ele>41.2</ele><time>2026-09-12T10:58:51.000Z</time></trkpt>
      <trkpt lat="57.4806008" lon="-5.8632252"><ele>44.7</ele><time>2026-09-12T10:58:52.000Z</time></trkpt>
      <trkpt lat="57.4808454" lon="-5.8631956"><ele>47.5</ele><time>2026-09-12T10:58:53.000Z</time></trkpt>
      <trkpt lat="57.4810603" lon="-5.8632068"><ele>52.4</ele><time>2026-09-12T10:58:54.000Z</time></trkpt>
      <trkpt lat="57.4812261" lon="-5.8632767"><ele>55.2</ele><time>2026-09-12T10:58:55.000Z</time></trkpt>
      <trkpt lat="57.4814443" lon="-5.8633336"><ele>58.1</ele><time>2026-09-12T10:58:56.000Z</time></trkpt>
      <trkpt lat="57.4817187" lon="-5.8634570"><ele>61.6</ele><time>2026-09-12T10:58:57.000Z</time></trkpt>
      <trkpt lat="57.4818141" lon="-5.8634792"><ele>63.4</ele><time>2026-09-12T10:58:58.000Z</time></trkpt>
      <trkpt lat="57.4819635" lon="-5.8635572"><ele>61.3</ele><time>2026-09-12T10:58:59.000Z</time></trkpt>
      <trkpt lat="57.4821411" lon="-5.8636485"><ele>66.3</ele><time>2026-09-12T10:59:00.000Z</time></trkpt>
      <trkpt lat="57.4823578" lon="-5.8637276"><ele>67.3</ele><time>2026-09-12T10:59:01.000Z</time></trkpt>
      <trkpt lat="57.4825134" lon="-5.8637180"><ele>66.8</ele><time>2026-09-12T10:59:02.000Z</time></trkpt>
      <trkpt lat="57.4827172" lon="-5.8637978"><ele>61.2</ele><time>2026-09-12T10:59:03.000Z</time></trkpt>
      <trkpt lat="57.4829797" lon="-5.8638349"><ele>66.8</ele><time>2026-09-12T10:59:04.000Z</time></trkpt>
      <trkpt lat="57.4832133" lon="-5.8637633"><ele>72.8</ele><time>2026-09-12T10:59:05.000Z</time></trkpt>
      <trkpt lat="57.4834142" lon="-5.8638902"><ele>69.8</ele><time>2026-09-12T10:59:06.000Z</time></trkpt>
      <trkpt lat="57.4836207" lon="-5.8636648"><ele>77.4</ele><time>2026-09-12T10:59:07.000Z</time></trkpt>
      <trkpt lat="57.4838611" lon="-5.8636499"><ele>73.8</ele><time>2026-09-12T10:59:08.000Z</time></trkpt>
      <trkpt lat="57.4841161" lon="-5.8635797"><ele>71.8</ele><time>2026-09-12T10:59:09.000Z</time></trkpt>
      <trkpt lat="57.4843255" lon="-5.8634746"><ele>72.4</ele><time>2026-09-12T10:59:10.000Z</time></trkpt>
      <trkpt lat="57.4845318" lon="-5.8634192"><ele>69.8</ele><time>2026-09-12T10:59:11.000Z</time></trkpt>
      <trkpt lat="57.4847998" lon="-5.8632652"><ele>63.2</ele><time>2026-09-12T10:59:12.000Z</time></trkpt>
      <trkpt lat="57.4850310" lon="-5.8631262"><ele>61.3</ele><time>2026-09-12T10:59:13.000Z</time></trkpt>
      <trkpt lat="57.4852757" lon="-5.8629693"><ele>63.9</ele><time>2026-09-12T10:59:14.000Z</time></trkpt>
      <trkpt lat="57.4854864" lon="-5.8628656"><ele>63.0</ele><time>2026-09-12T10:59:15.000Z</time></trkpt>
      <trkpt lat="57.4856898" lon="-5.8627500"><ele>63.1</ele><time>2026-09-12T10:59:16.000Z</time></trkpt>
      <trkpt lat="57.4859238" lon="-5.8625894"><ele>67.4</ele><time>2026-09-12T10:59:17.000Z</time></trkpt>
      <trkpt lat="57.4861821" lon="-5.8624822"><ele>65.6</ele><time>2026-09-12T10:59:18.000Z</time></trkpt>
      <trkpt lat="57.4863541" lon="-5.8623660"><ele>60.4</ele><time>2026-09-12T10:59:19.000Z</time></trkpt>
      <trkpt lat="57.4865473" lon="-5.8623134"><ele>62.8</ele><time>2026-09-12T10:59:20.000Z</time></trkpt>
      <trkpt lat="57.4867347" lon="-5.8622071"><ele>57.4</ele><time>2026-09-12T10:59:21.000Z</time></trkpt>
      <trkpt lat="57.4869546" lon="-5.8621249"><ele>63.5</ele><time>2026-09-12T10:59:22.000Z</time></trkpt>
      <trkpt lat="57.4870427" lon="-5.8621535"><ele>60.5</ele><time>2026-09-12T10:59:23.000Z</time></trkpt>
      <trkpt lat="57.4871733" lon="-5.8620538"><ele>65.3</ele><time>2026-09-12T10:59:24.000Z</time></trkpt>
      <trkpt lat="57.4873435" lon="-5.8619859"><ele>70.9</ele><time>2026-09-12T10:59:25.000Z</time></trkpt>
      <trkpt lat="57.4875043" lon="-5.8617363"><ele>71.4</ele><time>2026-09-12T10:59:26.000Z</time></trkpt>
      <trkpt lat="57.4876813" lon="-5.8617172"><ele>70.2</ele><time>2026-09-12T10:59:27.000Z</time></trkpt>
      <trkpt lat="57.4878732" lon="-5.8616153"><ele>71.3</ele><time>2026-09-12T10:59:28.000Z</time></trkpt>
      <trkpt lat="57.4881036" lon="-5.8615063"><ele>75.2</ele><time>2026-09-12T10:59:29.000Z</time></trkpt>
      <trkpt lat="57.4882455" lon="-5.8614000"><ele>76.1</ele><time>2026-09-12T10:59:30.000Z</time></trkpt>
      <trkpt lat="57.4884213" lon="-5.8613078"><ele>77.5</ele><time>2026-09-12T10:59:31.000Z</time></trkpt>
      <trkpt lat="57.4886158" lon="-5.8612256"><ele>67.5</ele><time>2026-09-12T10:59:32.000Z</time></trkpt>
      <trkpt lat="57.4888137" lon="-5.8610976"><ele>68.3</ele><time>2026-09-12T10:59:33.000Z</time></trkpt>
      <trkpt lat="57.4890844" lon="-5.8609076"><ele>62.6</ele><time>2026-09-12T10:59:34.000Z</time></trkpt>
      <trkpt lat="57.4893228" lon="-5.8609210"><ele>68.9</ele><time>2026-09-12T10:59:35.000Z</time></trkpt>
      <trkpt lat="57.4895243" lon="-5.8608423"><ele>70.1</ele><time>2026-09-12T10:59:36.000Z</time></trkpt>
      <trkpt lat="57.4897445" lon="-5.8607960"><ele>67.7</ele><time>2026-09-12T10:59:37.000Z</time></trkpt>
      <trkpt lat="57.4899345" lon="-5.8608740"><ele>67.6</ele><time>2026-09-12T10:59:38.000Z</time></trkpt>
      <trkpt lat="57.4901102" lon="-5.8608835"><ele>69.5</ele><time>2026-09-12T10:59:39.000Z</time></trkpt>
      <trkpt lat="57.4903103" lon="-5.8609306"><ele>82.4</ele><time>2026-09-12T10:59:40.000Z</time></trkpt>
      <trkpt lat="57.4904574" lon="-5.8609413"><ele>87.8</ele><time>2026-09-12T10:59:41.000Z</time></trkpt>
      <trkpt lat="57.4906967" lon="-5.8609069"><ele>89.4</ele><time>2026-09-12T10:59:42.000Z</time></trkpt>
      <trkpt lat="57.4909050" lon="-5.8609184"><ele>88.0</ele><time>2026-09-12T10:59:43.000Z</time></trkpt>
      <trkpt lat="57.4910609" lon="-5.8608951"><ele>85.4</ele><time>2026-09-12T10:59:44.000Z</time></trkpt>
      <trkpt lat="57.4912182" lon="-5.8609704"><ele>92.3</ele><time>2026-09-12T10:59:45.000Z</time></trkpt>
      <trkpt lat="57.4913876" lon="-5.8610212"><ele>85.9</ele><time>2026-09-12T10:59:46.000Z</time></trkpt>
      <trkpt lat="57.4915035" lon="-5.8609519"><ele>84.4</ele><time>2026-09-12T10:59:47.000Z</time></trkpt>
      <trkpt lat="57.4916521" lon="-5.8609877"><ele>82.0</ele><time>2026-09-12T10:59:48.000Z</time></trkpt>
      <trkpt lat="57.4917884" lon="-5.8610421"><ele>80.9</ele><time>2026-09-12T10:59:49.000Z</time></trkpt>
      <trkpt lat="57.4919511" lon="-5.8610511"><ele>79.8</ele><time>2026-09-12T10:59:50.000Z</time></trkpt>
      <trkpt lat="57.4920888" lon="-5.8611232"><ele>76.3</ele><time>2026-09-12T10:59:51.000Z</time></trkpt>
      <trkpt lat="57.4923019" lon="-5.8611425"><ele>73.3</ele><time>2026-09-12T10:59:52.000Z</time></trkpt>
      <trkpt lat="57.4926013" lon="-5.8610817"><ele>78.2</ele><time>2026-09-12T10:59:53.000Z</time></trkpt>
      <trkpt lat="57.4927553" lon="-5.8611646"><ele>84.8</ele><time>2026-09-12T10:59:54.000Z</time></trkpt>
      <trkpt lat="57.4930356" lon="-5.8611759"><ele>87.7</ele><time>2026-09-12T10:59:55.000Z</time></trkpt>
      <trkpt lat="57.4932776" lon="-5.8611147"><ele>88.5</ele><time>2026-09-12T10:59:56.000Z</time></trkpt>
      <trkpt lat="57.4935197" lon="-5.8611028"><ele>88.6</ele><time>2026-09-12T10:59:57.000Z</time></trkpt>
      <trkpt lat="57.4936768" lon="-5.8610987"><ele>89.9</ele><time>2026-09-12T10:59:58.000Z</time></trkpt>
      <trkpt lat="57.4939226" lon="-5.8610988"><ele>89.3</ele><time>2026-09-12T10:59:59.000Z</time></trkpt>
      <trkpt lat="57.4941366" lon="-5.8609690"><ele>94.5</ele><time>2026-09-12T11:00:00.000Z</time></trkpt>
      <trkpt lat="57.4943718" lon="-5.8609976"><ele>94.6</ele><time>2026-09-12T11:00:01.000Z</time></trkpt>
      <trkpt lat="57.4945367" lon="-5.8610287"><ele>94.3</ele><time>2026-09-12T11:00:02.000Z</time></trkpt>
      <trkpt lat="57.4947468" lon="-5.8608969"><ele>101.8</ele><time>2026-09-12T11:00:03.000Z</time></trkpt>
      <trkpt lat="57.4949624" lon="-5.8608835"><ele>99.8</ele><time>2026-09-12T11:00:04.000Z</time></trkpt>
      <trkpt lat="57.4952027" lon="-5.8607786"><ele>91.7</ele><time>2026-09-12T11:00:05.000Z</time></trkpt>
      <trkpt lat="57.4954299" lon="-5.8607064"><ele>98.7</ele><time>2026-09-12T11:00:06.000Z</time></trkpt>
      <trkpt lat="57.4956931" lon="-5.8607811"><ele>91.0</ele><time>2026-09-12T11:00:07.000Z</time></trkpt>
      <trkpt lat="57.4958918" lon="-5.8606391"><ele>85.3</ele><time>2026-09-12T11:00:08.000Z</time></trkpt>
      <trkpt lat="57.4961303" lon="-5.8607187"><ele>89.0</ele><time>2026-09-12T11:00:09.000Z</time></trkpt>
      <trkpt lat="57.4963713" lon="-5.8604615"><ele>86.5</ele><time>2026-09-12T11:00:10.000Z</time></trkpt>
      <trkpt lat="57.4965985" lon="-5.8605301"><ele>87.7</ele><time>2026-09-12T11:00:11.000Z</time></trkpt>
      <trkpt lat="57.4968082" lon="-5.8603435"><ele>85.4</ele><time>2026-09-12T11:00:12.000Z</time></trkpt>
      <trkpt lat="57.4970556" lon="-5.8604101"><ele>82.5</ele><time>2026-09-12T11:00:13.000Z</time></trkpt>
      <trkpt lat="57.4973165" lon="-5.8602917"><ele>80.7</ele><time>2026-09-12T11:00:14.000Z</time></trkpt>
      <trkpt lat="57.4975163" lon="-5.8602661"><ele>81.7</ele><time>2026-09-12T11:00:15.000Z</time></trkpt>
      <trkpt lat="57.4977280" lon="-5.8601997"><ele>83.4</ele><time>2026-09-12T11:00:16.000Z</time></trkpt>
      <trkpt lat="57.4979482" lon="-5.8601722"><ele>78.1</ele><time>2026-09-12T11:00:17.000Z</time></trkpt>
      <trkpt lat="57.4981848" lon="-5.8601494"><ele>74.2</ele><time>2026-09-12T11:00:18.000Z</time></trkpt>
      <trkpt lat="57.4984114" lon="-5.8600772"><ele>77.9</ele><time>2026-09-12T11:00:19.000Z</time></trkpt>
      <trkpt lat="57.4986784" lon="-5.8599542"><ele>83.3</ele><time>2026-09-12T11:00:20.000Z</time></trkpt>
      <trkpt lat="57.4988857" lon="-5.8599787"><ele>83.3</ele><time>2026-09-12T11:00:21.000Z</time></trkpt>
      <trkpt lat="57.4990912" lon="-5.8599109"><ele>77.7</ele><time>2026-09-12T11:00:22.000Z</time></trkpt>
      <trkpt lat="57.4993320" lon="-5.8598326"><ele>81.1</ele><time>2026-09-12T11:00:23.000Z</time></trkpt>
      <trkpt lat="57.4995326" lon="-5.8598151"><ele>73.8</ele><time>2026-09-12T11:00:24.000Z</time></trkpt>
      <trkpt lat="57.4997278" lon="-5.8597806"><ele>76.4</ele><time>2026-09-12T11:00:25.000Z</time></trkpt>
      <trkpt lat="57.4999749" lon="-5.8597711"><ele>80.2</ele><time>2026-09-12T11:00:26.000Z</time></trkpt>
      <trkpt lat="57.5001985" lon="-5.8597250"><ele>81.6</ele><time>2026-09-12T11:00:27.000Z</time></trkpt>
      <trkpt lat="57.5004530" lon="-5.8598840"><ele>76.3</ele><time>2026-09-12T11:00:28.000Z</time></trkpt>
      <trkpt lat="57.5007016" lon="-5.8598573"><ele>76.0</ele><time>2026-09-12T11:00:29.000Z</time></trkpt>
      <trkpt lat="57.5009326" lon="-5.8598733"><ele>66.1</ele><time>2026-09-12T11:00:30.000Z</time></trkpt>
      <trkpt lat="57.5011356" lon="-5.8599512"><ele>65.1</ele><time>2026-09-12T11:00:31.000Z</time></trkpt>
      <trkpt lat="57.5013537" lon="-5.8600020"><ele>69.2</ele><time>2026-09-12T11:00:32.000Z</time></trkpt>
      <trkpt lat="57.5015488" lon="-5.8598966"><ele>59.6</ele><time>2026-09-12T11:00:33.000Z</time></trkpt>
      <trkpt lat="57.5017683" lon="-5.8599538"><ele>70.5</ele><time>2026-09-12T11:00:34.000Z</time></trkpt>
      <trkpt lat="57.5019951" lon="-5.8599554"><ele>71.7</ele><time>2026-09-12T11:00:35.000Z</time></trkpt>
      <trkpt lat="57.5022132" lon="-5.8600403"><ele>70.5</ele><time>2026-09-12T11:00:36.000Z</time></trkpt>
      <trkpt lat="57.5024861" lon="-5.8599796"><ele>66.3</ele><time>2026-09-12T11:00:37.000Z</time></trkpt>
      <trkpt lat="57.5027195" lon="-5.8600562"><ele>61.2</ele><time>2026-09-12T11:00:38.000Z</time></trkpt>
      <trkpt lat="57.5029870" lon="-5.8599870"><ele>67.8</ele><time>2026-09-12T11:00:39.000Z</time></trkpt>
      <trkpt lat="57.5032498" lon="-5.8598651"><ele>64.6</ele><time>2026-09-12T11:00:40.000Z</time></trkpt>
      <trkpt lat="57.5034618" lon="-5.8598569"><ele>64.3</ele><time>2026-09-12T11:00:41.000Z</time></trkpt>
      <trkpt lat="57.5036629" lon="-5.8599691"><ele>60.6</ele><time>2026-09-12T11:00:42.000Z</time></trkpt>
      <trkpt lat="57.5038770" lon="-5.8599287"><ele>63.5</ele><time>2026-09-12T11:00:43.000Z</time></trkpt>
      <trkpt lat="57.5041512" lon="-5.8598650"><ele>59.6</ele><time>2026-09-12T11:00:44.000Z</time></trkpt>
      <trkpt lat="57.5043480" lon="-5.8599192"><ele>56.9</ele><time>2026-09-12T11:00:45.000Z</time></trkpt>
      <trkpt lat="57.5045009" lon="-5.8598553"><ele>61.5</ele><time>2026-09-12T11:00:46.000Z</time></trkpt>
      <trkpt lat="57.5047539" lon="-5.8597671"><ele>60.8</ele><time>2026-09-12T11:00:47.000Z</time></trkpt>
      <trkpt lat="57.5048885" lon="-5.8597390"><ele>51.5</ele><time>2026-09-12T11:00:48.000Z</time></trkpt>
      <trkpt lat="57.5051050" lon="-5.8597217"><ele>50.7</ele><time>2026-09-12T11:00:49.000Z</time></trkpt>
      <trkpt lat="57.5053219" lon="-5.8598227"><ele>54.8</ele><time>2026-09-12T11:00:50.000Z</time></trkpt>
      <trkpt lat="57.5054927" lon="-5.8597822"><ele>51.0</ele><time>2026-09-12T11:00:51.000Z</time></trkpt>
      <trkpt lat="57.5056753" lon="-5.8597864"><ele>42.4</ele><time>2026-09-12T11:00:52.000Z</time></trkpt>
      <trkpt lat="57.5059003" lon="-5.8597778"><ele>47.9</ele><time>2026-09-12T11:00:53.000Z</time></trkpt>
      <trkpt lat="57.5061827" lon="-5.8597086"><ele>45.2</ele><time>2026-09-12T11:00:54.000Z</time></trkpt>
      <trkpt lat="57.5063763" lon="-5.8597261"><ele>37.8</ele><time>2026-09-12T11:00:55.000Z</time></trkpt>
      <trkpt lat="57.5065608" lon="-5.8597164"><ele>44.6</ele><time>2026-09-12T11:00:56.000Z</time></trkpt>
      <trkpt lat="57.5067632" lon="-5.8596766"><ele>44.6</ele><time>2026-09-12T11:00:57.000Z</time></trkpt>
      <trkpt lat="57.5070329" lon="-5.8596400"><ele>38.4</ele><time>2026-09-12T11:00:58.000Z</time></trkpt>
      <trkpt lat="57.5072427" lon="-5.8596918"><ele>42.4</ele><time>2026-09-12T11:00:59.000Z</time></trkpt>
      <trkpt lat="57.5075146" lon="-5.8596336"><ele>48.4</ele><time>2026-09-12T11:01:00.000Z</time></trkpt>
      <trkpt lat="57.5077793" lon="-5.8596617"><ele>41.8</ele><time>2026-09-12T11:01:01.000Z</time></trkpt>
      <trkpt lat="57.5079718" lon="-5.8595863"><ele>44.7</ele><time>2026-09-12T11:01:02.000Z</time></trkpt>
      <trkpt lat="57.5082123" lon="-5.8595459"><ele>47.4</ele><time>2026-09-12T11:01:03.000Z</time></trkpt>
      <trkpt lat="57.5084418" lon="-5.8595531"><ele>42.7</ele><time>2026-09-12T11:01:04.000Z</time></trkpt>
      <trkpt lat="57.5086845" lon="-5.8595529"><ele>38.5</ele><time>2026-09-12T11:01:05.000Z</time></trkpt>
      <trkpt lat="57.5088726" lon="-5.8594824"><ele>38.3</ele><time>2026-09-12T11:01:06.000Z</time></trkpt>
      <trkpt lat="57.5090844" lon="-5.8594276"><ele>42.3</ele><time>2026-09-12T11:01:07.000Z</time></trkpt>
      <trkpt lat="57.5092800" lon="-5.8594374"><ele>39.5</ele><time>2026-09-12T11:01:08.000Z</time></trkpt>
      <trkpt lat="57.5094765" lon="-5.8594291"><ele>31.9</ele><time>2026-09-12T11:01:09.000Z</time></trkpt>
      <trkpt lat="57.5096762" lon="-5.8592755"><ele>29.2</ele><time>2026-09-12T11:01:10.000Z</time></trkpt>
      <trkpt lat="57.5098870" lon="-5.8592750"><ele>28.2</ele><time>2026-09-12T11:01:11.000Z</time></trkpt>
      <trkpt lat="57.5100807" lon="-5.8592811"><ele>23.2</ele><time>2026-09-12T11:01:12.000Z</time></trkpt>
      <trkpt lat="57.5102985" lon="-5.8591510"><ele>25.8</ele><time>2026-09-12T11:01:13.000Z</time></trkpt>
      <trkpt lat="57.5105756" lon="-5.8591071"><ele>26.5</ele><time>2026-09-12T11:01:14.000Z</time></trkpt>
      <trkpt lat="57.5108034" lon="-5.8591069"><ele>17.3</ele><time>2026-09-12T11:01:15.000Z</time></trkpt>
      <trkpt lat="57.5110503" lon="-5.8589671"><ele>16.8</ele><time>2026-09-12T11:01:16.000Z</time></trkpt>
      <trkpt lat="57.5112721" lon="-5.8589359"><ele>14.4</ele><time>2026-09-12T11:01:17.000Z</time></trkpt>
      <trkpt lat="57.5114520" lon="-5.8588342"><ele>12.1</ele><time>2026-09-12T11:01:18.000Z</time></trkpt>
      <trkpt lat="57.5117434" lon="-5.8588203"><ele>12.1</ele><time>2026-09-12T11:01:19.000Z</time></trkpt>
      <trkpt lat="57.5119345" lon="-5.8587209"><ele>14.0</ele><time>2026-09-12T11:01:20.000Z</time></trkpt>
      <trkpt lat="57.5121543" lon="-5.8587090"><ele>6.3</ele><time>2026-09-12T11:01:21.000Z</time></trkpt>
      <trkpt lat="57.5123878" lon="-5.8585668"><ele>4.1</ele><time>2026-09-12T11:01:22.000Z</time></trkpt>
      <trkpt lat="57.5125092" lon="-5.8584966"><ele>5.6</ele><time>2026-09-12T11:01:23.000Z</time></trkpt>
      <trkpt lat="57.5127402" lon="-5.8586019"><ele>11.4</ele><time>2026-09-12T11:01:24.000Z</time></trkpt>
      <trkpt lat="57.5129279" lon="-5.8584145"><ele>13.5</ele><time>2026-09-12T11:01:25.000Z</time></trkpt>
      <trkpt lat="57.5130734" lon="-5.8584035"><ele>11.2</ele><time>2026-09-12T11:01:26.000Z</time></trkpt>
      <trkpt lat="57.5132611" lon="-5.8583111"><ele>10.9</ele><time>2026-09-12T11:01:27.000Z</time></trkpt>
      <trkpt lat="57.5135545" lon="-5.8582828"><ele>15.2</ele><time>2026-09-12T11:01:28.000Z</time></trkpt>
      <trkpt lat="57.5137429" lon="-5.8581739"><ele>13.5</ele><time>2026-09-12T11:01:29.000Z</time></trkpt>
      <trkpt lat="57.5140234" lon="-5.8581569"><ele>10.2</ele><time>2026-09-12T11:01:30.000Z</time></trkpt>
      <trkpt lat="57.5142607" lon="-5.8580636"><ele>20.2</ele><time>2026-09-12T11:01:31.000Z</time></trkpt>
      <trkpt lat="57.5145039" lon="-5.8579468"><ele>24.0</ele><time>2026-09-12T11:01:32.000Z</time></trkpt>
      <trkpt lat="57.5146917" lon="-5.8579187"><ele>24.4</ele><time>2026-09-12T11:01:33.000Z</time></trkpt>
      <trkpt lat="57.5149606" lon="-5.8579216"><ele>27.7</ele><time>2026-09-12T11:01:34.000Z</time></trkpt>
      <trkpt lat="57.5151713" lon="-5.8578687"><ele>29.0</ele><time>2026-09-12T11:01:35.000Z</time></trkpt>
      <trkpt lat="57.5154254" lon="-5.8577556"><ele>26.0</ele><time>2026-09-12T11:01:36.000Z</time></trkpt>
      <trkpt lat="57.5157092" lon="-5.8577178"><ele>20.2</ele><time>2026-09-12T11:01:37.000Z</time></trkpt>
      <trkpt lat="57.5158949" lon="-5.8576324"><ele>31.7</ele><time>2026-09-12T11:01:38.000Z</time></trkpt>
      <trkpt lat="57.5161395" lon="-5.8575852"><ele>28.9</ele><time>2026-09-12T11:01:39.000Z</time></trkpt>
      <trkpt lat="57.5163473" lon="-5.8574133"><ele>30.6</ele><time>2026-09-12T11:01:40.000Z</time></trkpt>
      <trkpt lat="57.5165866" lon="-5.8572675"><ele>40.6</ele><time>2026-09-12T11:01:41.000Z</time></trkpt>
      <trkpt lat="57.5167892" lon="-5.8570574"><ele>31.7</ele><time>2026-09-12T11:01:42.000Z</time></trkpt>
      <trkpt lat="57.5170075" lon="-5.8568045"><ele>32.6</ele><time>2026-09-12T11:01:43.000Z</time></trkpt>
      <trkpt lat="57.5171924" lon="-5.8567020"><ele>35.9</ele><time>2026-09-12T11:01:44.000Z</time></trkpt>
      <trkpt lat="57.5174149" lon="-5.8564357"><ele>37.7</ele><time>2026-09-12T11:01:45.000Z</time></trkpt>
      <trkpt lat="57.5176305" lon="-5.8562207"><ele>35.5</ele><time>2026-09-12T11:01:46.000Z</time></trkpt>
      <trkpt lat="57.5178010" lon="-5.8561049"><ele>35.3</ele><time>2026-09-12T11:01:47.000Z</time></trkpt>
      <trkpt lat="57.5179969" lon="-5.8558400"><ele>38.3</ele><time>2026-09-12T11:01:48.000Z</time></trkpt>
      <trkpt lat="57.5181927" lon="-5.8557099"><ele>37.7</ele><time>2026-09-12T11:01:49.000Z</time></trkpt>
      <trkpt lat="57.5184277" lon="-5.8556196"><ele>33.2</ele><time>2026-09-12T11:01:50.000Z</time></trkpt>
      <trkpt lat="57.5186501" lon="-5.8553759"><ele>36.3</ele><time>2026-09-12T11:01:51.000Z</time></trkpt>
      <trkpt lat="57.5188224" lon="-5.8551340"><ele>38.8</ele><time>2026-09-12T11:01:52.000Z</time></trkpt>
      <trkpt lat="57.5189108" lon="-5.8546999"><ele>40.7</ele><time>2026-09-12T11:01:53.000Z</time></trkpt>
      <trkpt lat="57.5190437" lon="-5.8543460"><ele>39.8</ele><time>2026-09-12T11:01:54.000Z</time></trkpt>
      <trkpt lat="57.5190920" lon="-5.8540149"><ele>32.5</ele><time>2026-09-12T11:01:55.000Z</time></trkpt>
      <trkpt lat="57.5192291" lon="-5.8536184"><ele>38.3</ele><time>2026-09-12T11:01:56.000Z</time></trkpt>
      <trkpt lat="57.5194063" lon="-5.8533225"><ele>42.1</ele><time>2026-09-12T11:01:57.000Z</time></trkpt>
      <trkpt lat="57.5195543" lon="-5.8530911"><ele>44.0</ele><time>2026-09-12T11:01:58.000Z</time></trkpt>
      <trkpt lat="57.5197295" lon="-5.8529405"><ele>43.8</ele><time>2026-09-12T11:01:59.000Z</time></trkpt>
      <trkpt lat="57.5199523" lon="-5.8527924"><ele>45.6</ele><time>2026-09-12T11:02:00.000Z</time></trkpt>
      <trkpt lat="57.5201735" lon="-5.8525413"><ele>53.1</ele><time>2026-09-12T11:02:01.000Z</time></trkpt>
      <trkpt lat="57.5203656" lon="-5.8523896"><ele>58.4</ele><time>2026-09-12T11:02:02.000Z</time></trkpt>
      <trkpt lat="57.5206123" lon="-5.8520611"><ele>58.8</ele><time>2026-09-12T11:02:03.000Z</time></trkpt>
      <trkpt lat="57.5208189" lon="-5.8519117"><ele>61.8</ele><time>2026-09-12T11:02:04.000Z</time></trkpt>
      <trkpt lat="57.5210772" lon="-5.8518879"><ele>60.9</ele><time>2026-09-12T11:02:05.000Z</time></trkpt>
      <trkpt lat="57.5213086" lon="-5.8518101"><ele>67.9</ele><time>2026-09-12T11:02:06.000Z</time></trkpt>
      <trkpt lat="57.5214816" lon="-5.8516980"><ele>73.4</ele><time>2026-09-12T11:02:07.000Z</time></trkpt>
      <trkpt lat="57.5217061" lon="-5.8516741"><ele>75.9</ele><time>2026-09-12T11:02:08.000Z</time></trkpt>
      <trkpt lat="57.5219540" lon="-5.8517406"><ele>84.6</ele><time>2026-09-12T11:02:09.000Z</time></trkpt>
      <trkpt lat="57.5221851" lon="-5.8517359"><ele>86.7</ele><time>2026-09-12T11:02:10.000Z</time></trkpt>
      <trkpt lat="57.5223832" lon="-5.8516374"><ele>80.6</ele><time>2026-09-12T11:02:11.000Z</time></trkpt>
      <trkpt lat="57.5226446" lon="-5.8516057"><ele>83.1</ele><time>2026-09-12T11:02:12.000Z</time></trkpt>
      <trkpt lat="57.5228478" lon="-5.8514678"><ele>79.8</ele><time>2026-09-12T11:02:13.000Z</time></trkpt>
      <trkpt lat="57.5230688" lon="-5.8514505"><ele>80.0</ele><time>2026-09-12T11:02:14.000Z</time></trkpt>
      <trkpt lat="57.5233000" lon="-5.8513167"><ele>81.7</ele><time>2026-09-12T11:02:15.000Z</time></trkpt>
      <trkpt lat="57.5235425" lon="-5.8512911"><ele>85.2</ele><time>2026-09-12T11:02:16.000Z</time></trkpt>
      <trkpt lat="57.5237729" lon="-5.8512668"><ele>86.9</ele><time>2026-09-12T11:02:17.000Z</time></trkpt>
      <trkpt lat="57.5240161" lon="-5.8512123"><ele>90.9</ele><time>2026-09-12T11:02:18.000Z</time></trkpt>
      <trkpt lat="57.5242138" lon="-5.8511517"><ele>95.9</ele><time>2026-09-12T11:02:19.000Z</time></trkpt>
      <trkpt lat="57.5244180" lon="-5.8510397"><ele>101.8</ele><time>2026-09-12T11:02:20.000Z</time></trkpt>
      <trkpt lat="57.5246330" lon="-5.8510966"><ele>107.0</ele><time>2026-09-12T11:02:21.000Z</time></trkpt>
      <trkpt lat="57.5248512" lon="-5.8512203"><ele>114.5</ele><time>2026-09-12T11:02:22.000Z</time></trkpt>
      <trkpt lat="57.5251698" lon="-5.8512587"><ele>115.5</ele><time>2026-09-12T11:02:23.000Z</time></trkpt>
      <trkpt lat="57.5253374" lon="-5.8513757"><ele>113.2</ele><time>2026-09-12T11:02:24.000Z</time></trkpt>
      <trkpt lat="57.5256591" lon="-5.8512375"><ele>117.8</ele><time>2026-09-12T11:02:25.000Z</time></trkpt>
      <trkpt lat="57.5258828" lon="-5.8511467"><ele>115.5</ele><time>2026-09-12T11:02:26.000Z</time></trkpt>
      <trkpt lat="57.5261079" lon="-5.8512661"><ele>108.7</ele><time>2026-09-12T11:02:27.000Z</time></trkpt>
      <trkpt lat="57.5263064" lon="-5.8511398"><ele>110.9</ele><time>2026-09-12T11:02:28.000Z</time></trkpt>
      <trkpt lat="57.5265585" lon="-5.8511329"><ele>107.0</ele><time>2026-09-12T11:02:29.000Z</time></trkpt>
      <trkpt lat="57.5267758" lon="-5.8511809"><ele>111.0</ele><time>2026-09-12T11:02:30.000Z</time></trkpt>
      <trkpt lat="57.5270520" lon="-5.8513533"><ele>115.2</ele><time>2026-09-12T11:02:31.000Z</time></trkpt>
      <trkpt lat="57.5273114" lon="-5.8513568"><ele>114.9</ele><time>2026-09-12T11:02:32.000Z</time></trkpt>
      <trkpt lat="57.5275310" lon="-5.8515068"><ele>119.0</ele><time>2026-09-12T11:02:33.000Z</time></trkpt>
      <trkpt lat="57.5277266" lon="-5.8515785"><ele>108.9</ele><time>2026-09-12T11:02:34.000Z</time></trkpt>
      <trkpt lat="57.5279468" lon="-5.8517670"><ele>98.8</ele><time>2026-09-12T11:02:35.000Z</time></trkpt>
      <trkpt lat="57.5281932" lon="-5.8518129"><ele>96.2</ele><time>2026-09-12T11:02:36.000Z</time></trkpt>
      <trkpt lat="57.5284437" lon="-5.8518072"><ele>96.2</ele><time>2026-09-12T11:02:37.000Z</time></trkpt>
      <trkpt lat="57.5286267" lon="-5.8517646"><ele>96.0</ele><time>2026-09-12T11:02:38.000Z</time></trkpt>
      <trkpt lat="57.5288840" lon="-5.8518292"><ele>94.3</ele><time>2026-09-12T11:02:39.000Z</time></trkpt>
      <trkpt lat="57.5291126" lon="-5.8517076"><ele>98.4</ele><time>2026-09-12T11:02:40.000Z</time></trkpt>
      <trkpt lat="57.5293925" lon="-5.8517378"><ele>95.3</ele><time>2026-09-12T11:02:41.000Z</time></trkpt>
      <trkpt lat="57.5295766" lon="-5.8517535"><ele>86.6</ele><time>2026-09-12T11:02:42.000Z</time></trkpt>
      <trkpt lat="57.5298278" lon="-5.8518128"><ele>84.3</ele><time>2026-09-12T11:02:43.000Z</time></trkpt>
      <trkpt lat="57.5300908" lon="-5.8518975"><ele>78.6</ele><time>2026-09-12T11:02:44.000Z</time></trkpt>
      <trkpt lat="57.5303323" lon="-5.8518700"><ele>73.6</ele><time>2026-09-12T11:02:45.000Z</time></trkpt>
      <trkpt lat="57.5305044" lon="-5.8518227"><ele>72.8</ele><time>2026-09-12T11:02:46.000Z</time></trkpt>
      <trkpt lat="57.5307304" lon="-5.8517927"><ele>71.7</ele><time>2026-09-12T11:02:47.000Z</time></trkpt>
      <trkpt lat="57.5309692" lon="-5.8517362"><ele>68.1</ele><time>2026-09-12T11:02:48.000Z</time></trkpt>
      <trkpt lat="57.5311700" lon="-5.8516123"><ele>72.6</ele><time>2026-09-12T11:02:49.000Z</time></trkpt>
      <trkpt lat="57.5314056" lon="-5.8515624"><ele>76.6</ele><time>2026-09-12T11:02:50.000Z</time></trkpt>
      <trkpt lat="57.5316629" lon="-5.8513702"><ele>83.6</ele><time>2026-09-12T11:02:51.000Z</time></trkpt>
      <trkpt lat="57.5319049" lon="-5.8512618"><ele>81.8</ele><time>2026-09-12T11:02:52.000Z</time></trkpt>
      <trkpt lat="57.5321377" lon="-5.8511026"><ele>82.9</ele><time>2026-09-12T11:02:53.000Z</time></trkpt>
      <trkpt lat="57.5323406" lon="-5.8509921"><ele>86.1</ele><time>2026-09-12T11:02:54.000Z</time></trkpt>
      <trkpt lat="57.5325535" lon="-5.8509644"><ele>98.4</ele><time>2026-09-12T11:02:55.000Z</time></trkpt>
      <trkpt lat="57.5327578" lon="-5.8508159"><ele>93.6</ele><time>2026-09-12T11:02:56.000Z</time></trkpt>
      <trkpt lat="57.5330216" lon="-5.8509097"><ele>88.4</ele><time>2026-09-12T11:02:57.000Z</time></trkpt>
      <trkpt lat="57.5333034" lon="-5.8507530"><ele>89.2</ele><time>2026-09-12T11:02:58.000Z</time></trkpt>
      <trkpt lat="57.5334904" lon="-5.8508936"><ele>84.7</ele><time>2026-09-12T11:02:59.000Z</time></trkpt>
      <trkpt lat="57.5337358" lon="-5.8509064"><ele>83.5</ele><time>2026-09-12T11:03:00.000Z</time></trkpt>
      <trkpt lat="57.5339869" lon="-5.8508302"><ele>74.9</ele><time>2026-09-12T11:03:01.000Z</time></trkpt>
      <trkpt lat="57.5342149" lon="-5.8509463"><ele>75.7</ele><time>2026-09-12T11:03:02.000Z</time></trkpt>
      <trkpt lat="57.5344126" lon="-5.8509365"><ele>77.0</ele><time>2026-09-12T11:03:03.000Z</time></trkpt>
      <trkpt lat="57.5346973" lon="-5.8510016"><ele>80.0</ele><time>2026-09-12T11:03:04.000Z</time></trkpt>
      <trkpt lat="57.5349333" lon="-5.8510232"><ele>76.8</ele><time>2026-09-12T11:03:05.000Z</time></trkpt>
      <trkpt lat="57.5351309" lon="-5.8510821"><ele>71.2</ele><time>2026-09-12T11:03:06.000Z</time></trkpt>
      <trkpt lat="57.5353352" lon="-5.8510796"><ele>75.0</ele><time>2026-09-12T11:03:07.000Z</time></trkpt>
      <trkpt lat="57.5355591" lon="-5.8510683"><ele>81.9</ele><time>2026-09-12T11:03:08.000Z</time></trkpt>
      <trkpt lat="57.5357734" lon="-5.8509278"><ele>83.5</ele><time>2026-09-12T11:03:09.000Z</time></trkpt>
      <trkpt lat="57.5360201" lon="-5.8509181"><ele>82.5</ele><time>2026-09-12T11:03:10.000Z</time></trkpt>
      <trkpt lat="57.5361748" lon="-5.8508907"><ele>82.2</ele><time>2026-09-12T11:03:11.000Z</time></trkpt>
      <trkpt lat="57.5363950" lon="-5.8508446"><ele>87.5</ele><time>2026-09-12T11:03:12.000Z</time></trkpt>
      <trkpt lat="57.5365885" lon="-5.8507901"><ele>92.0</ele><time>2026-09-12T11:03:13.000Z</time></trkpt>
      <trkpt lat="57.5367643" lon="-5.8507203"><ele>93.3</ele><time>2026-09-12T11:03:14.000Z</time></trkpt>
      <trkpt lat="57.5370036" lon="-5.8506153"><ele>88.7</ele><time>2026-09-12T11:03:15.000Z</time></trkpt>
      <trkpt lat="57.5370928" lon="-5.8506580"><ele>93.5</ele><time>2026-09-12T11:03:16.000Z</time></trkpt>
      <trkpt lat="57.5373067" lon="-5.8504688"><ele>95.1</ele><time>2026-09-12T11:03:17.000Z</time></trkpt>
      <trkpt lat="57.5374285" lon="-5.8503451"><ele>97.1</ele><time>2026-09-12T11:03:18.000Z</time></trkpt>
      <trkpt lat="57.5375991" lon="-5.8502218"><ele>102.5</ele><time>2026-09-12T11:03:19.000Z</time></trkpt>
      <trkpt lat="57.5377914" lon="-5.8501021"><ele>107.3</ele><time>2026-09-12T11:03:20.000Z</time></trkpt>
      <trkpt lat="57.5379522" lon="-5.8500166"><ele>106.6</ele><time>2026-09-12T11:03:21.000Z</time></trkpt>
      <trkpt lat="57.5381088" lon="-5.8499413"><ele>97.3</ele><time>2026-09-12T11:03:22.000Z</time></trkpt>
      <trkpt lat="57.5383074" lon="-5.8497903"><ele>95.0</ele><time>2026-09-12T11:03:23.000Z</time></trkpt>
      <trkpt lat="57.5384477" lon="-5.8497867"><ele>101.1</ele><time>2026-09-12T11:03:24.000Z</time></trkpt>
      <trkpt lat="57.5386725" lon="-5.8496961"><ele>101.5</ele><time>2026-09-12T11:03:25.000Z</time></trkpt>
      <trkpt lat="57.5388388" lon="-5.8494197"><ele>97.9</ele><time>2026-09-12T11:03:26.000Z</time></trkpt>
      <trkpt lat="57.5389965" lon="-5.8493403"><ele>98.3</ele><time>2026-09-12T11:03:27.000Z</time></trkpt>
      <trkpt lat="57.5392166" lon="-5.8492161"><ele>107.8</ele><time>2026-09-12T11:03:28.000Z</time></trkpt>
      <trkpt lat="57.5393822" lon="-5.8490592"><ele>103.2</ele><time>2026-09-12T11:03:29.000Z</time></trkpt>
      <trkpt lat="57.5395509" lon="-5.8490484"><ele>102.7</ele><time>2026-09-12T11:03:30.000Z</time></trkpt>
      <trkpt lat="57.5396945" lon="-5.8488997"><ele>103.2</ele><time>2026-09-12T11:03:31.000Z</time></trkpt>
      <trkpt lat="57.5398872" lon="-5.8488486"><ele>104.2</ele><time>2026-09-12T11:03:32.000Z</time></trkpt>
      <trkpt lat="57.5399850" lon="-5.8486038"><ele>101.8</ele><time>2026-09-12T11:03:33.000Z</time></trkpt>
      <trkpt lat="57.5401047" lon="-5.8485267"><ele>105.1</ele><time>2026-09-12T11:03:34.000Z</time></trkpt>
      <trkpt lat="57.5402556" lon="-5.8484376"><ele>110.5</ele><time>2026-09-12T11:03:35.000Z</time></trkpt>
      <trkpt lat="57.5404014" lon="-5.8482034"><ele>109.4</ele><time>2026-09-12T11:03:36.000Z</time></trkpt>
      <trkpt lat="57.5405595" lon="-5.8481570"><ele>107.4</ele><time>2026-09-12T11:03:37.000Z</time></trkpt>
      <trkpt lat="57.5406953" lon="-5.8480876"><ele>109.7</ele><time>2026-09-12T11:03:38.000Z</time></trkpt>
      <trkpt lat="57.5409204" lon="-5.8483006"><ele>108.7</ele><time>2026-09-12T11:03:39.000Z</time></trkpt>
      <trkpt lat="57.5410908" lon="-5.8481960"><ele>111.6</ele><time>2026-09-12T11:03:40.000Z</time></trkpt>
      <trkpt lat="57.5411787" lon="-5.8482464"><ele>111.6</ele><time>2026-09-12T11:03:41.000Z</time></trkpt>
      <trkpt lat="57.5414070" lon="-5.8482716"><ele>114.2</ele><time>2026-09-12T11:03:42.000Z</time></trkpt>
      <trkpt lat="57.5415618" lon="-5.8482179"><ele>102.6</ele><time>2026-09-12T11:03:43.000Z</time></trkpt>
      <trkpt lat="57.5417350" lon="-5.8481392"><ele>104.6</ele><time>2026-09-12T11:03:44.000Z</time></trkpt>
      <trkpt lat="57.5419136" lon="-5.8481443"><ele>104.9</ele><time>2026-09-12T11:03:45.000Z</time></trkpt>
      <trkpt lat="57.5419694" lon="-5.8480050"><ele>102.6</ele><time>2026-09-12T11:03:46.000Z</time></trkpt>
      <trkpt lat="57.5420618" lon="-5.8476852"><ele>100.9</ele><time>2026-09-12T11:03:47.000Z</time></trkpt>
      <trkpt lat="57.5422262" lon="-5.8475271"><ele>97.4</ele><time>2026-09-12T11:03:48.000Z</time></trkpt>
      <trkpt lat="57.5422642" lon="-5.8473371"><ele>94.6</ele><time>2026-09-12T11:03:49.000Z</time></trkpt>
      <trkpt lat="57.5424239" lon="-5.8470393"><ele>95.8</ele><time>2026-09-12T11:03:50.000Z</time></trkpt>
      <trkpt lat="57.5424963" lon="-5.8467472"><ele>106.2</ele><time>2026-09-12T11:03:51.000Z</time></trkpt>
      <trkpt lat="57.5425965" lon="-5.8464952"><ele>95.6</ele><time>2026-09-12T11:03:52.000Z</time></trkpt>
      <trkpt lat="57.5426877" lon="-5.8461072"><ele>91.0</ele><time>2026-09-12T11:03:53.000Z</time></trkpt>
      <trkpt lat="57.5427718" lon="-5.8457538"><ele>99.3</ele><time>2026-09-12T11:03:54.000Z</time></trkpt>
      <trkpt lat="57.5428650" lon="-5.8453502"><ele>98.0</ele><time>2026-09-12T11:03:55.000Z</time></trkpt>
      <trkpt lat="57.5428927" lon="-5.8450506"><ele>98.1</ele><time>2026-09-12T11:03:56.000Z</time></trkpt>
      <trkpt lat="57.5430170" lon="-5.8447573"><ele>97.4</ele><time>2026-09-12T11:03:57.000Z</time></trkpt>
      <trkpt lat="57.5430815" lon="-5.8444873"><ele>100.0</ele><time>2026-09-12T11:03:58.000Z</time></trkpt>
      <trkpt lat="57.5431181" lon="-5.8441853"><ele>96.8</ele><time>2026-09-12T11:03:59.000Z</time></trkpt>
      <trkpt lat="57.5432335" lon="-5.8438246"><ele>99.4</ele><time>2026-09-12T11:04:00.000Z</time></trkpt>
      <trkpt lat="57.5433448" lon="-5.8435141"><ele>99.6</ele><time>2026-09-12T11:04:01.000Z</time></trkpt>
      <trkpt lat="57.5433997" lon="-5.8432122"><ele>98.5</ele><time>2026-09-12T11:04:02.000Z</time></trkpt>
      <trkpt lat="57.5434744" lon="-5.8428635"><ele>94.0</ele><time>2026-09-12T11:04:03.000Z</time></trkpt>
      <trkpt lat="57.5435331" lon="-5.8426177"><ele>91.9</ele><time>2026-09-12T11:04:04.000Z</time></trkpt>
      <trkpt lat="57.5435707" lon="-5.8424437"><ele>87.6</ele><time>2026-09-12T11:04:05.000Z</time></trkpt>
      <trkpt lat="57.5436320" lon="-5.8422841"><ele>77.4</ele><time>2026-09-12T11:04:06.000Z</time></trkpt>
      <trkpt lat="57.5437516" lon="-5.8421699"><ele>70.8</ele><time>2026-09-12T11:04:07.000Z</time></trkpt>
      <trkpt lat="57.5438058" lon="-5.8420460"><ele>69.2</ele><time>2026-09-12T11:04:08.000Z</time></trkpt>
      <trkpt lat="57.5438933" lon="-5.8420178"><ele>66.5</ele><time>2026-09-12T11:04:09.000Z</time></trkpt>
      <trkpt lat="57.5440413" lon="-5.8420265"><ele>59.6</ele><time>2026-09-12T11:04:10.000Z</time></trkpt>
      <trkpt lat="57.5440894" lon="-5.8419171"><ele>63.3</ele><time>2026-09-12T11:04:11.000Z</time></trkpt>
      <trkpt lat="57.5442344" lon="-5.8417272"><ele>57.6</ele><time>2026-09-12T11:04:12.000Z</time></trkpt>
      <trkpt lat="57.5443719" lon="-5.8416289"><ele>57.9</ele><time>2026-09-12T11:04:13.000Z</time></trkpt>
      <trkpt lat="57.5445214" lon="-5.8416257"><ele>60.0</ele><time>2026-09-12T11:04:14.000Z</time></trkpt>
      <trkpt lat="57.5447390" lon="-5.8414085"><ele>49.4</ele><time>2026-09-12T11:04:15.000Z</time></trkpt>
      <trkpt lat="57.5449001" lon="-5.8412638"><ele>49.1</ele><time>2026-09-12T11:04:16.000Z</time></trkpt>
      <trkpt lat="57.5451179" lon="-5.8412273"><ele>48.6</ele><time>2026-09-12T11:04:17.000Z</time></trkpt>
      <trkpt lat="57.5453077" lon="-5.8411581"><ele>47.5</ele><time>2026-09-12T11:04:18.000Z</time></trkpt>
      <trkpt lat="57.5455229" lon="-5.8410169"><ele>54.1</ele><time>2026-09-12T11:04:19.000Z</time></trkpt>
      <trkpt lat="57.5457343" lon="-5.8409375"><ele>59.9</ele><time>2026-09-12T11:04:20.000Z</time></trkpt>
      <trkpt lat="57.5459216" lon="-5.8408343"><ele>61.2</ele><time>2026-09-12T11:04:21.000Z</time></trkpt>
      <trkpt lat="57.5461003" lon="-5.8407364"><ele>65.0</ele><time>2026-09-12T11:04:22.000Z</time></trkpt>
      <trkpt lat="57.5463085" lon="-5.8406913"><ele>69.9</ele><time>2026-09-12T11:04:23.000Z</time></trkpt>
      <trkpt lat="57.5465074" lon="-5.8406384"><ele>70.4</ele><time>2026-09-12T11:04:24.000Z</time></trkpt>
      <trkpt lat="57.5466864" lon="-5.8405216"><ele>66.8</ele><time>2026-09-12T11:04:25.000Z</time></trkpt>
      <trkpt lat="57.5469151" lon="-5.8404930"><ele>61.8</ele><time>2026-09-12T11:04:26.000Z</time></trkpt>
      <trkpt lat="57.5470037" lon="-5.8404057"><ele>60.1</ele><time>2026-09-12T11:04:27.000Z</time></trkpt>
      <trkpt lat="57.5472122" lon="-5.8404350"><ele>64.7</ele><time>2026-09-12T11:04:28.000Z</time></trkpt>
      <trkpt lat="57.5473788" lon="-5.8404672"><ele>59.8</ele><time>2026-09-12T11:04:29.000Z</time></trkpt>
      <trkpt lat="57.5475289" lon="-5.8404658"><ele>62.7</ele><time>2026-09-12T11:04:30.000Z</time></trkpt>
      <trkpt lat="57.5477571" lon="-5.8404819"><ele>67.2</ele><time>2026-09-12T11:04:31.000Z</time></trkpt>
      <trkpt lat="57.5479138" lon="-5.8405058"><ele>62.6</ele><time>2026-09-12T11:04:32.000Z</time></trkpt>
      <trkpt lat="57.5481163" lon="-5.8405683"><ele>61.4</ele><time>2026-09-12T11:04:33.000Z</time></trkpt>
      <trkpt lat="57.5482980" lon="-5.8406456"><ele>56.1</ele><time>2026-09-12T11:04:34.000Z</time></trkpt>
      <trkpt lat="57.5484953" lon="-5.8406570"><ele>56.9</ele><time>2026-09-12T11:04:35.000Z</time></trkpt>
      <trkpt lat="57.5486931" lon="-5.8407722"><ele>65.6</ele><time>2026-09-12T11:04:36.000Z</time></trkpt>
      <trkpt lat="57.5488854" lon="-5.8408142"><ele>59.0</ele><time>2026-09-12T11:04:37.000Z</time></trkpt>
      <trkpt lat="57.5490921" lon="-5.8408411"><ele>59.6</ele><time>2026-09-12T11:04:38.000Z</time></trkpt>
      <trkpt lat="57.5492990" lon="-5.8409396"><ele>48.8</ele><time>2026-09-12T11:04:39.000Z</time></trkpt>
      <trkpt lat="57.5494557" lon="-5.8410168"><ele>41.8</ele><time>2026-09-12T11:04:40.000Z</time></trkpt>
      <trkpt lat="57.5496184" lon="-5.8411437"><ele>49.5</ele><time>2026-09-12T11:04:41.000Z</time></trkpt>
      <trkpt lat="57.5498200" lon="-5.8412726"><ele>40.1</ele><time>2026-09-12T11:04:42.000Z</time></trkpt>
      <trkpt lat="57.5500331" lon="-5.8413466"><ele>41.0</ele><time>2026-09-12T11:04:43.000Z</time></trkpt>
      <trkpt lat="57.5501929" lon="-5.8414383"><ele>36.0</ele><time>2026-09-12T11:04:44.000Z</time></trkpt>
      <trkpt lat="57.5503802" lon="-5.8414912"><ele>33.0</ele><time>2026-09-12T11:04:45.000Z</time></trkpt>
      <trkpt lat="57.5505513" lon="-5.8416289"><ele>36.5</ele><time>2026-09-12T11:04:46.000Z</time></trkpt>
      <trkpt lat="57.5507281" lon="-5.8418713"><ele>38.5</ele><time>2026-09-12T11:04:47.000Z</time></trkpt>
      <trkpt lat="57.5508371" lon="-5.8418566"><ele>40.2</ele><time>2026-09-12T11:04:48.000Z</time></trkpt>
      <trkpt lat="57.5509910" lon="-5.8419331"><ele>43.4</ele><time>2026-09-12T11:04:49.000Z</time></trkpt>
      <trkpt lat="57.5511418" lon="-5.8420010"><ele>50.0</ele><time>2026-09-12T11:04:50.000Z</time></trkpt>
      <trkpt lat="57.5512946" lon="-5.8419979"><ele>43.9</ele><time>2026-09-12T11:04:51.000Z</time></trkpt>
      <trkpt lat="57.5514206" lon="-5.8418198"><ele>48.1</ele><time>2026-09-12T11:04:52.000Z</time></trkpt>
      <trkpt lat="57.5514570" lon="-5.8415867"><ele>53.2</ele><time>2026-09-12T11:04:53.000Z</time></trkpt>
      <trkpt lat="57.5515722" lon="-5.8414331"><ele>57.1</ele><time>2026-09-12T11:04:54.000Z</time></trkpt>
      <trkpt lat="57.5516408" lon="-5.8410106"><ele>51.9</ele><time>2026-09-12T11:04:55.000Z</time></trkpt>
      <trkpt lat="57.5517542" lon="-5.8406430"><ele>52.1</ele><time>2026-09-12T11:04:56.000Z</time></trkpt>
      <trkpt lat="57.5518641" lon="-5.8404018"><ele>53.6</ele><time>2026-09-12T11:04:57.000Z</time></trkpt>
      <trkpt lat="57.5519489" lon="-5.8401562"><ele>45.5</ele><time>2026-09-12T11:04:58.000Z</time></trkpt>
      <trkpt lat="57.5520380" lon="-5.8397473"><ele>39.4</ele><time>2026-09-12T11:04:59.000Z</time></trkpt>
      <trkpt lat="57.5521207" lon="-5.8394713"><ele>38.2</ele><time>2026-09-12T11:05:00.000Z</time></trkpt>
      <trkpt lat="57.5521597" lon="-5.8390327"><ele>36.7</ele><time>2026-09-12T11:05:01.000Z</time></trkpt>
      <trkpt lat="57.5522025" lon="-5.8387880"><ele>30.7</ele><time>2026-09-12T11:05:02.000Z</time></trkpt>
      <trkpt lat="57.5523117" lon="-5.8384216"><ele>27.2</ele><time>2026-09-12T11:05:03.000Z</time></trkpt>
      <trkpt lat="57.5522687" lon="-5.8380905"><ele>25.4</ele><time>2026-09-12T11:05:04.000Z</time></trkpt>
      <trkpt lat="57.5521848" lon="-5.8377574"><ele>30.3</ele><time>2026-09-12T11:05:05.000Z</time></trkpt>
      <trkpt lat="57.5521558" lon="-5.8373673"><ele>30.4</ele><time>2026-09-12T11:05:06.000Z</time></trkpt>
      <trkpt lat="57.5521563" lon="-5.8369282"><ele>23.7</ele><time>2026-09-12T11:05:07.000Z</time></trkpt>
      <trkpt lat="57.5520784" lon="-5.8366237"><ele>24.8</ele><time>2026-09-12T11:05:08.000Z</time></trkpt>
      <trkpt lat="57.5521335" lon="-5.8363527"><ele>29.8</ele><time>2026-09-12T11:05:09.000Z</time></trkpt>
      <trkpt lat="57.5521881" lon="-5.8360236"><ele>34.4</ele><time>2026-09-12T11:05:10.000Z</time></trkpt>
      <trkpt lat="57.5522459" lon="-5.8356553"><ele>32.1</ele><time>2026-09-12T11:05:11.000Z</time></trkpt>
      <trkpt lat="57.5523188" lon="-5.8354197"><ele>33.9</ele><time>2026-09-12T11:05:12.000Z</time></trkpt>
      <trkpt lat="57.5524752" lon="-5.8351206"><ele>35.7</ele><time>2026-09-12T11:05:13.000Z</time></trkpt>
      <trkpt lat="57.5525830" lon="-5.8348800"><ele>39.4</ele><time>2026-09-12T11:05:14.000Z</time></trkpt>
      <trkpt lat="57.5527575" lon="-5.8348138"><ele>47.9</ele><time>2026-09-12T11:05:15.000Z</time></trkpt>
      <trkpt lat="57.5529271" lon="-5.8347393"><ele>49.5</ele><time>2026-09-12T11:05:16.000Z</time></trkpt>
      <trkpt lat="57.5530487" lon="-5.8345688"><ele>52.3</ele><time>2026-09-12T11:05:17.000Z</time></trkpt>
      <trkpt lat="57.5532479" lon="-5.8344541"><ele>44.5</ele><time>2026-09-12T11:05:18.000Z</time></trkpt>
      <trkpt lat="57.5533973" lon="-5.8342921"><ele>42.5</ele><time>2026-09-12T11:05:19.000Z</time></trkpt>
      <trkpt lat="57.5535651" lon="-5.8341873"><ele>40.4</ele><time>2026-09-12T11:05:20.000Z</time></trkpt>
      <trkpt lat="57.5537829" lon="-5.8341865"><ele>45.4</ele><time>2026-09-12T11:05:21.000Z</time></trkpt>
      <trkpt lat="57.5539785" lon="-5.8339727"><ele>45.3</ele><time>2026-09-12T11:05:22.000Z</time></trkpt>
      <trkpt lat="57.5541391" lon="-5.8338443"><ele>42.8</ele><time>2026-09-12T11:05:23.000Z</time></trkpt>
      <trkpt lat="57.5542768" lon="-5.8336696"><ele>35.2</ele><time>2026-09-12T11:05:24.000Z</time></trkpt>
      <trkpt lat="57.5544483" lon="-5.8335066"><ele>35.8</ele><time>2026-09-12T11:05:25.000Z</time></trkpt>
      <trkpt lat="57.5546010" lon="-5.8333777"><ele>36.4</ele><time>2026-09-12T11:05:26.000Z</time></trkpt>
      <trkpt lat="57.5547159" lon="-5.8332062"><ele>29.4</ele><time>2026-09-12T11:05:27.000Z</time></trkpt>
      <trkpt lat="57.5548614" lon="-5.8328631"><ele>31.2</ele><time>2026-09-12T11:05:28.000Z</time></trkpt>
      <trkpt lat="57.5549777" lon="-5.8326493"><ele>21.1</ele><time>2026-09-12T11:05:29.000Z</time></trkpt>
      <trkpt lat="57.5550734" lon="-5.8324986"><ele>25.8</ele><time>2026-09-12T11:05:30.000Z</time></trkpt>
      <trkpt lat="57.5552009" lon="-5.8321808"><ele>29.1</ele><time>2026-09-12T11:05:31.000Z</time></trkpt>
      <trkpt lat="57.5553084" lon="-5.8319331"><ele>31.1</ele><time>2026-09-12T11:05:32.000Z</time></trkpt>
      <trkpt lat="57.5554243" lon="-5.8318580"><ele>27.1</ele><time>2026-09-12T11:05:33.000Z</time></trkpt>
      <trkpt lat="57.5556172" lon="-5.8318195"><ele>28.4</ele><time>2026-09-12T11:05:34.000Z</time></trkpt>
      <trkpt lat="57.5557553" lon="-5.8316878"><ele>35.4</ele><time>2026-09-12T11:05:35.000Z</time></trkpt>
      <trkpt lat="57.5559557" lon="-5.8316553"><ele>35.1</ele><time>2026-09-12T11:05:36.000Z</time></trkpt>
      <trkpt lat="57.5560946" lon="-5.8315284"><ele>31.4</ele><time>2026-09-12T11:05:37.000Z</time></trkpt>
      <trkpt lat="57.5562660" lon="-5.8313535"><ele>34.2</ele><time>2026-09-12T11:05:38.000Z</time></trkpt>
      <trkpt lat="57.5564436" lon="-5.8312997"><ele>35.1</ele><time>2026-09-12T11:05:39.000Z</time></trkpt>
      <trkpt lat="57.5565882" lon="-5.8310152"><ele>40.0</ele><time>2026-09-12T11:05:40.000Z</time></trkpt>
      <trkpt lat="57.5567489" lon="-5.8309198"><ele>34.0</ele><time>2026-09-12T11:05:41.000Z</time></trkpt>
      <trkpt lat="57.5568781" lon="-5.8307906"><ele>39.4</ele><time>2026-09-12T11:05:42.000Z</time></trkpt>
      <trkpt lat="57.5569659" lon="-5.8306072"><ele>35.1</ele><time>2026-09-12T11:05:43.000Z</time></trkpt>
      <trkpt lat="57.5570738" lon="-5.8304914"><ele>40.7</ele><time>2026-09-12T11:05:44.000Z</time></trkpt>
      <trkpt lat="57.5572199" lon="-5.8304133"><ele>51.0</ele><time>2026-09-12T11:05:45.000Z</time></trkpt>
      <trkpt lat="57.5573516" lon="-5.8302705"><ele>53.9</ele><time>2026-09-12T11:05:46.000Z</time></trkpt>
      <trkpt lat="57.5574628" lon="-5.8301374"><ele>60.5</ele><time>2026-09-12T11:05:47.000Z</time></trkpt>
      <trkpt lat="57.5576188" lon="-5.8300692"><ele>58.6</ele><time>2026-09-12T11:05:48.000Z</time></trkpt>
      <trkpt lat="57.5577564" lon="-5.8299729"><ele>62.4</ele><time>2026-09-12T11:05:49.000Z</time></trkpt>
      <trkpt lat="57.5578859" lon="-5.8298331"><ele>63.0</ele><time>2026-09-12T11:05:50.000Z</time></trkpt>
      <trkpt lat="57.5580874" lon="-5.8297458"><ele>65.9</ele><time>2026-09-12T11:05:51.000Z</time></trkpt>
      <trkpt lat="57.5582359" lon="-5.8295483"><ele>64.3</ele><time>2026-09-12T11:05:52.000Z</time></trkpt>
      <trkpt lat="57.5583695" lon="-5.8294698"><ele>63.3</ele><time>2026-09-12T11:05:53.000Z</time></trkpt>
      <trkpt lat="57.5585157" lon="-5.8293011"><ele>61.2</ele><time>2026-09-12T11:05:54.000Z</time></trkpt>
      <trkpt lat="57.5586671" lon="-5.8291684"><ele>66.5</ele><time>2026-09-12T11:05:55.000Z</time></trkpt>
      <trkpt lat="57.5588260" lon="-5.8289926"><ele>63.2</ele><time>2026-09-12T11:05:56.000Z</time></trkpt>
      <trkpt lat="57.5589929" lon="-5.8288664"><ele>65.2</ele><time>2026-09-12T11:05:57.000Z</time></trkpt>
      <trkpt lat="57.5591535" lon="-5.8287600"><ele>63.4</ele><time>2026-09-12T11:05:58.000Z</time></trkpt>
      <trkpt lat="57.5592952" lon="-5.8286873"><ele>63.8</ele><time>2026-09-12T11:05:59.000Z</time></trkpt>
      <trkpt lat="57.5594297" lon="-5.8285436"><ele>62.1</ele><time>2026-09-12T11:06:00.000Z</time></trkpt>
      <trkpt lat="57.5595916" lon="-5.8284526"><ele>53.1</ele><time>2026-09-12T11:06:01.000Z</time></trkpt>
      <trkpt lat="57.5597354" lon="-5.8282825"><ele>52.7</ele><time>2026-09-12T11:06:02.000Z</time></trkpt>
      <trkpt lat="57.5598879" lon="-5.8282695"><ele>47.0</ele><time>2026-09-12T11:06:03.000Z</time></trkpt>
      <trkpt lat="57.5599735" lon="-5.8281695"><ele>49.5</ele><time>2026-09-12T11:06:04.000Z</time></trkpt>
      <trkpt lat="57.5601226" lon="-5.8280531"><ele>48.1</ele><time>2026-09-12T11:06:05.000Z</time></trkpt>
      <trkpt lat="57.5602965" lon="-5.8279520"><ele>53.8</ele><time>2026-09-12T11:06:06.000Z</time></trkpt>
      <trkpt lat="57.5604312" lon="-5.8278245"><ele>62.4</ele><time>2026-09-12T11:06:07.000Z</time></trkpt>
      <trkpt lat="57.5605803" lon="-5.8278241"><ele>62.9</ele><time>2026-09-12T11:06:08.000Z</time></trkpt>
      <trkpt lat="57.5607699" lon="-5.8276350"><ele>63.3</ele><time>2026-09-12T11:06:09.000Z</time></trkpt>
      <trkpt lat="57.5608926" lon="-5.8275803"><ele>61.7</ele><time>2026-09-12T11:06:10.000Z</time></trkpt>
      <trkpt lat="57.5610757" lon="-5.8274414"><ele>61.8</ele><time>2026-09-12T11:06:11.000Z</time></trkpt>
      <trkpt lat="57.5612629" lon="-5.8273872"><ele>67.4</ele><time>2026-09-12T11:06:12.000Z</time></trkpt>
      <trkpt lat="57.5614085" lon="-5.8272241"><ele>68.1</ele><time>2026-09-12T11:06:13.000Z</time></trkpt>
      <trkpt lat="57.5616124" lon="-5.8272271"><ele>77.7</ele><time>2026-09-12T11:06:14.000Z</time></trkpt>
      <trkpt lat="57.5617118" lon="-5.8271047"><ele>84.1</ele><time>2026-09-12T11:06:15.000Z</time></trkpt>
      <trkpt lat="57.5618562" lon="-5.8268480"><ele>81.4</ele><time>2026-09-12T11:06:16.000Z</time></trkpt>
      <trkpt lat="57.5619256" lon="-5.8268555"><ele>86.7</ele><time>2026-09-12T11:06:17.000Z</time></trkpt>
      <trkpt lat="57.5619730" lon="-5.8264948"><ele>86.3</ele><time>2026-09-12T11:06:18.000Z</time></trkpt>
      <trkpt lat="57.5619434" lon="-5.8261977"><ele>80.6</ele><time>2026-09-12T11:06:19.000Z</time></trkpt>
      <trkpt lat="57.5620729" lon="-5.8259099"><ele>78.4</ele><time>2026-09-12T11:06:20.000Z</time></trkpt>
      <trkpt lat="57.5620308" lon="-5.8256024"><ele>67.7</ele><time>2026-09-12T11:06:21.000Z</time></trkpt>
      <trkpt lat="57.5620401" lon="-5.8253220"><ele>61.2</ele><time>2026-09-12T11:06:22.000Z</time></trkpt>
      <trkpt lat="57.5619812" lon="-5.8250191"><ele>61.9</ele><time>2026-09-12T11:06:23.000Z</time></trkpt>
      <trkpt lat="57.5620277" lon="-5.8247040"><ele>62.8</ele><time>2026-09-12T11:06:24.000Z</time></trkpt>
      <trkpt lat="57.5621049" lon="-5.8245135"><ele>56.1</ele><time>2026-09-12T11:06:25.000Z</time></trkpt>
      <trkpt lat="57.5621728" lon="-5.8242900"><ele>54.3</ele><time>2026-09-12T11:06:26.000Z</time></trkpt>
      <trkpt lat="57.5622792" lon="-5.8242777"><ele>52.3</ele><time>2026-09-12T11:06:27.000Z</time></trkpt>
      <trkpt lat="57.5624193" lon="-5.8241622"><ele>48.0</ele><time>2026-09-12T11:06:28.000Z</time></trkpt>
      <trkpt lat="57.5625622" lon="-5.8241575"><ele>50.0</ele><time>2026-09-12T11:06:29.000Z</time></trkpt>
      <trkpt lat="57.5627200" lon="-5.8240331"><ele>38.4</ele><time>2026-09-12T11:06:30.000Z</time></trkpt>
      <trkpt lat="57.5628817" lon="-5.8240968"><ele>42.8</ele><time>2026-09-12T11:06:31.000Z</time></trkpt>
      <trkpt lat="57.5630593" lon="-5.8240283"><ele>45.4</ele><time>2026-09-12T11:06:32.000Z</time></trkpt>
      <trkpt lat="57.5632133" lon="-5.8239560"><ele>42.7</ele><time>2026-09-12T11:06:33.000Z</time></trkpt>
      <trkpt lat="57.5634234" lon="-5.8238959"><ele>41.5</ele><time>2026-09-12T11:06:34.000Z</time></trkpt>
      <trkpt lat="57.5635668" lon="-5.8238022"><ele>44.3</ele><time>2026-09-12T11:06:35.000Z</time></trkpt>
      <trkpt lat="57.5637869" lon="-5.8236848"><ele>44.0</ele><time>2026-09-12T11:06:36.000Z</time></trkpt>
      <trkpt lat="57.5639568" lon="-5.8236399"><ele>43.4</ele><time>2026-09-12T11:06:37.000Z</time></trkpt>
      <trkpt lat="57.5640616" lon="-5.8233990"><ele>48.8</ele><time>2026-09-12T11:06:38.000Z</time></trkpt>
      <trkpt lat="57.5642655" lon="-5.8232169"><ele>48.2</ele><time>2026-09-12T11:06:39.000Z</time></trkpt>
      <trkpt lat="57.5644025" lon="-5.8230864"><ele>43.6</ele><time>2026-09-12T11:06:40.000Z</time></trkpt>
      <trkpt lat="57.5645332" lon="-5.8228586"><ele>43.5</ele><time>2026-09-12T11:06:41.000Z</time></trkpt>
      <trkpt lat="57.5646676" lon="-5.8227015"><ele>48.8</ele><time>2026-09-12T11:06:42.000Z</time></trkpt>
      <trkpt lat="57.5648035" lon="-5.8223687"><ele>49.9</ele><time>2026-09-12T11:06:43.000Z</time></trkpt>
      <trkpt lat="57.5649230" lon="-5.8222529"><ele>43.6</ele><time>2026-09-12T11:06:44.000Z</time></trkpt>
      <trkpt lat="57.5651370" lon="-5.8221296"><ele>37.5</ele><time>2026-09-12T11:06:45.000Z</time></trkpt>
      <trkpt lat="57.5652949" lon="-5.8219723"><ele>28.0</ele><time>2026-09-12T11:06:46.000Z</time></trkpt>
      <trkpt lat="57.5655068" lon="-5.8219662"><ele>24.7</ele><time>2026-09-12T11:06:47.000Z</time></trkpt>
      <trkpt lat="57.5657229" lon="-5.8218702"><ele>24.1</ele><time>2026-09-12T11:06:48.000Z</time></trkpt>
      <trkpt lat="57.5658899" lon="-5.8219233"><ele>36.4</ele><time>2026-09-12T11:06:49.000Z</time></trkpt>
      <trkpt lat="57.5660682" lon="-5.8218570"><ele>35.5</ele><time>2026-09-12T11:06:50.000Z</time></trkpt>
      <trkpt lat="57.5662860" lon="-5.8218078"><ele>42.4</ele><time>2026-09-12T11:06:51.000Z</time></trkpt>
      <trkpt lat="57.5664422" lon="-5.8217811"><ele>45.5</ele><time>2026-09-12T11:06:52.000Z</time></trkpt>
      <trkpt lat="57.5666182" lon="-5.8218091"><ele>44.7</ele><time>2026-09-12T11:06:53.000Z</time></trkpt>
      <trkpt lat="57.5667792" lon="-5.8217301"><ele>43.2</ele><time>2026-09-12T11:06:54.000Z</time></trkpt>
      <trkpt lat="57.5669282" lon="-5.8218294"><ele>46.3</ele><time>2026-09-12T11:06:55.000Z</time></trkpt>
      <trkpt lat="57.5671422" lon="-5.8218067"><ele>41.8</ele><time>2026-09-12T11:06:56.000Z</time></trkpt>
      <trkpt lat="57.5672971" lon="-5.8218427"><ele>40.1</ele><time>2026-09-12T11:06:57.000Z</time></trkpt>
      <trkpt lat="57.5675087" lon="-5.8217609"><ele>49.0</ele><time>2026-09-12T11:06:58.000Z</time></trkpt>
      <trkpt lat="57.5676613" lon="-5.8217935"><ele>48.7</ele><time>2026-09-12T11:06:59.000Z</time></trkpt>
      <trkpt lat="57.5678694" lon="-5.8217556"><ele>51.5</ele><time>2026-09-12T11:07:00.000Z</time></trkpt>
      <trkpt lat="57.5680146" lon="-5.8217739"><ele>59.2</ele><time>2026-09-12T11:07:01.000Z</time></trkpt>
      <trkpt lat="57.5682044" lon="-5.8217051"><ele>60.2</ele><time>2026-09-12T11:07:02.000Z</time></trkpt>
      <trkpt lat="57.5683897" lon="-5.8216269"><ele>60.8</ele><time>2026-09-12T11:07:03.000Z</time></trkpt>
      <trkpt lat="57.5685442" lon="-5.8216688"><ele>64.7</ele><time>2026-09-12T11:07:04.000Z</time></trkpt>
      <trkpt lat="57.5687068" lon="-5.8216217"><ele>61.1</ele><time>2026-09-12T11:07:05.000Z</time></trkpt>
      <trkpt lat="57.5688511" lon="-5.8214012"><ele>51.1</ele><time>2026-09-12T11:07:06.000Z</time></trkpt>
      <trkpt lat="57.5689130" lon="-5.8213997"><ele>54.5</ele><time>2026-09-12T11:07:07.000Z</time></trkpt>
      <trkpt lat="57.5690810" lon="-5.8211604"><ele>54.6</ele><time>2026-09-12T11:07:08.000Z</time></trkpt>
      <trkpt lat="57.5691952" lon="-5.8209166"><ele>55.0</ele><time>2026-09-12T11:07:09.000Z</time></trkpt>
      <trkpt lat="57.5693322" lon="-5.8206086"><ele>60.6</ele><time>2026-09-12T11:07:10.000Z</time></trkpt>
      <trkpt lat="57.5694137" lon="-5.8205234"><ele>54.4</ele><time>2026-09-12T11:07:11.000Z</time></trkpt>
      <trkpt lat="57.5695806" lon="-5.8202866"><ele>61.3</ele><time>2026-09-12T11:07:12.000Z</time></trkpt>
      <trkpt lat="57.5697653" lon="-5.8201603"><ele>63.7</ele><time>2026-09-12T11:07:13.000Z</time></trkpt>
      <trkpt lat="57.5699168" lon="-5.8200316"><ele>60.0</ele><time>2026-09-12T11:07:14.000Z</time></trkpt>
      <trkpt lat="57.5700845" lon="-5.8199305"><ele>59.8</ele><time>2026-09-12T11:07:15.000Z</time></trkpt>
      <trkpt lat="57.5702500" lon="-5.8197875"><ele>61.9</ele><time>2026-09-12T11:07:16.000Z</time></trkpt>
      <trkpt lat="57.5704362" lon="-5.8197277"><ele>61.8</ele><time>2026-09-12T11:07:17.000Z</time></trkpt>
      <trkpt lat="57.5706122" lon="-5.8197081"><ele>62.8</ele><time>2026-09-12T11:07:18.000Z</time></trkpt>
      <trkpt lat="57.5707293" lon="-5.8196607"><ele>66.6</ele><time>2026-09-12T11:07:19.000Z</time></trkpt>
      <trkpt lat="57.5709308" lon="-5.8195306"><ele>64.9</ele><time>2026-09-12T11:07:20.000Z</time></trkpt>
      <trkpt lat="57.5711147" lon="-5.8194909"><ele>67.9</ele><time>2026-09-12T11:07:21.000Z</time></trkpt>
      <trkpt lat="57.5712480" lon="-5.8193409"><ele>64.9</ele><time>2026-09-12T11:07:22.000Z</time></trkpt>
      <trkpt lat="57.5714476" lon="-5.8192133"><ele>70.2</ele><time>2026-09-12T11:07:23.000Z</time></trkpt>
      <trkpt lat="57.5716114" lon="-5.8190787"><ele>68.7</ele><time>2026-09-12T11:07:24.000Z</time></trkpt>
      <trkpt lat="57.5718013" lon="-5.8189082"><ele>69.1</ele><time>2026-09-12T11:07:25.000Z</time></trkpt>
      <trkpt lat="57.5719572" lon="-5.8188304"><ele>70.9</ele><time>2026-09-12T11:07:26.000Z</time></trkpt>
      <trkpt lat="57.5721379" lon="-5.8186866"><ele>61.8</ele><time>2026-09-12T11:07:27.000Z</time></trkpt>
      <trkpt lat="57.5723117" lon="-5.8186444"><ele>60.6</ele><time>2026-09-12T11:07:28.000Z</time></trkpt>
      <trkpt lat="57.5724630" lon="-5.8186020"><ele>66.0</ele><time>2026-09-12T11:07:29.000Z</time></trkpt>
      <trkpt lat="57.5726333" lon="-5.8184586"><ele>64.1</ele><time>2026-09-12T11:07:30.000Z</time></trkpt>
      <trkpt lat="57.5727681" lon="-5.8184874"><ele>61.5</ele><time>2026-09-12T11:07:31.000Z</time></trkpt>
      <trkpt lat="57.5729087" lon="-5.8182485"><ele>67.4</ele><time>2026-09-12T11:07:32.000Z</time></trkpt>
      <trkpt lat="57.5730268" lon="-5.8181713"><ele>72.4</ele><time>2026-09-12T11:07:33.000Z</time></trkpt>
      <trkpt lat="57.5732295" lon="-5.8179939"><ele>72.3</ele><time>2026-09-12T11:07:34.000Z</time></trkpt>
      <trkpt lat="57.5732669" lon="-5.8177565"><ele>64.9</ele><time>2026-09-12T11:07:35.000Z</time></trkpt>
      <trkpt lat="57.5734852" lon="-5.8176965"><ele>62.9</ele><time>2026-09-12T11:07:36.000Z</time></trkpt>
      <trkpt lat="57.5735444" lon="-5.8175124"><ele>60.6</ele><time>2026-09-12T11:07:37.000Z</time></trkpt>
      <trkpt lat="57.5736929" lon="-5.8173259"><ele>58.3</ele><time>2026-09-12T11:07:38.000Z</time></trkpt>
      <trkpt lat="57.5737954" lon="-5.8171437"><ele>53.0</ele><time>2026-09-12T11:07:39.000Z</time></trkpt>
      <trkpt lat="57.5739486" lon="-5.8169457"><ele>51.5</ele><time>2026-09-12T11:07:40.000Z</time></trkpt>
      <trkpt lat="57.5741488" lon="-5.8168985"><ele>55.4</ele><time>2026-09-12T11:07:41.000Z</time></trkpt>
      <trkpt lat="57.5743404" lon="-5.8168272"><ele>50.7</ele><time>2026-09-12T11:07:42.000Z</time></trkpt>
      <trkpt lat="57.5745239" lon="-5.8167242"><ele>51.9</ele><time>2026-09-12T11:07:43.000Z</time></trkpt>
      <trkpt lat="57.5747131" lon="-5.8165535"><ele>52.0</ele><time>2026-09-12T11:07:44.000Z</time></trkpt>
      <trkpt lat="57.5748262" lon="-5.8163785"><ele>50.1</ele><time>2026-09-12T11:07:45.000Z</time></trkpt>
      <trkpt lat="57.5749692" lon="-5.8162605"><ele>52.6</ele><time>2026-09-12T11:07:46.000Z</time></trkpt>
      <trkpt lat="57.5751735" lon="-5.8160770"><ele>55.4</ele><time>2026-09-12T11:07:47.000Z</time></trkpt>
      <trkpt lat="57.5752531" lon="-5.8158382"><ele>56.8</ele><time>2026-09-12T11:07:48.000Z</time></trkpt>
      <trkpt lat="57.5754376" lon="-5.8156419"><ele>58.4</ele><time>2026-09-12T11:07:49.000Z</time></trkpt>
      <trkpt lat="57.5755827" lon="-5.8154257"><ele>55.0</ele><time>2026-09-12T11:07:50.000Z</time></trkpt>
      <trkpt lat="57.5756972" lon="-5.8152439"><ele>49.3</ele><time>2026-09-12T11:07:51.000Z</time></trkpt>
      <trkpt lat="57.5758434" lon="-5.8149825"><ele>56.0</ele><time>2026-09-12T11:07:52.000Z</time></trkpt>
      <trkpt lat="57.5759883" lon="-5.8149124"><ele>55.9</ele><time>2026-09-12T11:07:53.000Z</time></trkpt>
      <trkpt lat="57.5761896" lon="-5.8147025"><ele>62.5</ele><time>2026-09-12T11:07:54.000Z</time></trkpt>
      <trkpt lat="57.5763205" lon="-5.8145577"><ele>62.4</ele><time>2026-09-12T11:07:55.000Z</time></trkpt>
      <trkpt lat="57.5764519" lon="-5.8143993"><ele>61.4</ele><time>2026-09-12T11:07:56.000Z</time></trkpt>
      <trkpt lat="57.5765646" lon="-5.8141673"><ele>60.8</ele><time>2026-09-12T11:07:57.000Z</time></trkpt>
      <trkpt lat="57.5766143" lon="-5.8139884"><ele>61.9</ele><time>2026-09-12T11:07:58.000Z</time></trkpt>
      <trkpt lat="57.5767353" lon="-5.8137533"><ele>70.0</ele><time>2026-09-12T11:07:59.000Z</time></trkpt>
      <trkpt lat="57.5768575" lon="-5.8133939"><ele>66.8</ele><time>2026-09-12T11:08:00.000Z</time></trkpt>
      <trkpt lat="57.5768926" lon="-5.8131906"><ele>71.0</ele><time>2026-09-12T11:08:01.000Z</time></trkpt>
      <trkpt lat="57.5770208" lon="-5.8128674"><ele>71.6</ele><time>2026-09-12T11:08:02.000Z</time></trkpt>
      <trkpt lat="57.5771265" lon="-5.8126591"><ele>70.8</ele><time>2026-09-12T11:08:03.000Z</time></trkpt>
      <trkpt lat="57.5772269" lon="-5.8122725"><ele>73.2</ele><time>2026-09-12T11:08:04.000Z</time></trkpt>
      <trkpt lat="57.5773094" lon="-5.8121182"><ele>68.3</ele><time>2026-09-12T11:08:05.000Z</time></trkpt>
      <trkpt lat="57.5773721" lon="-5.8117864"><ele>66.4</ele><time>2026-09-12T11:08:06.000Z</time></trkpt>
      <trkpt lat="57.5774196" lon="-5.8115738"><ele>61.8</ele><time>2026-09-12T11:08:07.000Z</time></trkpt>
      <trkpt lat="57.5775147" lon="-5.8112587"><ele>61.0</ele><time>2026-09-12T11:08:08.000Z</time></trkpt>
      <trkpt lat="57.5775942" lon="-5.8109763"><ele>53.3</ele><time>2026-09-12T11:08:09.000Z</time></trkpt>
      <trkpt lat="57.5776452" lon="-5.8106795"><ele>61.6</ele><time>2026-09-12T11:08:10.000Z</time></trkpt>
      <trkpt lat="57.5776645" lon="-5.8103695"><ele>52.4</ele><time>2026-09-12T11:08:11.000Z</time></trkpt>
      <trkpt lat="57.5777318" lon="-5.8100210"><ele>56.7</ele><time>2026-09-12T11:08:12.000Z</time></trkpt>
      <trkpt lat="57.5777920" lon="-5.8098140"><ele>60.0</ele><time>2026-09-12T11:08:13.000Z</time></trkpt>
      <trkpt lat="57.5778668" lon="-5.8094636"><ele>53.0</ele><time>2026-09-12T11:08:14.000Z</time></trkpt>
      <trkpt lat="57.5778349" lon="-5.8091408"><ele>45.0</ele><time>2026-09-12T11:08:15.000Z</time></trkpt>
      <trkpt lat="57.5778234" lon="-5.8087834"><ele>47.8</ele><time>2026-09-12T11:08:16.000Z</time></trkpt>
      <trkpt lat="57.5777720" lon="-5.8083693"><ele>49.8</ele><time>2026-09-12T11:08:17.000Z</time></trkpt>
      <trkpt lat="57.5777445" lon="-5.8080990"><ele>48.5</ele><time>2026-09-12T11:08:18.000Z</time></trkpt>
      <trkpt lat="57.5776470" lon="-5.8077713"><ele>48.8</ele><time>2026-09-12T11:08:19.000Z</time></trkpt>
      <trkpt lat="57.5775699" lon="-5.8075218"><ele>55.1</ele><time>2026-09-12T11:08:20.000Z</time></trkpt>
      <trkpt lat="57.5774782" lon="-5.8073608"><ele>51.2</ele><time>2026-09-12T11:08:21.000Z</time></trkpt>
      <trkpt lat="57.5773020" lon="-5.8072759"><ele>51.7</ele><time>2026-09-12T11:08:22.000Z</time></trkpt>
      <trkpt lat="57.5771331" lon="-5.8070980"><ele>56.4</ele><time>2026-09-12T11:08:23.000Z</time></trkpt>
      <trkpt lat="57.5769541" lon="-5.8069188"><ele>61.6</ele><time>2026-09-12T11:08:24.000Z</time></trkpt>
      <trkpt lat="57.5768048" lon="-5.8068121"><ele>61.8</ele><time>2026-09-12T11:08:25.000Z</time></trkpt>
      <trkpt lat="57.5766226" lon="-5.8066799"><ele>76.1</ele><time>2026-09-12T11:08:26.000Z</time></trkpt>
      <trkpt lat="57.5764490" lon="-5.8065337"><ele>75.3</ele><time>2026-09-12T11:08:27.000Z</time></trkpt>
      <trkpt lat="57.5763513" lon="-5.8064239"><ele>78.2</ele><time>2026-09-12T11:08:28.000Z</time></trkpt>
      <trkpt lat="57.5761963" lon="-5.8061068"><ele>76.0</ele><time>2026-09-12T11:08:29.000Z</time></trkpt>
      <trkpt lat="57.5761576" lon="-5.8059077"><ele>66.9</ele><time>2026-09-12T11:08:30.000Z</time></trkpt>
      <trkpt lat="57.5760080" lon="-5.8056327"><ele>67.9</ele><time>2026-09-12T11:08:31.000Z</time></trkpt>
      <trkpt lat="57.5758978" lon="-5.8053352"><ele>73.9</ele><time>2026-09-12T11:08:32.000Z</time></trkpt>
      <trkpt lat="57.5758704" lon="-5.8050796"><ele>70.4</ele><time>2026-09-12T11:08:33.000Z</time></trkpt>
      <trkpt lat="57.5757432" lon="-5.8048115"><ele>73.7</ele><time>2026-09-12T11:08:34.000Z</time></trkpt>
      <trkpt lat="57.5756231" lon="-5.8045000"><ele>83.3</ele><time>2026-09-12T11:08:35.000Z</time></trkpt>
      <trkpt lat="57.5755877" lon="-5.8042595"><ele>78.5</ele><time>2026-09-12T11:08:36.000Z</time></trkpt>
      <trkpt lat="57.5754477" lon="-5.8039886"><ele>78.5</ele><time>2026-09-12T11:08:37.000Z</time></trkpt>
      <trkpt lat="57.5753729" lon="-5.8037036"><ele>85.7</ele><time>2026-09-12T11:08:38.000Z</time></trkpt>
      <trkpt lat="57.5752845" lon="-5.8034740"><ele>85.7</ele><time>2026-09-12T11:08:39.000Z</time></trkpt>
      <trkpt lat="57.5752048" lon="-5.8032792"><ele>85.6</ele><time>2026-09-12T11:08:40.000Z</time></trkpt>
      <trkpt lat="57.5751371" lon="-5.8028651"><ele>76.9</ele><time>2026-09-12T11:08:41.000Z</time></trkpt>
      <trkpt lat="57.5750180" lon="-5.8026461"><ele>80.1</ele><time>2026-09-12T11:08:42.000Z</time></trkpt>
      <trkpt lat="57.5749227" lon="-5.8023382"><ele>74.0</ele><time>2026-09-12T11:08:43.000Z</time></trkpt>
      <trkpt lat="57.5748105" lon="-5.8020333"><ele>64.1</ele><time>2026-09-12T11:08:44.000Z</time></trkpt>
      <trkpt lat="57.5747279" lon="-5.8017707"><ele>59.5</ele><time>2026-09-12T11:08:45.000Z</time></trkpt>
      <trkpt lat="57.5745840" lon="-5.8015933"><ele>58.2</ele><time>2026-09-12T11:08:46.000Z</time></trkpt>
      <trkpt lat="57.5744288" lon="-5.8013599"><ele>57.4</ele><time>2026-09-12T11:08:47.000Z</time></trkpt>
      <trkpt lat="57.5742548" lon="-5.8011563"><ele>54.8</ele><time>2026-09-12T11:08:48.000Z</time></trkpt>
      <trkpt lat="57.5740920" lon="-5.8009594"><ele>55.4</ele><time>2026-09-12T11:08:49.000Z</time></trkpt>
      <trkpt lat="57.5739009" lon="-5.8007967"><ele>52.2</ele><time>2026-09-12T11:08:50.000Z</time></trkpt>
      <trkpt lat="57.5737757" lon="-5.8007611"><ele>52.8</ele><time>2026-09-12T11:08:51.000Z</time></trkpt>
      <trkpt lat="57.5736069" lon="-5.8005327"><ele>57.7</ele><time>2026-09-12T11:08:52.000Z</time></trkpt>
      <trkpt lat="57.5734284" lon="-5.8004483"><ele>51.4</ele><time>2026-09-12T11:08:53.000Z</time></trkpt>
      <trkpt lat="57.5733033" lon="-5.8002373"><ele>59.9</ele><time>2026-09-12T11:08:54.000Z</time></trkpt>
      <trkpt lat="57.5731410" lon="-5.8001313"><ele>65.7</ele><time>2026-09-12T11:08:55.000Z</time></trkpt>
      <trkpt lat="57.5729514" lon="-5.7999255"><ele>71.1</ele><time>2026-09-12T11:08:56.000Z</time></trkpt>
      <trkpt lat="57.5728321" lon="-5.7997287"><ele>69.1</ele><time>2026-09-12T11:08:57.000Z</time></trkpt>
      <trkpt lat="57.5725923" lon="-5.7997223"><ele>70.9</ele><time>2026-09-12T11:08:58.000Z</time></trkpt>
      <trkpt lat="57.5725187" lon="-5.7995503"><ele>69.4</ele><time>2026-09-12T11:08:59.000Z</time></trkpt>
      <trkpt lat="57.5723396" lon="-5.7994171"><ele>74.9</ele><time>2026-09-12T11:09:00.000Z</time></trkpt>
      <trkpt lat="57.5722247" lon="-5.7993112"><ele>69.7</ele><time>2026-09-12T11:09:01.000Z</time></trkpt>
      <trkpt lat="57.5720983" lon="-5.7991206"><ele>77.1</ele><time>2026-09-12T11:09:02.000Z</time></trkpt>
      <trkpt lat="57.5719886" lon="-5.7989060"><ele>75.9</ele><time>2026-09-12T11:09:03.000Z</time></trkpt>
      <trkpt lat="57.5719874" lon="-5.7986313"><ele>74.7</ele><time>2026-09-12T11:09:04.000Z</time></trkpt>
      <trkpt lat="57.5719619" lon="-5.7982253"><ele>79.0</ele><time>2026-09-12T11:09:05.000Z</time></trkpt>
      <trkpt lat="57.5719160" lon="-5.7978371"><ele>78.6</ele><time>2026-09-12T11:09:06.000Z</time></trkpt>
      <trkpt lat="57.5720230" lon="-5.7974878"><ele>79.7</ele><time>2026-09-12T11:09:07.000Z</time></trkpt>
      <trkpt lat="57.5721558" lon="-5.7973235"><ele>75.6</ele><time>2026-09-12T11:09:08.000Z</time></trkpt>
      <trkpt lat="57.5722878" lon="-5.7970744"><ele>80.8</ele><time>2026-09-12T11:09:09.000Z</time></trkpt>
      <trkpt lat="57.5724321" lon="-5.7970371"><ele>69.2</ele><time>2026-09-12T11:09:10.000Z</time></trkpt>
      <trkpt lat="57.5725607" lon="-5.7970290"><ele>67.1</ele><time>2026-09-12T11:09:11.000Z</time></trkpt>
      <trkpt lat="57.5727183" lon="-5.7970700"><ele>64.1</ele><time>2026-09-12T11:09:12.000Z</time></trkpt>
      <trkpt lat="57.5728991" lon="-5.7969987"><ele>60.9</ele><time>2026-09-12T11:09:13.000Z</time></trkpt>
      <trkpt lat="57.5729828" lon="-5.7967681"><ele>56.2</ele><time>2026-09-12T11:09:14.000Z</time></trkpt>
      <trkpt lat="57.5731262" lon="-5.7965734"><ele>59.7</ele><time>2026-09-12T11:09:15.000Z</time></trkpt>
      <trkpt lat="57.5732773" lon="-5.7963638"><ele>62.3</ele><time>2026-09-12T11:09:16.000Z</time></trkpt>
      <trkpt lat="57.5733494" lon="-5.7959394"><ele>64.5</ele><time>2026-09-12T11:09:17.000Z</time></trkpt>
      <trkpt lat="57.5733345" lon="-5.7956291"><ele>63.3</ele><time>2026-09-12T11:09:18.000Z</time></trkpt>
      <trkpt lat="57.5733285" lon="-5.7953075"><ele>70.1</ele><time>2026-09-12T11:09:19.000Z</time></trkpt>
      <trkpt lat="57.5732314" lon="-5.7949879"><ele>59.3</ele><time>2026-09-12T11:09:20.000Z</time></trkpt>
      <trkpt lat="57.5730867" lon="-5.7946200"><ele>60.8</ele><time>2026-09-12T11:09:21.000Z</time></trkpt>
      <trkpt lat="57.5729483" lon="-5.7943625"><ele>55.3</ele><time>2026-09-12T11:09:22.000Z</time></trkpt>
      <trkpt lat="57.5727654" lon="-5.7940809"><ele>51.3</ele><time>2026-09-12T11:09:23.000Z</time></trkpt>
      <trkpt lat="57.5725903" lon="-5.7937292"><ele>51.4</ele><time>2026-09-12T11:09:24.000Z</time></trkpt>
      <trkpt lat="57.5724096" lon="-5.7935300"><ele>49.7</ele><time>2026-09-12T11:09:25.000Z</time></trkpt>
      <trkpt lat="57.5722510" lon="-5.7932259"><ele>57.6</ele><time>2026-09-12T11:09:26.000Z</time></trkpt>
      <trkpt lat="57.5720333" lon="-5.7928918"><ele>56.1</ele><time>2026-09-12T11:09:27.000Z</time></trkpt>
      <trkpt lat="57.5719105" lon="-5.7926357"><ele>55.3</ele><time>2026-09-12T11:09:28.000Z</time></trkpt>
      <trkpt lat="57.5716990" lon="-5.7922250"><ele>51.2</ele><time>2026-09-12T11:09:29.000Z</time></trkpt>
      <trkpt lat="57.5716132" lon="-5.7919673"><ele>50.5</ele><time>2026-09-12T11:09:30.000Z</time></trkpt>
      <trkpt lat="57.5714612" lon="-5.7916046"><ele>56.0</ele><time>2026-09-12T11:09:31.000Z</time></trkpt>
      <trkpt lat="57.5713140" lon="-5.7913047"><ele>60.7</ele><time>2026-09-12T11:09:32.000Z</time></trkpt>
      <trkpt lat="57.5712316" lon="-5.7908938"><ele>62.5</ele><time>2026-09-12T11:09:33.000Z</time></trkpt>
      <trkpt lat="57.5711457" lon="-5.7906558"><ele>63.3</ele><time>2026-09-12T11:09:34.000Z</time></trkpt>
      <trkpt lat="57.5709692" lon="-5.7902496"><ele>58.6</ele><time>2026-09-12T11:09:35.000Z</time></trkpt>
      <trkpt lat="57.5708574" lon="-5.7899922"><ele>53.5</ele><time>2026-09-12T11:09:36.000Z</time></trkpt>
      <trkpt lat="57.5707278" lon="-5.7896499"><ele>49.3</ele><time>2026-09-12T11:09:37.000Z</time></trkpt>
      <trkpt lat="57.5705574" lon="-5.7891917"><ele>49.5</ele><time>2026-09-12T11:09:38.000Z</time></trkpt>
      <trkpt lat="57.5704320" lon="-5.7889517"><ele>40.9</ele><time>2026-09-12T11:09:39.000Z</time></trkpt>
      <trkpt lat="57.5702195" lon="-5.7887261"><ele>37.9</ele><time>2026-09-12T11:09:40.000Z</time></trkpt>
      <trkpt lat="57.5700983" lon="-5.7885790"><ele>33.9</ele><time>2026-09-12T11:09:41.000Z</time></trkpt>
      <trkpt lat="57.5698700" lon="-5.7884583"><ele>32.4</ele><time>2026-09-12T11:09:42.000Z</time></trkpt>
      <trkpt lat="57.5696375" lon="-5.7883507"><ele>34.3</ele><time>2026-09-12T11:09:43.000Z</time></trkpt>
      <trkpt lat="57.5694382" lon="-5.7882707"><ele>37.4</ele><time>2026-09-12T11:09:44.000Z</time></trkpt>
      <trkpt lat="57.5692879" lon="-5.7882972"><ele>35.1</ele><time>2026-09-12T11:09:45.000Z</time></trkpt>
      <trkpt lat="57.5691179" lon="-5.7882655"><ele>32.3</ele><time>2026-09-12T11:09:46.000Z</time></trkpt>
      <trkpt lat="57.5689381" lon="-5.7882757"><ele>29.8</ele><time>2026-09-12T11:09:47.000Z</time></trkpt>
      <trkpt lat="57.5688224" lon="-5.7882490"><ele>38.1</ele><time>2026-09-12T11:09:48.000Z</time></trkpt>
      <trkpt lat="57.5686479" lon="-5.7884312"><ele>41.8</ele><time>2026-09-12T11:09:49.000Z</time></trkpt>
      <trkpt lat="57.5685070" lon="-5.7886278"><ele>52.0</ele><time>2026-09-12T11:09:50.000Z</time></trkpt>
      <trkpt lat="57.5683019" lon="-5.7886041"><ele>50.3</ele><time>2026-09-12T11:09:51.000Z</time></trkpt>
      <trkpt lat="57.5681070" lon="-5.7886887"><ele>51.9</ele><time>2026-09-12T11:09:52.000Z</time></trkpt>
      <trkpt lat="57.5679078" lon="-5.7887186"><ele>47.5</ele><time>2026-09-12T11:09:53.000Z</time></trkpt>
      <trkpt lat="57.5677453" lon="-5.7886887"><ele>45.7</ele><time>2026-09-12T11:09:54.000Z</time></trkpt>
      <trkpt lat="57.5675122" lon="-5.7887228"><ele>41.7</ele><time>2026-09-12T11:09:55.000Z</time></trkpt>
      <trkpt lat="57.5672998" lon="-5.7886050"><ele>50.0</ele><time>2026-09-12T11:09:56.000Z</time></trkpt>
      <trkpt lat="57.5671106" lon="-5.7884521"><ele>52.3</ele><time>2026-09-12T11:09:57.000Z</time></trkpt>
      <trkpt lat="57.5669152" lon="-5.7883363"><ele>39.9</ele><time>2026-09-12T11:09:58.000Z</time></trkpt>
      <trkpt lat="57.5667724" lon="-5.7881678"><ele>41.5</ele><time>2026-09-12T11:09:59.000Z</time></trkpt>
      <trkpt lat="57.5666262" lon="-5.7878569"><ele>48.5</ele><time>2026-09-12T11:10:00.000Z</time></trkpt>
      <trkpt lat="57.5664147" lon="-5.7876260"><ele>61.2</ele><time>2026-09-12T11:10:01.000Z</time></trkpt>
      <trkpt lat="57.5662678" lon="-5.7874238"><ele>71.1</ele><time>2026-09-12T11:10:02.000Z</time></trkpt>
      <trkpt lat="57.5661048" lon="-5.7871289"><ele>71.6</ele><time>2026-09-12T11:10:03.000Z</time></trkpt>
      <trkpt lat="57.5659631" lon="-5.7868289"><ele>73.7</ele><time>2026-09-12T11:10:04.000Z</time></trkpt>
      <trkpt lat="57.5657739" lon="-5.7865202"><ele>77.6</ele><time>2026-09-12T11:10:05.000Z</time></trkpt>
      <trkpt lat="57.5655191" lon="-5.7863157"><ele>69.0</ele><time>2026-09-12T11:10:06.000Z</time></trkpt>
      <trkpt lat="57.5654574" lon="-5.7859934"><ele>68.5</ele><time>2026-09-12T11:10:07.000Z</time></trkpt>
      <trkpt lat="57.5652274" lon="-5.7857998"><ele>61.1</ele><time>2026-09-12T11:10:08.000Z</time></trkpt>
      <trkpt lat="57.5650447" lon="-5.7856868"><ele>58.4</ele><time>2026-09-12T11:10:09.000Z</time></trkpt>
      <trkpt lat="57.5648351" lon="-5.7854976"><ele>56.8</ele><time>2026-09-12T11:10:10.000Z</time></trkpt>
      <trkpt lat="57.5646802" lon="-5.7852496"><ele>59.4</ele><time>2026-09-12T11:10:11.000Z</time></trkpt>
      <trkpt lat="57.5644918" lon="-5.7850667"><ele>58.4</ele><time>2026-09-12T11:10:12.000Z</time></trkpt>
      <trkpt lat="57.5643307" lon="-5.7846722"><ele>62.0</ele><time>2026-09-12T11:10:13.000Z</time></trkpt>
      <trkpt lat="57.5641407" lon="-5.7843934"><ele>67.2</ele><time>2026-09-12T11:10:14.000Z</time></trkpt>
      <trkpt lat="57.5639630" lon="-5.7841513"><ele>70.9</ele><time>2026-09-12T11:10:15.000Z</time></trkpt>
      <trkpt lat="57.5638081" lon="-5.7838887"><ele>69.0</ele><time>2026-09-12T11:10:16.000Z</time></trkpt>
      <trkpt lat="57.5636446" lon="-5.7835867"><ele>67.0</ele><time>2026-09-12T11:10:17.000Z</time></trkpt>
      <trkpt lat="57.5634470" lon="-5.7832853"><ele>64.1</ele><time>2026-09-12T11:10:18.000Z</time></trkpt>
      <trkpt lat="57.5632231" lon="-5.7829550"><ele>73.9</ele><time>2026-09-12T11:10:19.000Z</time></trkpt>
      <trkpt lat="57.5631539" lon="-5.7826039"><ele>66.1</ele><time>2026-09-12T11:10:20.000Z</time></trkpt>
      <trkpt lat="57.5629074" lon="-5.7823836"><ele>66.9</ele><time>2026-09-12T11:10:21.000Z</time></trkpt>
      <trkpt lat="57.5627408" lon="-5.7820868"><ele>58.0</ele><time>2026-09-12T11:10:22.000Z</time></trkpt>
      <trkpt lat="57.5625234" lon="-5.7818022"><ele>56.2</ele><time>2026-09-12T11:10:23.000Z</time></trkpt>
      <trkpt lat="57.5623358" lon="-5.7814443"><ele>51.2</ele><time>2026-09-12T11:10:24.000Z</time></trkpt>
      <trkpt lat="57.5621995" lon="-5.7811757"><ele>52.4</ele><time>2026-09-12T11:10:25.000Z</time></trkpt>
      <trkpt lat="57.5620290" lon="-5.7808403"><ele>41.5</ele><time>2026-09-12T11:10:26.000Z</time></trkpt>
      <trkpt lat="57.5618368" lon="-5.7805730"><ele>41.2</ele><time>2026-09-12T11:10:27.000Z</time></trkpt>
      <trkpt lat="57.5617242" lon="-5.7801862"><ele>31.1</ele><time>2026-09-12T11:10:28.000Z</time></trkpt>
      <trkpt lat="57.5615393" lon="-5.7799927"><ele>26.1</ele><time>2026-09-12T11:10:29.000Z</time></trkpt>
      <trkpt lat="57.5614118" lon="-5.7797055"><ele>24.7</ele><time>2026-09-12T11:10:30.000Z</time></trkpt>
      <trkpt lat="57.5612645" lon="-5.7793943"><ele>18.1</ele><time>2026-09-12T11:10:31.000Z</time></trkpt>
      <trkpt lat="57.5610599" lon="-5.7791006"><ele>18.4</ele><time>2026-09-12T11:10:32.000Z</time></trkpt>
      <trkpt lat="57.5609019" lon="-5.7788411"><ele>9.3</ele><time>2026-09-12T11:10:33.000Z</time></trkpt>
      <trkpt lat="57.5607540" lon="-5.7785267"><ele>1.0</ele><time>2026-09-12T11:10:34.000Z</time></trkpt>
      <trkpt lat="57.5605828" lon="-5.7782531"><ele>-1.5</ele><time>2026-09-12T11:10:35.000Z</time></trkpt>
      <trkpt lat="57.5604005" lon="-5.7779406"><ele>2.8</ele><time>2026-09-12T11:10:36.000Z</time></trkpt>
      <trkpt lat="57.5602388" lon="-5.7775746"><ele>3.9</ele><time>2026-09-12T11:10:37.000Z</time></trkpt>
      <trkpt lat="57.5601122" lon="-5.7772039"><ele>-3.5</ele><time>2026-09-12T11:10:38.000Z</time></trkpt>
      <trkpt lat="57.5599169" lon="-5.7769664"><ele>1.8</ele><time>2026-09-12T11:10:39.000Z</time></trkpt>
      <trkpt lat="57.5597768" lon="-5.7765976"><ele>6.3</ele><time>2026-09-12T11:10:40.000Z</time></trkpt>
      <trkpt lat="57.5596247" lon="-5.7761664"><ele>7.4</ele><time>2026-09-12T11:10:41.000Z</time></trkpt>
      <trkpt lat="57.5593955" lon="-5.7758668"><ele>3.8</ele><time>2026-09-12T11:10:42.000Z</time></trkpt>
      <trkpt lat="57.5592625" lon="-5.7755535"><ele>3.6</ele><time>2026-09-12T11:10:43.000Z</time></trkpt>
      <trkpt lat="57.5590827" lon="-5.7752920"><ele>0.1</ele><time>2026-09-12T11:10:44.000Z</time></trkpt>
      <trkpt lat="57.5588408" lon="-5.7749052"><ele>1.6</ele><time>2026-09-12T11:10:45.000Z</time></trkpt>
      <trkpt lat="57.5587358" lon="-5.7746189"><ele>-2.7</ele><time>2026-09-12T11:10:46.000Z</time></trkpt>
      <trkpt lat="57.5585356" lon="-5.7742169"><ele>-0.9</ele><time>2026-09-12T11:10:47.000Z</time></trkpt>
      <trkpt lat="57.5583880" lon="-5.7738932"><ele>-6.8</ele><time>2026-09-12T11:10:48.000Z</time></trkpt>
      <trkpt lat="57.5581975" lon="-5.7736063"><ele>-8.1</ele><time>2026-09-12T11:10:49.000Z</time></trkpt>
      <trkpt lat="57.5580001" lon="-5.7733015"><ele>-2.4</ele><time>2026-09-12T11:10:50.000Z</time></trkpt>
      <trkpt lat="57.5578352" lon="-5.7730567"><ele>-3.9</ele><time>2026-09-12T11:10:51.000Z</time></trkpt>
      <trkpt lat="57.5576274" lon="-5.7727723"><ele>-4.5</ele><time>2026-09-12T11:10:52.000Z</time></trkpt>
      <trkpt lat="57.5574302" lon="-5.7724950"><ele>-8.3</ele><time>2026-09-12T11:10:53.000Z</time></trkpt>
      <trkpt lat="57.5573122" lon="-5.7721501"><ele>-7.9</ele><time>2026-09-12T11:10:54.000Z</time></trkpt>
      <trkpt lat="57.5571147" lon="-5.7718701"><ele>-8.2</ele><time>2026-09-12T11:10:55.000Z</time></trkpt>
      <trkpt lat="57.5569961" lon="-5.7714642"><ele>-16.9</ele><time>2026-09-12T11:10:56.000Z</time></trkpt>
      <trkpt lat="57.5568696" lon="-5.7710155"><ele>-20.4</ele><time>2026-09-12T11:10:57.000Z</time></trkpt>
      <trkpt lat="57.5567831" lon="-5.7707745"><ele>-16.3</ele><time>2026-09-12T11:10:58.000Z</time></trkpt>
      <trkpt lat="57.5567218" lon="-5.7702481"><ele>-16.5</ele><time>2026-09-12T11:10:59.000Z</time></trkpt>
      <trkpt lat="57.5567185" lon="-5.7698296"><ele>-12.5</ele><time>2026-09-12T11:11:00.000Z</time></trkpt>
      <trkpt lat="57.5567068" lon="-5.7694927"><ele>-15.1</ele><time>2026-09-12T11:11:01.000Z</time></trkpt>
      <trkpt lat="57.5567458" lon="-5.7692651"><ele>-10.7</ele><time>2026-09-12T11:11:02.000Z</time></trkpt>
      <trkpt lat="57.5567799" lon="-5.7689977"><ele>-4.4</ele><time>2026-09-12T11:11:03.000Z</time></trkpt>
      <trkpt lat="57.5569010" lon="-5.7686443"><ele>7.4</ele><time>2026-09-12T11:11:04.000Z</time></trkpt>
      <trkpt lat="57.5569763" lon="-5.7684348"><ele>-3.5</ele><time>2026-09-12T11:11:05.000Z</time></trkpt>
      <trkpt lat="57.5571491" lon="-5.7681125"><ele>2.0</ele><time>2026-09-12T11:11:06.000Z</time></trkpt>
      <trkpt lat="57.5573818" lon="-5.7678442"><ele>3.0</ele><time>2026-09-12T11:11:07.000Z</time></trkpt>
      <trkpt lat="57.5575149" lon="-5.7675755"><ele>3.6</ele><time>2026-09-12T11:11:08.000Z</time></trkpt>
      <trkpt lat="57.5577111" lon="-5.7672624"><ele>-5.2</ele><time>2026-09-12T11:11:09.000Z</time></trkpt>
      <trkpt lat="57.5578899" lon="-5.7671216"><ele>-6.2</ele><time>2026-09-12T11:11:10.000Z</time></trkpt>
      <trkpt lat="57.5580226" lon="-5.7668680"><ele>-1.7</ele><time>2026-09-12T11:11:11.000Z</time></trkpt>
      <trkpt lat="57.5581919" lon="-5.7665539"><ele>0.4</ele><time>2026-09-12T11:11:12.000Z</time></trkpt>
      <trkpt lat="57.5583788" lon="-5.7663282"><ele>-7.0</ele><time>2026-09-12T11:11:13.000Z</time></trkpt>
      <trkpt lat="57.5585245" lon="-5.7662282"><ele>-7.7</ele><time>2026-09-12T11:11:14.000Z</time></trkpt>
      <trkpt lat="57.5587086" lon="-5.7659525"><ele>-3.6</ele><time>2026-09-12T11:11:15.000Z</time></trkpt>
      <trkpt lat="57.5588168" lon="-5.7657298"><ele>-1.1</ele><time>2026-09-12T11:11:16.000Z</time></trkpt>
      <trkpt lat="57.5589897" lon="-5.7654645"><ele>-6.4</ele><time>2026-09-12T11:11:17.000Z</time></trkpt>
      <trkpt lat="57.5591391" lon="-5.7653060"><ele>-7.8</ele><time>2026-09-12T11:11:18.000Z</time></trkpt>
      <trkpt lat="57.5591867" lon="-5.7648894"><ele>-4.5</ele><time>2026-09-12T11:11:19.000Z</time></trkpt>
      <trkpt lat="57.5593188" lon="-5.7645220"><ele>-1.3</ele><time>2026-09-12T11:11:20.000Z</time></trkpt>
      <trkpt lat="57.5593775" lon="-5.7641516"><ele>-3.6</ele><time>2026-09-12T11:11:21.000Z</time></trkpt>
      <trkpt lat="57.5594298" lon="-5.7636895"><ele>-6.2</ele><time>2026-09-12T11:11:22.000Z</time></trkpt>
      <trkpt lat="57.5593442" lon="-5.7633789"><ele>-6.0</ele><time>2026-09-12T11:11:23.000Z</time></trkpt>
      <trkpt lat="57.5592762" lon="-5.7629087"><ele>-2.4</ele><time>2026-09-12T11:11:24.000Z</time></trkpt>
      <trkpt lat="57.5592087" lon="-5.7625586"><ele>-5.1</ele><time>2026-09-12T11:11:25.000Z</time></trkpt>
      <trkpt lat="57.5589933" lon="-5.7621446"><ele>0.4</ele><time>2026-09-12T11:11:26.000Z</time></trkpt>
      <trkpt lat="57.5588935" lon="-5.7619230"><ele>-2.6</ele><time>2026-09-12T11:11:27.000Z</time></trkpt>
      <trkpt lat="57.5586610" lon="-5.7616099"><ele>-2.4</ele><time>2026-09-12T11:11:28.000Z</time></trkpt>
      <trkpt lat="57.5585271" lon="-5.7612621"><ele>-1.5</ele><time>2026-09-12T11:11:29.000Z</time></trkpt>
      <trkpt lat="57.5583054" lon="-5.7610113"><ele>-2.1</ele><time>2026-09-12T11:11:30.000Z</time></trkpt>
      <trkpt lat="57.5582000" lon="-5.7607198"><ele>2.5</ele><time>2026-09-12T11:11:31.000Z</time></trkpt>
      <trkpt lat="57.5579537" lon="-5.7604814"><ele>-0.3</ele><time>2026-09-12T11:11:32.000Z</time></trkpt>
      <trkpt lat="57.5577543" lon="-5.7603646"><ele>6.3</ele><time>2026-09-12T11:11:33.000Z</time></trkpt>
      <trkpt lat="57.5575778" lon="-5.7602300"><ele>4.1</ele><time>2026-09-12T11:11:34.000Z</time></trkpt>
      <trkpt lat="57.5573820" lon="-5.7601650"><ele>11.8</ele><time>2026-09-12T11:11:35.000Z</time></trkpt>
      <trkpt lat="57.5571388" lon="-5.7601096"><ele>13.3</ele><time>2026-09-12T11:11:36.000Z</time></trkpt>
      <trkpt lat="57.5569853" lon="-5.7599562"><ele>7.6</ele><time>2026-09-12T11:11:37.000Z</time></trkpt>
      <trkpt lat="57.5567723" lon="-5.7598484"><ele>5.6</ele><time>2026-09-12T11:11:38.000Z</time></trkpt>
      <trkpt lat="57.5565810" lon="-5.7597811"><ele>4.9</ele><time>2026-09-12T11:11:39.000Z</time></trkpt>
      <trkpt lat="57.5563321" lon="-5.7596239"><ele>9.7</ele><time>2026-09-12T11:11:40.000Z</time></trkpt>
      <trkpt lat="57.5562725" lon="-5.7593694"><ele>6.4</ele><time>2026-09-12T11:11:41.000Z</time></trkpt>
      <trkpt lat="57.5561538" lon="-5.7590280"><ele>12.4</ele><time>2026-09-12T11:11:42.000Z</time></trkpt>
      <trkpt lat="57.5561210" lon="-5.7586678"><ele>16.5</ele><time>2026-09-12T11:11:43.000Z</time></trkpt>
      <trkpt lat="57.5560369" lon="-5.7582597"><ele>14.1</ele><time>2026-09-12T11:11:44.000Z</time></trkpt>
      <trkpt lat="57.5559347" lon="-5.7578287"><ele>16.2</ele><time>2026-09-12T11:11:45.000Z</time></trkpt>
      <trkpt lat="57.5558995" lon="-5.7574743"><ele>15.6</ele><time>2026-09-12T11:11:46.000Z</time></trkpt>
      <trkpt lat="57.5557842" lon="-5.7570551"><ele>14.8</ele><time>2026-09-12T11:11:47.000Z</time></trkpt>
      <trkpt lat="57.5556528" lon="-5.7567202"><ele>21.6</ele><time>2026-09-12T11:11:48.000Z</time></trkpt>
      <trkpt lat="57.5556304" lon="-5.7563507"><ele>21.5</ele><time>2026-09-12T11:11:49.000Z</time></trkpt>
      <trkpt lat="57.5553925" lon="-5.7560786"><ele>23.3</ele><time>2026-09-12T11:11:50.000Z</time></trkpt>
      <trkpt lat="57.5551800" lon="-5.7557333"><ele>30.4</ele><time>2026-09-12T11:11:51.000Z</time></trkpt>
      <trkpt lat="57.5550067" lon="-5.7556328"><ele>29.9</ele><time>2026-09-12T11:11:52.000Z</time></trkpt>
      <trkpt lat="57.5548566" lon="-5.7555134"><ele>27.7</ele><time>2026-09-12T11:11:53.000Z</time></trkpt>
      <trkpt lat="57.5546625" lon="-5.7553772"><ele>25.9</ele><time>2026-09-12T11:11:54.000Z</time></trkpt>
      <trkpt lat="57.5544352" lon="-5.7553218"><ele>27.8</ele><time>2026-09-12T11:11:55.000Z</time></trkpt>
      <trkpt lat="57.5542564" lon="-5.7553007"><ele>38.9</ele><time>2026-09-12T11:11:56.000Z</time></trkpt>
      <trkpt lat="57.5540308" lon="-5.7553278"><ele>44.6</ele><time>2026-09-12T11:11:57.000Z</time></trkpt>
      <trkpt lat="57.5538019" lon="-5.7554459"><ele>46.4</ele><time>2026-09-12T11:11:58.000Z</time></trkpt>
      <trkpt lat="57.5536245" lon="-5.7555671"><ele>55.0</ele><time>2026-09-12T11:11:59.000Z</time></trkpt>
      <trkpt lat="57.5534040" lon="-5.7556411"><ele>53.5</ele><time>2026-09-12T11:12:00.000Z</time></trkpt>
      <trkpt lat="57.5531925" lon="-5.7557345"><ele>47.5</ele><time>2026-09-12T11:12:01.000Z</time></trkpt>
      <trkpt lat="57.5529448" lon="-5.7558075"><ele>49.2</ele><time>2026-09-12T11:12:02.000Z</time></trkpt>
      <trkpt lat="57.5527241" lon="-5.7559548"><ele>47.8</ele><time>2026-09-12T11:12:03.000Z</time></trkpt>
      <trkpt lat="57.5525094" lon="-5.7560295"><ele>37.2</ele><time>2026-09-12T11:12:04.000Z</time></trkpt>
      <trkpt lat="57.5523127" lon="-5.7561950"><ele>28.4</ele><time>2026-09-12T11:12:05.000Z</time></trkpt>
      <trkpt lat="57.5520879" lon="-5.7563705"><ele>27.8</ele><time>2026-09-12T11:12:06.000Z</time></trkpt>
      <trkpt lat="57.5518891" lon="-5.7565103"><ele>30.4</ele><time>2026-09-12T11:12:07.000Z</time></trkpt>
      <trkpt lat="57.5516801" lon="-5.7566166"><ele>29.9</ele><time>2026-09-12T11:12:08.000Z</time></trkpt>
      <trkpt lat="57.5514952" lon="-5.7567266"><ele>22.2</ele><time>2026-09-12T11:12:09.000Z</time></trkpt>
      <trkpt lat="57.5513064" lon="-5.7567561"><ele>20.9</ele><time>2026-09-12T11:12:10.000Z</time></trkpt>
      <trkpt lat="57.5510939" lon="-5.7566941"><ele>26.5</ele><time>2026-09-12T11:12:11.000Z</time></trkpt>
      <trkpt lat="57.5509384" lon="-5.7567470"><ele>26.4</ele><time>2026-09-12T11:12:12.000Z</time></trkpt>
      <trkpt lat="57.5507604" lon="-5.7567000"><ele>31.8</ele><time>2026-09-12T11:12:13.000Z</time></trkpt>
      <trkpt lat="57.5505317" lon="-5.7565809"><ele>24.8</ele><time>2026-09-12T11:12:14.000Z</time></trkpt>
      <trkpt lat="57.5504357" lon="-5.7564741"><ele>19.3</ele><time>2026-09-12T11:12:15.000Z</time></trkpt>
      <trkpt lat="57.5502692" lon="-5.7561183"><ele>18.9</ele><time>2026-09-12T11:12:16.000Z</time></trkpt>
      <trkpt lat="57.5501179" lon="-5.7559481"><ele>19.6</ele><time>2026-09-12T11:12:17.000Z</time></trkpt>
      <trkpt lat="57.5499764" lon="-5.7557424"><ele>15.0</ele><time>2026-09-12T11:12:18.000Z</time></trkpt>
      <trkpt lat="57.5498677" lon="-5.7554233"><ele>12.8</ele><time>2026-09-12T11:12:19.000Z</time></trkpt>
      <trkpt lat="57.5497001" lon="-5.7551231"><ele>14.6</ele><time>2026-09-12T11:12:20.000Z</time></trkpt>
      <trkpt lat="57.5495739" lon="-5.7548267"><ele>14.0</ele><time>2026-09-12T11:12:21.000Z</time></trkpt>
      <trkpt lat="57.5494105" lon="-5.7544903"><ele>5.3</ele><time>2026-09-12T11:12:22.000Z</time></trkpt>
      <trkpt lat="57.5493047" lon="-5.7541777"><ele>9.5</ele><time>2026-09-12T11:12:23.000Z</time></trkpt>
      <trkpt lat="57.5491919" lon="-5.7539465"><ele>8.3</ele><time>2026-09-12T11:12:24.000Z</time></trkpt>
      <trkpt lat="57.5491165" lon="-5.7536452"><ele>13.8</ele><time>2026-09-12T11:12:25.000Z</time></trkpt>
      <trkpt lat="57.5490070" lon="-5.7532226"><ele>13.4</ele><time>2026-09-12T11:12:26.000Z</time></trkpt>
      <trkpt lat="57.5488618" lon="-5.7529882"><ele>14.9</ele><time>2026-09-12T11:12:27.000Z</time></trkpt>
      <trkpt lat="57.5487322" lon="-5.7527849"><ele>13.5</ele><time>2026-09-12T11:12:28.000Z</time></trkpt>
      <trkpt lat="57.5485944" lon="-5.7522750"><ele>17.1</ele><time>2026-09-12T11:12:29.000Z</time></trkpt>
      <trkpt lat="57.5484545" lon="-5.7520575"><ele>15.5</ele><time>2026-09-12T11:12:30.000Z</time></trkpt>
      <trkpt lat="57.5482636" lon="-5.7518244"><ele>12.4</ele><time>2026-09-12T11:12:31.000Z</time></trkpt>
      <trkpt lat="57.5480522" lon="-5.7516434"><ele>11.7</ele><time>2026-09-12T11:12:32.000Z</time></trkpt>
      <trkpt lat="57.5478822" lon="-5.7513324"><ele>10.0</ele><time>2026-09-12T11:12:33.000Z</time></trkpt>
      <trkpt lat="57.5477212" lon="-5.7512518"><ele>9.4</ele><time>2026-09-12T11:12:34.000Z</time></trkpt>
      <trkpt lat="57.5475124" lon="-5.7510206"><ele>10.2</ele><time>2026-09-12T11:12:35.000Z</time></trkpt>
      <trkpt lat="57.5473617" lon="-5.7509244"><ele>7.2</ele><time>2026-09-12T11:12:36.000Z</time></trkpt>
      <trkpt lat="57.5471501" lon="-5.7508096"><ele>-2.2</ele><time>2026-09-12T11:12:37.000Z</time></trkpt>
      <trkpt lat="57.5470408" lon="-5.7506781"><ele>-9.7</ele><time>2026-09-12T11:12:38.000Z</time></trkpt>
      <trkpt lat="57.5468878" lon="-5.7504385"><ele>-11.1</ele><time>2026-09-12T11:12:39.000Z</time></trkpt>
      <trkpt lat="57.5467039" lon="-5.7504415"><ele>-6.0</ele><time>2026-09-12T11:12:40.000Z</time></trkpt>
      <trkpt lat="57.5465870" lon="-5.7502563"><ele>-6.3</ele><time>2026-09-12T11:12:41.000Z</time></trkpt>
      <trkpt lat="57.5464305" lon="-5.7499436"><ele>-7.3</ele><time>2026-09-12T11:12:42.000Z</time></trkpt>
      <trkpt lat="57.5462210" lon="-5.7498008"><ele>-11.4</ele><time>2026-09-12T11:12:43.000Z</time></trkpt>
      <trkpt lat="57.5461519" lon="-5.7495597"><ele>-5.8</ele><time>2026-09-12T11:12:44.000Z</time></trkpt>
      <trkpt lat="57.5460383" lon="-5.7493059"><ele>-7.8</ele><time>2026-09-12T11:12:45.000Z</time></trkpt>
      <trkpt lat="57.5459754" lon="-5.7490443"><ele>-17.9</ele><time>2026-09-12T11:12:46.000Z</time></trkpt>
      <trkpt lat="57.5459117" lon="-5.7488055"><ele>-21.2</ele><time>2026-09-12T11:12:47.000Z</time></trkpt>
      <trkpt lat="57.5458140" lon="-5.7484826"><ele>-32.8</ele><time>2026-09-12T11:12:48.000Z</time></trkpt>
      <trkpt lat="57.5458161" lon="-5.7482574"><ele>-28.2</ele><time>2026-09-12T11:12:49.000Z</time></trkpt>
      <trkpt lat="57.5458176" lon="-5.7479536"><ele>-16.4</ele><time>2026-09-12T11:12:50.000Z</time></trkpt>
      <trkpt lat="57.5457888" lon="-5.7475643"><ele>-21.8</ele><time>2026-09-12T11:12:51.000Z</time></trkpt>
      <trkpt lat="57.5457747" lon="-5.7473176"><ele>-19.0</ele><time>2026-09-12T11:12:52.000Z</time></trkpt>
      <trkpt lat="57.5456816" lon="-5.7469785"><ele>-14.7</ele><time>2026-09-12T11:12:53.000Z</time></trkpt>
      <trkpt lat="57.5456573" lon="-5.7467247"><ele>-9.4</ele><time>2026-09-12T11:12:54.000Z</time></trkpt>
      <trkpt lat="57.5454867" lon="-5.7465741"><ele>-16.3</ele><time>2026-09-12T11:12:55.000Z</time></trkpt>
      <trkpt lat="57.5453279" lon="-5.7463364"><ele>-12.0</ele><time>2026-09-12T11:12:56.000Z</time></trkpt>
      <trkpt lat="57.5452111" lon="-5.7460492"><ele>-6.2</ele><time>2026-09-12T11:12:57.000Z</time></trkpt>
      <trkpt lat="57.5450690" lon="-5.7457361"><ele>-12.9</ele><time>2026-09-12T11:12:58.000Z</time></trkpt>
      <trkpt lat="57.5449217" lon="-5.7455654"><ele>-19.9</ele><time>2026-09-12T11:12:59.000Z</time></trkpt>
      <trkpt lat="57.5447178" lon="-5.7451970"><ele>-15.9</ele><time>2026-09-12T11:13:00.000Z</time></trkpt>
      <trkpt lat="57.5445822" lon="-5.7450660"><ele>-11.8</ele><time>2026-09-12T11:13:01.000Z</time></trkpt>
      <trkpt lat="57.5445029" lon="-5.7448256"><ele>-8.7</ele><time>2026-09-12T11:13:02.000Z</time></trkpt>
      <trkpt lat="57.5443812" lon="-5.7444454"><ele>-10.5</ele><time>2026-09-12T11:13:03.000Z</time></trkpt>
      <trkpt lat="57.5442396" lon="-5.7440840"><ele>-12.8</ele><time>2026-09-12T11:13:04.000Z</time></trkpt>
      <trkpt lat="57.5440933" lon="-5.7439269"><ele>-11.8</ele><time>2026-09-12T11:13:05.000Z</time></trkpt>
      <trkpt lat="57.5440157" lon="-5.7435999"><ele>-18.4</ele><time>2026-09-12T11:13:06.000Z</time></trkpt>
      <trkpt lat="57.5438180" lon="-5.7434677"><ele>-14.4</ele><time>2026-09-12T11:13:07.000Z</time></trkpt>
      <trkpt lat="57.5436554" lon="-5.7433417"><ele>-14.0</ele><time>2026-09-12T11:13:08.000Z</time></trkpt>
      <trkpt lat="57.5435735" lon="-5.7430802"><ele>-8.8</ele><time>2026-09-12T11:13:09.000Z</time></trkpt>
      <trkpt lat="57.5434704" lon="-5.7429249"><ele>-5.8</ele><time>2026-09-12T11:13:10.000Z</time></trkpt>
      <trkpt lat="57.5432841" lon="-5.7428869"><ele>1.3</ele><time>2026-09-12T11:13:11.000Z</time></trkpt>
      <trkpt lat="57.5432028" lon="-5.7428184"><ele>6.4</ele><time>2026-09-12T11:13:12.000Z</time></trkpt>
      <trkpt lat="57.5430882" lon="-5.7427737"><ele>5.9</ele><time>2026-09-12T11:13:13.000Z</time></trkpt>
      <trkpt lat="57.5429046" lon="-5.7427993"><ele>2.5</ele><time>2026-09-12T11:13:14.000Z</time></trkpt>
      <trkpt lat="57.5426921" lon="-5.7427280"><ele>11.7</ele><time>2026-09-12T11:13:15.000Z</time></trkpt>
      <trkpt lat="57.5425488" lon="-5.7426932"><ele>16.1</ele><time>2026-09-12T11:13:16.000Z</time></trkpt>
      <trkpt lat="57.5423445" lon="-5.7425323"><ele>22.3</ele><time>2026-09-12T11:13:17.000Z</time></trkpt>
      <trkpt lat="57.5421428" lon="-5.7424743"><ele>18.5</ele><time>2026-09-12T11:13:18.000Z</time></trkpt>
      <trkpt lat="57.5419630" lon="-5.7423602"><ele>15.9</ele><time>2026-09-12T11:13:19.000Z</time></trkpt>
      <trkpt lat="57.5417823" lon="-5.7422620"><ele>17.4</ele><time>2026-09-12T11:13:20.000Z</time></trkpt>
      <trkpt lat="57.5416122" lon="-5.7421887"><ele>20.6</ele><time>2026-09-12T11:13:21.000Z</time></trkpt>
      <trkpt lat="57.5414960" lon="-5.7421609"><ele>23.0</ele><time>2026-09-12T11:13:22.000Z</time></trkpt>
      <trkpt lat="57.5412627" lon="-5.7419945"><ele>24.3</ele><time>2026-09-12T11:13:23.000Z</time></trkpt>
      <trkpt lat="57.5410484" lon="-5.7419923"><ele>27.6</ele><time>2026-09-12T11:13:24.000Z</time></trkpt>
      <trkpt lat="57.5409467" lon="-5.7418755"><ele>27.5</ele><time>2026-09-12T11:13:25.000Z</time></trkpt>
      <trkpt lat="57.5407125" lon="-5.7418824"><ele>30.1</ele><time>2026-09-12T11:13:26.000Z</time></trkpt>
      <trkpt lat="57.5405462" lon="-5.7417174"><ele>32.2</ele><time>2026-09-12T11:13:27.000Z</time></trkpt>
      <trkpt lat="57.5404070" lon="-5.7417110"><ele>26.8</ele><time>2026-09-12T11:13:28.000Z</time></trkpt>
      <trkpt lat="57.5402380" lon="-5.7417731"><ele>24.3</ele><time>2026-09-12T11:13:29.000Z</time></trkpt>
      <trkpt lat="57.5400460" lon="-5.7417789"><ele>29.9</ele><time>2026-09-12T11:13:30.000Z</time></trkpt>
      <trkpt lat="57.5399401" lon="-5.7418286"><ele>36.5</ele><time>2026-09-12T11:13:31.000Z</time></trkpt>
      <trkpt lat="57.5397381" lon="-5.7419069"><ele>33.8</ele><time>2026-09-12T11:13:32.000Z</time></trkpt>
      <trkpt lat="57.5395707" lon="-5.7420356"><ele>32.9</ele><time>2026-09-12T11:13:33.000Z</time></trkpt>
      <trkpt lat="57.5394262" lon="-5.7421861"><ele>36.2</ele><time>2026-09-12T11:13:34.000Z</time></trkpt>
      <trkpt lat="57.5393438" lon="-5.7423244"><ele>33.7</ele><time>2026-09-12T11:13:35.000Z</time></trkpt>
      <trkpt lat="57.5391150" lon="-5.7424378"><ele>36.1</ele><time>2026-09-12T11:13:36.000Z</time></trkpt>
      <trkpt lat="57.5388977" lon="-5.7425040"><ele>33.5</ele><time>2026-09-12T11:13:37.000Z</time></trkpt>
      <trkpt lat="57.5387587" lon="-5.7423298"><ele>32.0</ele><time>2026-09-12T11:13:38.000Z</time></trkpt>
      <trkpt lat="57.5386354" lon="-5.7423825"><ele>40.9</ele><time>2026-09-12T11:13:39.000Z</time></trkpt>
      <trkpt lat="57.5384723" lon="-5.7421268"><ele>42.8</ele><time>2026-09-12T11:13:40.000Z</time></trkpt>
      <trkpt lat="57.5383460" lon="-5.7419327"><ele>41.3</ele><time>2026-09-12T11:13:41.000Z</time></trkpt>
      <trkpt lat="57.5381685" lon="-5.7419320"><ele>43.0</ele><time>2026-09-12T11:13:42.000Z</time></trkpt>
      <trkpt lat="57.5379893" lon="-5.7418039"><ele>44.8</ele><time>2026-09-12T11:13:43.000Z</time></trkpt>
      <trkpt lat="57.5377452" lon="-5.7417602"><ele>44.2</ele><time>2026-09-12T11:13:44.000Z</time></trkpt>
      <trkpt lat="57.5375853" lon="-5.7416613"><ele>58.7</ele><time>2026-09-12T11:13:45.000Z</time></trkpt>
      <trkpt lat="57.5373495" lon="-5.7415356"><ele>65.9</ele><time>2026-09-12T11:13:46.000Z</time></trkpt>
      <trkpt lat="57.5372287" lon="-5.7413970"><ele>73.1</ele><time>2026-09-12T11:13:47.000Z</time></trkpt>
      <trkpt lat="57.5369930" lon="-5.7411947"><ele>79.4</ele><time>2026-09-12T11:13:48.000Z</time></trkpt>
      <trkpt lat="57.5368291" lon="-5.7411338"><ele>84.0</ele><time>2026-09-12T11:13:49.000Z</time></trkpt>
      <trkpt lat="57.5367115" lon="-5.7409747"><ele>84.5</ele><time>2026-09-12T11:13:50.000Z</time></trkpt>
      <trkpt lat="57.5365892" lon="-5.7407844"><ele>85.5</ele><time>2026-09-12T11:13:51.000Z</time></trkpt>
      <trkpt lat="57.5365018" lon="-5.7406025"><ele>82.2</ele><time>2026-09-12T11:13:52.000Z</time></trkpt>
      <trkpt lat="57.5363904" lon="-5.7404346"><ele>89.9</ele><time>2026-09-12T11:13:53.000Z</time></trkpt>
      <trkpt lat="57.5362406" lon="-5.7402227"><ele>88.0</ele><time>2026-09-12T11:13:54.000Z</time></trkpt>
      <trkpt lat="57.5361008" lon="-5.7400507"><ele>86.2</ele><time>2026-09-12T11:13:55.000Z</time></trkpt>
      <trkpt lat="57.5359856" lon="-5.7398358"><ele>95.3</ele><time>2026-09-12T11:13:56.000Z</time></trkpt>
      <trkpt lat="57.5358960" lon="-5.7397018"><ele>96.8</ele><time>2026-09-12T11:13:57.000Z</time></trkpt>
      <trkpt lat="57.5356838" lon="-5.7394632"><ele>108.4</ele><time>2026-09-12T11:13:58.000Z</time></trkpt>
      <trkpt lat="57.5355082" lon="-5.7392388"><ele>98.5</ele><time>2026-09-12T11:13:59.000Z</time></trkpt>
      <trkpt lat="57.5354372" lon="-5.7390802"><ele>100.3</ele><time>2026-09-12T11:14:00.000Z</time></trkpt>
      <trkpt lat="57.5353655" lon="-5.7387771"><ele>101.5</ele><time>2026-09-12T11:14:01.000Z</time></trkpt>
      <trkpt lat="57.5353336" lon="-5.7386872"><ele>102.7</ele><time>2026-09-12T11:14:02.000Z</time></trkpt>
      <trkpt lat="57.5352437" lon="-5.7382656"><ele>100.5</ele><time>2026-09-12T11:14:03.000Z</time></trkpt>
      <trkpt lat="57.5351406" lon="-5.7380626"><ele>97.6</ele><time>2026-09-12T11:14:04.000Z</time></trkpt>
      <trkpt lat="57.5350283" lon="-5.7378883"><ele>102.8</ele><time>2026-09-12T11:14:05.000Z</time></trkpt>
      <trkpt lat="57.5348792" lon="-5.7377941"><ele>100.6</ele><time>2026-09-12T11:14:06.000Z</time></trkpt>
      <trkpt lat="57.5346737" lon="-5.7376932"><ele>101.0</ele><time>2026-09-12T11:14:07.000Z</time></trkpt>
      <trkpt lat="57.5344495" lon="-5.7376828"><ele>99.2</ele><time>2026-09-12T11:14:08.000Z</time></trkpt>
      <trkpt lat="57.5342586" lon="-5.7376240"><ele>100.6</ele><time>2026-09-12T11:14:09.000Z</time></trkpt>
      <trkpt lat="57.5340947" lon="-5.7374887"><ele>100.4</ele><time>2026-09-12T11:14:10.000Z</time></trkpt>
      <trkpt lat="57.5339153" lon="-5.7371243"><ele>93.3</ele><time>2026-09-12T11:14:11.000Z</time></trkpt>
      <trkpt lat="57.5338184" lon="-5.7368584"><ele>95.5</ele><time>2026-09-12T11:14:12.000Z</time></trkpt>
      <trkpt lat="57.5336687" lon="-5.7365106"><ele>89.0</ele><time>2026-09-12T11:14:13.000Z</time></trkpt>
      <trkpt lat="57.5335800" lon="-5.7362568"><ele>91.0</ele><time>2026-09-12T11:14:14.000Z</time></trkpt>
      <trkpt lat="57.5333642" lon="-5.7358548"><ele>85.2</ele><time>2026-09-12T11:14:15.000Z</time></trkpt>
      <trkpt lat="57.5332708" lon="-5.7355852"><ele>96.3</ele><time>2026-09-12T11:14:16.000Z</time></trkpt>
      <trkpt lat="57.5332098" lon="-5.7352273"><ele>95.9</ele><time>2026-09-12T11:14:17.000Z</time></trkpt>
      <trkpt lat="57.5331139" lon="-5.7348942"><ele>95.8</ele><time>2026-09-12T11:14:18.000Z</time></trkpt>
      <trkpt lat="57.5330375" lon="-5.7344779"><ele>94.2</ele><time>2026-09-12T11:14:19.000Z</time></trkpt>
      <trkpt lat="57.5329915" lon="-5.7340311"><ele>95.1</ele><time>2026-09-12T11:14:20.000Z</time></trkpt>
      <trkpt lat="57.5330243" lon="-5.7336814"><ele>100.0</ele><time>2026-09-12T11:14:21.000Z</time></trkpt>
      <trkpt lat="57.5330521" lon="-5.7331961"><ele>99.8</ele><time>2026-09-12T11:14:22.000Z</time></trkpt>
      <trkpt lat="57.5331258" lon="-5.7329173"><ele>101.4</ele><time>2026-09-12T11:14:23.000Z</time></trkpt>
      <trkpt lat="57.5332236" lon="-5.7326609"><ele>102.9</ele><time>2026-09-12T11:14:24.000Z</time></trkpt>
      <trkpt lat="57.5333365" lon="-5.7323105"><ele>106.9</ele><time>2026-09-12T11:14:25.000Z</time></trkpt>
      <trkpt lat="57.5334186" lon="-5.7320661"><ele>110.9</ele><time>2026-09-12T11:14:26.000Z</time></trkpt>
      <trkpt lat="57.5335974" lon="-5.7317787"><ele>115.0</ele><time>2026-09-12T11:14:27.000Z</time></trkpt>
      <trkpt lat="57.5337236" lon="-5.7316943"><ele>116.0</ele><time>2026-09-12T11:14:28.000Z</time></trkpt>
      <trkpt lat="57.5339390" lon="-5.7314911"><ele>120.0</ele><time>2026-09-12T11:14:29.000Z</time></trkpt>
      <trkpt lat="57.5340918" lon="-5.7312597"><ele>121.7</ele><time>2026-09-12T11:14:30.000Z</time></trkpt>
      <trkpt lat="57.5342600" lon="-5.7310834"><ele>125.6</ele><time>2026-09-12T11:14:31.000Z</time></trkpt>
      <trkpt lat="57.5344557" lon="-5.7309276"><ele>124.8</ele><time>2026-09-12T11:14:32.000Z</time></trkpt>
      <trkpt lat="57.5346227" lon="-5.7308619"><ele>132.8</ele><time>2026-09-12T11:14:33.000Z</time></trkpt>
      <trkpt lat="57.5347982" lon="-5.7307443"><ele>130.4</ele><time>2026-09-12T11:14:34.000Z</time></trkpt>
      <trkpt lat="57.5350025" lon="-5.7306698"><ele>124.1</ele><time>2026-09-12T11:14:35.000Z</time></trkpt>
      <trkpt lat="57.5351806" lon="-5.7307115"><ele>127.6</ele><time>2026-09-12T11:14:36.000Z</time></trkpt>
      <trkpt lat="57.5353743" lon="-5.7306494"><ele>117.3</ele><time>2026-09-12T11:14:37.000Z</time></trkpt>
      <trkpt lat="57.5355475" lon="-5.7306362"><ele>116.8</ele><time>2026-09-12T11:14:38.000Z</time></trkpt>
      <trkpt lat="57.5357246" lon="-5.7307219"><ele>114.4</ele><time>2026-09-12T11:14:39.000Z</time></trkpt>
      <trkpt lat="57.5359552" lon="-5.7307623"><ele>113.0</ele><time>2026-09-12T11:14:40.000Z</time></trkpt>
      <trkpt lat="57.5361026" lon="-5.7307093"><ele>111.4</ele><time>2026-09-12T11:14:41.000Z</time></trkpt>
      <trkpt lat="57.5363524" lon="-5.7305787"><ele>115.9</ele><time>2026-09-12T11:14:42.000Z</time></trkpt>
      <trkpt lat="57.5364912" lon="-5.7304494"><ele>112.7</ele><time>2026-09-12T11:14:43.000Z</time></trkpt>
      <trkpt lat="57.5366167" lon="-5.7302786"><ele>111.0</ele><time>2026-09-12T11:14:44.000Z</time></trkpt>
      <trkpt lat="57.5367513" lon="-5.7301406"><ele>112.5</ele><time>2026-09-12T11:14:45.000Z</time></trkpt>
      <trkpt lat="57.5368763" lon="-5.7300486"><ele>110.6</ele><time>2026-09-12T11:14:46.000Z</time></trkpt>
      <trkpt lat="57.5369323" lon="-5.7297866"><ele>107.3</ele><time>2026-09-12T11:14:47.000Z</time></trkpt>
      <trkpt lat="57.5370351" lon="-5.7295885"><ele>108.6</ele><time>2026-09-12T11:14:48.000Z</time></trkpt>
      <trkpt lat="57.5370568" lon="-5.7294080"><ele>116.3</ele><time>2026-09-12T11:14:49.000Z</time></trkpt>
      <trkpt lat="57.5371031" lon="-5.7289147"><ele>122.7</ele><time>2026-09-12T11:14:50.000Z</time></trkpt>
      <trkpt lat="57.5371401" lon="-5.7286402"><ele>117.1</ele><time>2026-09-12T11:14:51.000Z</time></trkpt>
      <trkpt lat="57.5372244" lon="-5.7283294"><ele>120.4</ele><time>2026-09-12T11:14:52.000Z</time></trkpt>
      <trkpt lat="57.5372117" lon="-5.7281083"><ele>116.5</ele><time>2026-09-12T11:14:53.000Z</time></trkpt>
      <trkpt lat="57.5372928" lon="-5.7278924"><ele>116.3</ele><time>2026-09-12T11:14:54.000Z</time></trkpt>
      <trkpt lat="57.5374635" lon="-5.7277489"><ele>112.3</ele><time>2026-09-12T11:14:55.000Z</time></trkpt>
      <trkpt lat="57.5375662" lon="-5.7276305"><ele>117.4</ele><time>2026-09-12T11:14:56.000Z</time></trkpt>
      <trkpt lat="57.5377489" lon="-5.7274960"><ele>115.4</ele><time>2026-09-12T11:14:57.000Z</time></trkpt>
      <trkpt lat="57.5378474" lon="-5.7273640"><ele>119.6</ele><time>2026-09-12T11:14:58.000Z</time></trkpt>
      <trkpt lat="57.5380122" lon="-5.7272584"><ele>122.2</ele><time>2026-09-12T11:14:59.000Z</time></trkpt>
      <trkpt lat="57.5381077" lon="-5.7270658"><ele>129.3</ele><time>2026-09-12T11:15:00.000Z</time></trkpt>
      <trkpt lat="57.5383138" lon="-5.7269442"><ele>132.0</ele><time>2026-09-12T11:15:01.000Z</time></trkpt>
      <trkpt lat="57.5383955" lon="-5.7267488"><ele>140.7</ele><time>2026-09-12T11:15:02.000Z</time></trkpt>
      <trkpt lat="57.5384795" lon="-5.7266634"><ele>144.9</ele><time>2026-09-12T11:15:03.000Z</time></trkpt>
      <trkpt lat="57.5385906" lon="-5.7263571"><ele>155.7</ele><time>2026-09-12T11:15:04.000Z</time></trkpt>
      <trkpt lat="57.5386868" lon="-5.7262712"><ele>155.0</ele><time>2026-09-12T11:15:05.000Z</time></trkpt>
      <trkpt lat="57.5388997" lon="-5.7261045"><ele>148.4</ele><time>2026-09-12T11:15:06.000Z</time></trkpt>
      <trkpt lat="57.5390071" lon="-5.7260206"><ele>157.5</ele><time>2026-09-12T11:15:07.000Z</time></trkpt>
      <trkpt lat="57.5392176" lon="-5.7260094"><ele>151.0</ele><time>2026-09-12T11:15:08.000Z</time></trkpt>
      <trkpt lat="57.5393461" lon="-5.7259093"><ele>144.6</ele><time>2026-09-12T11:15:09.000Z</time></trkpt>
      <trkpt lat="57.5395423" lon="-5.7257950"><ele>137.9</ele><time>2026-09-12T11:15:10.000Z</time></trkpt>
      <trkpt lat="57.5398034" lon="-5.7257097"><ele>134.2</ele><time>2026-09-12T11:15:11.000Z</time></trkpt>
      <trkpt lat="57.5400087" lon="-5.7255576"><ele>130.2</ele><time>2026-09-12T11:15:12.000Z</time></trkpt>
      <trkpt lat="57.5401754" lon="-5.7253605"><ele>129.6</ele><time>2026-09-12T11:15:13.000Z</time></trkpt>
      <trkpt lat="57.5404136" lon="-5.7253839"><ele>129.1</ele><time>2026-09-12T11:15:14.000Z</time></trkpt>
      <trkpt lat="57.5405485" lon="-5.7254622"><ele>120.9</ele><time>2026-09-12T11:15:15.000Z</time></trkpt>
      <trkpt lat="57.5406849" lon="-5.7253496"><ele>113.6</ele><time>2026-09-12T11:15:16.000Z</time></trkpt>
      <trkpt lat="57.5408144" lon="-5.7253186"><ele>103.7</ele><time>2026-09-12T11:15:17.000Z</time></trkpt>
      <trkpt lat="57.5410016" lon="-5.7252242"><ele>105.0</ele><time>2026-09-12T11:15:18.000Z</time></trkpt>
      <trkpt lat="57.5410896" lon="-5.7251073"><ele>100.0</ele><time>2026-09-12T11:15:19.000Z</time></trkpt>
      <trkpt lat="57.5411632" lon="-5.7248463"><ele>101.6</ele><time>2026-09-12T11:15:20.000Z</time></trkpt>
      <trkpt lat="57.5412800" lon="-5.7247826"><ele>100.3</ele><time>2026-09-12T11:15:21.000Z</time></trkpt>
      <trkpt lat="57.5413211" lon="-5.7244664"><ele>98.4</ele><time>2026-09-12T11:15:22.000Z</time></trkpt>
      <trkpt lat="57.5414197" lon="-5.7242678"><ele>88.1</ele><time>2026-09-12T11:15:23.000Z</time></trkpt>
      <trkpt lat="57.5414656" lon="-5.7240252"><ele>94.2</ele><time>2026-09-12T11:15:24.000Z</time></trkpt>
      <trkpt lat="57.5414897" lon="-5.7237118"><ele>89.3</ele><time>2026-09-12T11:15:25.000Z</time></trkpt>
      <trkpt lat="57.5415439" lon="-5.7234604"><ele>81.4</ele><time>2026-09-12T11:15:26.000Z</time></trkpt>
      <trkpt lat="57.5415827" lon="-5.7231964"><ele>81.5</ele><time>2026-09-12T11:15:27.000Z</time></trkpt>
      <trkpt lat="57.5416438" lon="-5.7229762"><ele>79.0</ele><time>2026-09-12T11:15:28.000Z</time></trkpt>
      <trkpt lat="57.5416346" lon="-5.7227288"><ele>70.8</ele><time>2026-09-12T11:15:29.000Z</time></trkpt>
      <trkpt lat="57.5416656" lon="-5.7224557"><ele>71.5</ele><time>2026-09-12T11:15:30.000Z</time></trkpt>
      <trkpt lat="57.5417562" lon="-5.7220878"><ele>71.3</ele><time>2026-09-12T11:15:31.000Z</time></trkpt>
      <trkpt lat="57.5418135" lon="-5.7217250"><ele>68.3</ele><time>2026-09-12T11:15:32.000Z</time></trkpt>
      <trkpt lat="57.5417640" lon="-5.7213953"><ele>73.2</ele><time>2026-09-12T11:15:33.000Z</time></trkpt>
      <trkpt lat="57.5417622" lon="-5.7211090"><ele>78.4</ele><time>2026-09-12T11:15:34.000Z</time></trkpt>
      <trkpt lat="57.5417730" lon="-5.7207962"><ele>77.4</ele><time>2026-09-12T11:15:35.000Z</time></trkpt>
      <trkpt lat="57.5416482" lon="-5.7204270"><ele>71.1</ele><time>2026-09-12T11:15:36.000Z</time></trkpt>
      <trkpt lat="57.5415800" lon="-5.7202212"><ele>71.2</ele><time>2026-09-12T11:15:37.000Z</time></trkpt>
      <trkpt lat="57.5413739" lon="-5.7199171"><ele>69.8</ele><time>2026-09-12T11:15:38.000Z</time></trkpt>
      <trkpt lat="57.5412627" lon="-5.7198342"><ele>84.2</ele><time>2026-09-12T11:15:39.000Z</time></trkpt>
      <trkpt lat="57.5410790" lon="-5.7197117"><ele>87.3</ele><time>2026-09-12T11:15:40.000Z</time></trkpt>
      <trkpt lat="57.5408682" lon="-5.7195817"><ele>92.2</ele><time>2026-09-12T11:15:41.000Z</time></trkpt>
      <trkpt lat="57.5406997" lon="-5.7195183"><ele>93.3</ele><time>2026-09-12T11:15:42.000Z</time></trkpt>
      <trkpt lat="57.5404888" lon="-5.7193810"><ele>98.0</ele><time>2026-09-12T11:15:43.000Z</time></trkpt>
      <trkpt lat="57.5402968" lon="-5.7191057"><ele>94.5</ele><time>2026-09-12T11:15:44.000Z</time></trkpt>
      <trkpt lat="57.5401546" lon="-5.7189961"><ele>94.0</ele><time>2026-09-12T11:15:45.000Z</time></trkpt>
      <trkpt lat="57.5400487" lon="-5.7188075"><ele>92.5</ele><time>2026-09-12T11:15:46.000Z</time></trkpt>
      <trkpt lat="57.5398186" lon="-5.7187076"><ele>95.0</ele><time>2026-09-12T11:15:47.000Z</time></trkpt>
      <trkpt lat="57.5396718" lon="-5.7186605"><ele>98.4</ele><time>2026-09-12T11:15:48.000Z</time></trkpt>
      <trkpt lat="57.5394958" lon="-5.7185630"><ele>93.3</ele><time>2026-09-12T11:15:49.000Z</time></trkpt>
      <trkpt lat="57.5393430" lon="-5.7183529"><ele>90.4</ele><time>2026-09-12T11:15:50.000Z</time></trkpt>
      <trkpt lat="57.5391884" lon="-5.7181825"><ele>90.9</ele><time>2026-09-12T11:15:51.000Z</time></trkpt>
      <trkpt lat="57.5390741" lon="-5.7179892"><ele>91.5</ele><time>2026-09-12T11:15:52.000Z</time></trkpt>
      <trkpt lat="57.5389590" lon="-5.7178220"><ele>86.5</ele><time>2026-09-12T11:15:53.000Z</time></trkpt>
      <trkpt lat="57.5388502" lon="-5.7176236"><ele>90.7</ele><time>2026-09-12T11:15:54.000Z</time></trkpt>
      <trkpt lat="57.5388015" lon="-5.7174544"><ele>88.7</ele><time>2026-09-12T11:15:55.000Z</time></trkpt>
      <trkpt lat="57.5387701" lon="-5.7172089"><ele>91.1</ele><time>2026-09-12T11:15:56.000Z</time></trkpt>
      <trkpt lat="57.5386509" lon="-5.7169986"><ele>88.4</ele><time>2026-09-12T11:15:57.000Z</time></trkpt>
      <trkpt lat="57.5385272" lon="-5.7168074"><ele>87.1</ele><time>2026-09-12T11:15:58.000Z</time></trkpt>
      <trkpt lat="57.5384817" lon="-5.7165514"><ele>82.5</ele><time>2026-09-12T11:15:59.000Z</time></trkpt>
      <trkpt lat="57.5383536" lon="-5.7164327"><ele>79.6</ele><time>2026-09-12T11:16:00.000Z</time></trkpt>
      <trkpt lat="57.5381647" lon="-5.7162918"><ele>76.6</ele><time>2026-09-12T11:16:01.000Z</time></trkpt>
      <trkpt lat="57.5380280" lon="-5.7160973"><ele>76.6</ele><time>2026-09-12T11:16:02.000Z</time></trkpt>
      <trkpt lat="57.5378227" lon="-5.7159014"><ele>83.2</ele><time>2026-09-12T11:16:03.000Z</time></trkpt>
      <trkpt lat="57.5376398" lon="-5.7156377"><ele>77.1</ele><time>2026-09-12T11:16:04.000Z</time></trkpt>
      <trkpt lat="57.5374772" lon="-5.7155044"><ele>76.5</ele><time>2026-09-12T11:16:05.000Z</time></trkpt>
      <trkpt lat="57.5373240" lon="-5.7153165"><ele>81.9</ele><time>2026-09-12T11:16:06.000Z</time></trkpt>
      <trkpt lat="57.5370975" lon="-5.7151640"><ele>75.1</ele><time>2026-09-12T11:16:07.000Z</time></trkpt>
      <trkpt lat="57.5369708" lon="-5.7150451"><ele>75.2</ele><time>2026-09-12T11:16:08.000Z</time></trkpt>
      <trkpt lat="57.5368539" lon="-5.7148798"><ele>79.6</ele><time>2026-09-12T11:16:09.000Z</time></trkpt>
      <trkpt lat="57.5368050" lon="-5.7147523"><ele>76.7</ele><time>2026-09-12T11:16:10.000Z</time></trkpt>
      <trkpt lat="57.5366371" lon="-5.7145354"><ele>78.1</ele><time>2026-09-12T11:16:11.000Z</time></trkpt>
      <trkpt lat="57.5365699" lon="-5.7143689"><ele>71.3</ele><time>2026-09-12T11:16:12.000Z</time></trkpt>
      <trkpt lat="57.5364784" lon="-5.7141463"><ele>64.2</ele><time>2026-09-12T11:16:13.000Z</time></trkpt>
      <trkpt lat="57.5363184" lon="-5.7139251"><ele>61.6</ele><time>2026-09-12T11:16:14.000Z</time></trkpt>
      <trkpt lat="57.5361590" lon="-5.7136864"><ele>57.0</ele><time>2026-09-12T11:16:15.000Z</time></trkpt>
      <trkpt lat="57.5360208" lon="-5.7134451"><ele>49.4</ele><time>2026-09-12T11:16:16.000Z</time></trkpt>
      <trkpt lat="57.5359486" lon="-5.7132324"><ele>47.1</ele><time>2026-09-12T11:16:17.000Z</time></trkpt>
      <trkpt lat="57.5359575" lon="-5.7129526"><ele>50.5</ele><time>2026-09-12T11:16:18.000Z</time></trkpt>
      <trkpt lat="57.5360246" lon="-5.7127970"><ele>47.0</ele><time>2026-09-12T11:16:19.000Z</time></trkpt>
      <trkpt lat="57.5361485" lon="-5.7126055"><ele>37.2</ele><time>2026-09-12T11:16:20.000Z</time></trkpt>
      <trkpt lat="57.5363336" lon="-5.7125795"><ele>37.9</ele><time>2026-09-12T11:16:21.000Z</time></trkpt>
      <trkpt lat="57.5365047" lon="-5.7125631"><ele>33.1</ele><time>2026-09-12T11:16:22.000Z</time></trkpt>
      <trkpt lat="57.5367195" lon="-5.7124181"><ele>29.1</ele><time>2026-09-12T11:16:23.000Z</time></trkpt>
      <trkpt lat="57.5368887" lon="-5.7122695"><ele>31.3</ele><time>2026-09-12T11:16:24.000Z</time></trkpt>
      <trkpt lat="57.5371371" lon="-5.7122365"><ele>31.9</ele><time>2026-09-12T11:16:25.000Z</time></trkpt>
      <trkpt lat="57.5373863" lon="-5.7122097"><ele>26.5</ele><time>2026-09-12T11:16:26.000Z</time></trkpt>
      <trkpt lat="57.5375685" lon="-5.7122587"><ele>27.0</ele><time>2026-09-12T11:16:27.000Z</time></trkpt>
      <trkpt lat="57.5377846" lon="-5.7122033"><ele>18.3</ele><time>2026-09-12T11:16:28.000Z</time></trkpt>
      <trkpt lat="57.5379854" lon="-5.7120877"><ele>26.3</ele><time>2026-09-12T11:16:29.000Z</time></trkpt>
      <trkpt lat="57.5381532" lon="-5.7118722"><ele>27.7</ele><time>2026-09-12T11:16:30.000Z</time></trkpt>
      <trkpt lat="57.5383088" lon="-5.7117569"><ele>32.1</ele><time>2026-09-12T11:16:31.000Z</time></trkpt>
      <trkpt lat="57.5385147" lon="-5.7115081"><ele>24.5</ele><time>2026-09-12T11:16:32.000Z</time></trkpt>
      <trkpt lat="57.5386536" lon="-5.7113260"><ele>30.9</ele><time>2026-09-12T11:16:33.000Z</time></trkpt>
      <trkpt lat="57.5388527" lon="-5.7112332"><ele>36.4</ele><time>2026-09-12T11:16:34.000Z</time></trkpt>
      <trkpt lat="57.5389940" lon="-5.7110308"><ele>43.3</ele><time>2026-09-12T11:16:35.000Z</time></trkpt>
      <trkpt lat="57.5392510" lon="-5.7109464"><ele>39.0</ele><time>2026-09-12T11:16:36.000Z</time></trkpt>
      <trkpt lat="57.5393700" lon="-5.7108502"><ele>36.7</ele><time>2026-09-12T11:16:37.000Z</time></trkpt>
      <trkpt lat="57.5395340" lon="-5.7106415"><ele>33.4</ele><time>2026-09-12T11:16:38.000Z</time></trkpt>
      <trkpt lat="57.5396956" lon="-5.7105533"><ele>35.8</ele><time>2026-09-12T11:16:39.000Z</time></trkpt>
      <trkpt lat="57.5398551" lon="-5.7104565"><ele>37.4</ele><time>2026-09-12T11:16:40.000Z</time></trkpt>
      <trkpt lat="57.5399367" lon="-5.7103175"><ele>39.7</ele><time>2026-09-12T11:16:41.000Z</time></trkpt>
      <trkpt lat="57.5400174" lon="-5.7101734"><ele>46.7</ele><time>2026-09-12T11:16:42.000Z</time></trkpt>
      <trkpt lat="57.5400241" lon="-5.7099403"><ele>36.5</ele><time>2026-09-12T11:16:43.000Z</time></trkpt>
      <trkpt lat="57.5399729" lon="-5.7097596"><ele>38.7</ele><time>2026-09-12T11:16:44.000Z</time></trkpt>
      <trkpt lat="57.5398733" lon="-5.7095051"><ele>39.3</ele><time>2026-09-12T11:16:45.000Z</time></trkpt>
      <trkpt lat="57.5398125" lon="-5.7092573"><ele>46.1</ele><time>2026-09-12T11:16:46.000Z</time></trkpt>
      <trkpt lat="57.5397221" lon="-5.7089135"><ele>47.7</ele><time>2026-09-12T11:16:47.000Z</time></trkpt>
      <trkpt lat="57.5396705" lon="-5.7085716"><ele>45.9</ele><time>2026-09-12T11:16:48.000Z</time></trkpt>
      <trkpt lat="57.5395641" lon="-5.7084162"><ele>40.5</ele><time>2026-09-12T11:16:49.000Z</time></trkpt>
      <trkpt lat="57.5395094" lon="-5.7082208"><ele>35.3</ele><time>2026-09-12T11:16:50.000Z</time></trkpt>
      <trkpt lat="57.5395076" lon="-5.7079238"><ele>48.2</ele><time>2026-09-12T11:16:51.000Z</time></trkpt>
      <trkpt lat="57.5394335" lon="-5.7077113"><ele>51.3</ele><time>2026-09-12T11:16:52.000Z</time></trkpt>
      <trkpt lat="57.5393441" lon="-5.7074748"><ele>53.0</ele><time>2026-09-12T11:16:53.000Z</time></trkpt>
      <trkpt lat="57.5391864" lon="-5.7072483"><ele>59.9</ele><time>2026-09-12T11:16:54.000Z</time></trkpt>
      <trkpt lat="57.5390505" lon="-5.7071419"><ele>64.6</ele><time>2026-09-12T11:16:55.000Z</time></trkpt>
      <trkpt lat="57.5388545" lon="-5.7068283"><ele>58.6</ele><time>2026-09-12T11:16:56.000Z</time></trkpt>
      <trkpt lat="57.5387440" lon="-5.7067105"><ele>63.2</ele><time>2026-09-12T11:16:57.000Z</time></trkpt>
      <trkpt lat="57.5385682" lon="-5.7064567"><ele>61.0</ele><time>2026-09-12T11:16:58.000Z</time></trkpt>
      <trkpt lat="57.5383825" lon="-5.7063699"><ele>61.0</ele><time>2026-09-12T11:16:59.000Z</time></trkpt>
      <trkpt lat="57.5382245" lon="-5.7060957"><ele>61.1</ele><time>2026-09-12T11:17:00.000Z</time></trkpt>
      <trkpt lat="57.5380376" lon="-5.7058535"><ele>58.9</ele><time>2026-09-12T11:17:01.000Z</time></trkpt>
      <trkpt lat="57.5378579" lon="-5.7056325"><ele>64.5</ele><time>2026-09-12T11:17:02.000Z</time></trkpt>
      <trkpt lat="57.5376801" lon="-5.7054038"><ele>64.4</ele><time>2026-09-12T11:17:03.000Z</time></trkpt>
      <trkpt lat="57.5375024" lon="-5.7053063"><ele>71.8</ele><time>2026-09-12T11:17:04.000Z</time></trkpt>
      <trkpt lat="57.5373474" lon="-5.7050725"><ele>71.9</ele><time>2026-09-12T11:17:05.000Z</time></trkpt>
      <trkpt lat="57.5372057" lon="-5.7047230"><ele>74.0</ele><time>2026-09-12T11:17:06.000Z</time></trkpt>
      <trkpt lat="57.5370578" lon="-5.7046225"><ele>68.8</ele><time>2026-09-12T11:17:07.000Z</time></trkpt>
      <trkpt lat="57.5369166" lon="-5.7044041"><ele>64.5</ele><time>2026-09-12T11:17:08.000Z</time></trkpt>
      <trkpt lat="57.5368418" lon="-5.7041360"><ele>61.1</ele><time>2026-09-12T11:17:09.000Z</time></trkpt>
      <trkpt lat="57.5367563" lon="-5.7039002"><ele>60.6</ele><time>2026-09-12T11:17:10.000Z</time></trkpt>
      <trkpt lat="57.5366921" lon="-5.7036622"><ele>60.8</ele><time>2026-09-12T11:17:11.000Z</time></trkpt>
      <trkpt lat="57.5366485" lon="-5.7034203"><ele>59.0</ele><time>2026-09-12T11:17:12.000Z</time></trkpt>
      <trkpt lat="57.5365487" lon="-5.7031488"><ele>50.5</ele><time>2026-09-12T11:17:13.000Z</time></trkpt>
      <trkpt lat="57.5364174" lon="-5.7028989"><ele>47.6</ele><time>2026-09-12T11:17:14.000Z</time></trkpt>
      <trkpt lat="57.5363948" lon="-5.7026806"><ele>38.3</ele><time>2026-09-12T11:17:15.000Z</time></trkpt>
      <trkpt lat="57.5362832" lon="-5.7023716"><ele>41.4</ele><time>2026-09-12T11:17:16.000Z</time></trkpt>
      <trkpt lat="57.5361467" lon="-5.7021832"><ele>41.4</ele><time>2026-09-12T11:17:17.000Z</time></trkpt>
      <trkpt lat="57.5360509" lon="-5.7019233"><ele>36.8</ele><time>2026-09-12T11:17:18.000Z</time></trkpt>
      <trkpt lat="57.5359351" lon="-5.7017542"><ele>39.7</ele><time>2026-09-12T11:17:19.000Z</time></trkpt>
      <trkpt lat="57.5358268" lon="-5.7015500"><ele>35.8</ele><time>2026-09-12T11:17:20.000Z</time></trkpt>
      <trkpt lat="57.5357609" lon="-5.7013688"><ele>33.7</ele><time>2026-09-12T11:17:21.000Z</time></trkpt>
      <trkpt lat="57.5356817" lon="-5.7012165"><ele>39.5</ele><time>2026-09-12T11:17:22.000Z</time></trkpt>
      <trkpt lat="57.5355204" lon="-5.7010187"><ele>42.5</ele><time>2026-09-12T11:17:23.000Z</time></trkpt>
      <trkpt lat="57.5353848" lon="-5.7009409"><ele>40.7</ele><time>2026-09-12T11:17:24.000Z</time></trkpt>
      <trkpt lat="57.5352634" lon="-5.7008200"><ele>36.3</ele><time>2026-09-12T11:17:25.000Z</time></trkpt>
      <trkpt lat="57.5350701" lon="-5.7007107"><ele>34.6</ele><time>2026-09-12T11:17:26.000Z</time></trkpt>
      <trkpt lat="57.5349416" lon="-5.7007357"><ele>28.6</ele><time>2026-09-12T11:17:27.000Z</time></trkpt>
      <trkpt lat="57.5347543" lon="-5.7006306"><ele>26.8</ele><time>2026-09-12T11:17:28.000Z</time></trkpt>
      <trkpt lat="57.5345608" lon="-5.7007061"><ele>28.1</ele><time>2026-09-12T11:17:29.000Z</time></trkpt>
      <trkpt lat="57.5344051" lon="-5.7008490"><ele>31.9</ele><time>2026-09-12T11:17:30.000Z</time></trkpt>
      <trkpt lat="57.5343294" lon="-5.7009976"><ele>25.2</ele><time>2026-09-12T11:17:31.000Z</time></trkpt>
      <trkpt lat="57.5341499" lon="-5.7010939"><ele>34.2</ele><time>2026-09-12T11:17:32.000Z</time></trkpt>
      <trkpt lat="57.5339634" lon="-5.7011983"><ele>43.1</ele><time>2026-09-12T11:17:33.000Z</time></trkpt>
      <trkpt lat="57.5337778" lon="-5.7012891"><ele>36.5</ele><time>2026-09-12T11:17:34.000Z</time></trkpt>
      <trkpt lat="57.5335912" lon="-5.7012662"><ele>39.8</ele><time>2026-09-12T11:17:35.000Z</time></trkpt>
      <trkpt lat="57.5333710" lon="-5.7012166"><ele>48.1</ele><time>2026-09-12T11:17:36.000Z</time></trkpt>
      <trkpt lat="57.5331312" lon="-5.7011015"><ele>54.8</ele><time>2026-09-12T11:17:37.000Z</time></trkpt>
      <trkpt lat="57.5329253" lon="-5.7010286"><ele>48.1</ele><time>2026-09-12T11:17:38.000Z</time></trkpt>
      <trkpt lat="57.5327935" lon="-5.7008076"><ele>46.3</ele><time>2026-09-12T11:17:39.000Z</time></trkpt>
      <trkpt lat="57.5326125" lon="-5.7008182"><ele>49.7</ele><time>2026-09-12T11:17:40.000Z</time></trkpt>
      <trkpt lat="57.5323912" lon="-5.7007809"><ele>54.0</ele><time>2026-09-12T11:17:41.000Z</time></trkpt>
      <trkpt lat="57.5321606" lon="-5.7005439"><ele>56.3</ele><time>2026-09-12T11:17:42.000Z</time></trkpt>
      <trkpt lat="57.5319923" lon="-5.7002560"><ele>57.0</ele><time>2026-09-12T11:17:43.000Z</time></trkpt>
      <trkpt lat="57.5318481" lon="-5.7000638"><ele>52.0</ele><time>2026-09-12T11:17:44.000Z</time></trkpt>
      <trkpt lat="57.5317139" lon="-5.6998236"><ele>60.3</ele><time>2026-09-12T11:17:45.000Z</time></trkpt>
      <trkpt lat="57.5314836" lon="-5.6995902"><ele>55.1</ele><time>2026-09-12T11:17:46.000Z</time></trkpt>
      <trkpt lat="57.5313682" lon="-5.6993488"><ele>46.3</ele><time>2026-09-12T11:17:47.000Z</time></trkpt>
      <trkpt lat="57.5310942" lon="-5.6992686"><ele>49.7</ele><time>2026-09-12T11:17:48.000Z</time></trkpt>
      <trkpt lat="57.5309058" lon="-5.6991459"><ele>52.7</ele><time>2026-09-12T11:17:49.000Z</time></trkpt>
      <trkpt lat="57.5307864" lon="-5.6989797"><ele>50.1</ele><time>2026-09-12T11:17:50.000Z</time></trkpt>
      <trkpt lat="57.5305463" lon="-5.6987851"><ele>46.1</ele><time>2026-09-12T11:17:51.000Z</time></trkpt>
      <trkpt lat="57.5304123" lon="-5.6985781"><ele>55.2</ele><time>2026-09-12T11:17:52.000Z</time></trkpt>
      <trkpt lat="57.5302622" lon="-5.6984612"><ele>57.4</ele><time>2026-09-12T11:17:53.000Z</time></trkpt>
      <trkpt lat="57.5301003" lon="-5.6983130"><ele>59.6</ele><time>2026-09-12T11:17:54.000Z</time></trkpt>
      <trkpt lat="57.5299931" lon="-5.6982249"><ele>61.1</ele><time>2026-09-12T11:17:55.000Z</time></trkpt>
      <trkpt lat="57.5298445" lon="-5.6983123"><ele>63.9</ele><time>2026-09-12T11:17:56.000Z</time></trkpt>
      <trkpt lat="57.5297675" lon="-5.6982196"><ele>56.7</ele><time>2026-09-12T11:17:57.000Z</time></trkpt>
      <trkpt lat="57.5296845" lon="-5.6980095"><ele>50.8</ele><time>2026-09-12T11:17:58.000Z</time></trkpt>
      <trkpt lat="57.5296271" lon="-5.6977893"><ele>50.5</ele><time>2026-09-12T11:17:59.000Z</time></trkpt>
      <trkpt lat="57.5296074" lon="-5.6976830"><ele>48.4</ele><time>2026-09-12T11:18:00.000Z</time></trkpt>
      <trkpt lat="57.5296611" lon="-5.6974135"><ele>37.5</ele><time>2026-09-12T11:18:01.000Z</time></trkpt>
      <trkpt lat="57.5297146" lon="-5.6971766"><ele>39.4</ele><time>2026-09-12T11:18:02.000Z</time></trkpt>
      <trkpt lat="57.5298345" lon="-5.6970966"><ele>35.8</ele><time>2026-09-12T11:18:03.000Z</time></trkpt>
      <trkpt lat="57.5299297" lon="-5.6968169"><ele>23.2</ele><time>2026-09-12T11:18:04.000Z</time></trkpt>
      <trkpt lat="57.5299549" lon="-5.6966927"><ele>21.9</ele><time>2026-09-12T11:18:05.000Z</time></trkpt>
      <trkpt lat="57.5301127" lon="-5.6965491"><ele>28.9</ele><time>2026-09-12T11:18:06.000Z</time></trkpt>
      <trkpt lat="57.5301090" lon="-5.6965019"><ele>23.3</ele><time>2026-09-12T11:18:07.000Z</time></trkpt>
      <trkpt lat="57.5300899" lon="-5.6961488"><ele>19.3</ele><time>2026-09-12T11:18:08.000Z</time></trkpt>
      <trkpt lat="57.5300845" lon="-5.6959609"><ele>19.7</ele><time>2026-09-12T11:18:09.000Z</time></trkpt>
      <trkpt lat="57.5300416" lon="-5.6956882"><ele>20.2</ele><time>2026-09-12T11:18:10.000Z</time></trkpt>
      <trkpt lat="57.5299888" lon="-5.6954368"><ele>20.0</ele><time>2026-09-12T11:18:11.000Z</time></trkpt>
      <trkpt lat="57.5299358" lon="-5.6951665"><ele>20.8</ele><time>2026-09-12T11:18:12.000Z</time></trkpt>
      <trkpt lat="57.5298902" lon="-5.6949732"><ele>24.2</ele><time>2026-09-12T11:18:13.000Z</time></trkpt>
      <trkpt lat="57.5298828" lon="-5.6947083"><ele>21.1</ele><time>2026-09-12T11:18:14.000Z</time></trkpt>
      <trkpt lat="57.5298344" lon="-5.6943894"><ele>26.2</ele><time>2026-09-12T11:18:15.000Z</time></trkpt>
      <trkpt lat="57.5298414" lon="-5.6940810"><ele>30.2</ele><time>2026-09-12T11:18:16.000Z</time></trkpt>
      <trkpt lat="57.5298330" lon="-5.6938194"><ele>23.9</ele><time>2026-09-12T11:18:17.000Z</time></trkpt>
      <trkpt lat="57.5298678" lon="-5.6934903"><ele>30.0</ele><time>2026-09-12T11:18:18.000Z</time></trkpt>
      <trkpt lat="57.5297654" lon="-5.6931529"><ele>37.0</ele><time>2026-09-12T11:18:19.000Z</time></trkpt>
      <trkpt lat="57.5297371" lon="-5.6929281"><ele>35.2</ele><time>2026-09-12T11:18:20.000Z</time></trkpt>
      <trkpt lat="57.5296040" lon="-5.6926443"><ele>31.7</ele><time>2026-09-12T11:18:21.000Z</time></trkpt>
      <trkpt lat="57.5295210" lon="-5.6924021"><ele>37.1</ele><time>2026-09-12T11:18:22.000Z</time></trkpt>
      <trkpt lat="57.5293790" lon="-5.6919840"><ele>44.0</ele><time>2026-09-12T11:18:23.000Z</time></trkpt>
      <trkpt lat="57.5292364" lon="-5.6918406"><ele>41.9</ele><time>2026-09-12T11:18:24.000Z</time></trkpt>
      <trkpt lat="57.5290831" lon="-5.6916257"><ele>44.3</ele><time>2026-09-12T11:18:25.000Z</time></trkpt>
      <trkpt lat="57.5289564" lon="-5.6915359"><ele>42.8</ele><time>2026-09-12T11:18:26.000Z</time></trkpt>
      <trkpt lat="57.5287946" lon="-5.6913991"><ele>47.6</ele><time>2026-09-12T11:18:27.000Z</time></trkpt>
      <trkpt lat="57.5286944" lon="-5.6913639"><ele>46.4</ele><time>2026-09-12T11:18:28.000Z</time></trkpt>
      <trkpt lat="57.5285260" lon="-5.6913498"><ele>50.1</ele><time>2026-09-12T11:18:29.000Z</time></trkpt>
      <trkpt lat="57.5284140" lon="-5.6913575"><ele>45.2</ele><time>2026-09-12T11:18:30.000Z</time></trkpt>
      <trkpt lat="57.5282946" lon="-5.6912182"><ele>48.7</ele><time>2026-09-12T11:18:31.000Z</time></trkpt>
      <trkpt lat="57.5281725" lon="-5.6912394"><ele>61.9</ele><time>2026-09-12T11:18:32.000Z</time></trkpt>
      <trkpt lat="57.5281160" lon="-5.6912041"><ele>64.4</ele><time>2026-09-12T11:18:33.000Z</time></trkpt>
      <trkpt lat="57.5279099" lon="-5.6912585"><ele>67.2</ele><time>2026-09-12T11:18:34.000Z</time></trkpt>
      <trkpt lat="57.5277589" lon="-5.6912560"><ele>69.3</ele><time>2026-09-12T11:18:35.000Z</time></trkpt>
      <trkpt lat="57.5276837" lon="-5.6912942"><ele>77.6</ele><time>2026-09-12T11:18:36.000Z</time></trkpt>
      <trkpt lat="57.5275786" lon="-5.6913947"><ele>78.4</ele><time>2026-09-12T11:18:37.000Z</time></trkpt>
      <trkpt lat="57.5274677" lon="-5.6913667"><ele>88.2</ele><time>2026-09-12T11:18:38.000Z</time></trkpt>
      <trkpt lat="57.5273822" lon="-5.6915295"><ele>84.8</ele><time>2026-09-12T11:18:39.000Z</time></trkpt>
      <trkpt lat="57.5272254" lon="-5.6915032"><ele>83.3</ele><time>2026-09-12T11:18:40.000Z</time></trkpt>
      <trkpt lat="57.5271017" lon="-5.6915750"><ele>79.5</ele><time>2026-09-12T11:18:41.000Z</time></trkpt>
      <trkpt lat="57.5269527" lon="-5.6916092"><ele>82.5</ele><time>2026-09-12T11:18:42.000Z</time></trkpt>
      <trkpt lat="57.5268135" lon="-5.6915510"><ele>84.3</ele><time>2026-09-12T11:18:43.000Z</time></trkpt>
      <trkpt lat="57.5267107" lon="-5.6914196"><ele>88.6</ele><time>2026-09-12T11:18:44.000Z</time></trkpt>
      <trkpt lat="57.5267089" lon="-5.6912318"><ele>87.0</ele><time>2026-09-12T11:18:45.000Z</time></trkpt>
      <trkpt lat="57.5267182" lon="-5.6911749"><ele>86.6</ele><time>2026-09-12T11:18:46.000Z</time></trkpt>
      <trkpt lat="57.5267900" lon="-5.6909416"><ele>86.9</ele><time>2026-09-12T11:18:47.000Z</time></trkpt>
      <trkpt lat="57.5268287" lon="-5.6906222"><ele>75.9</ele><time>2026-09-12T11:18:48.000Z</time></trkpt>
      <trkpt lat="57.5268849" lon="-5.6905606"><ele>70.4</ele><time>2026-09-12T11:18:49.000Z</time></trkpt>
      <trkpt lat="57.5269234" lon="-5.6904533"><ele>66.6</ele><time>2026-09-12T11:18:50.000Z</time></trkpt>
      <trkpt lat="57.5270230" lon="-5.6902427"><ele>67.1</ele><time>2026-09-12T11:18:51.000Z</time></trkpt>
      <trkpt lat="57.5270223" lon="-5.6901129"><ele>67.5</ele><time>2026-09-12T11:18:52.000Z</time></trkpt>
      <trkpt lat="57.5270551" lon="-5.6897921"><ele>61.1</ele><time>2026-09-12T11:18:53.000Z</time></trkpt>
      <trkpt lat="57.5271082" lon="-5.6895583"><ele>53.6</ele><time>2026-09-12T11:18:54.000Z</time></trkpt>
      <trkpt lat="57.5271068" lon="-5.6894494"><ele>49.3</ele><time>2026-09-12T11:18:55.000Z</time></trkpt>
      <trkpt lat="57.5270364" lon="-5.6891994"><ele>53.0</ele><time>2026-09-12T11:18:56.000Z</time></trkpt>
      <trkpt lat="57.5269397" lon="-5.6892108"><ele>53.8</ele><time>2026-09-12T11:18:57.000Z</time></trkpt>
      <trkpt lat="57.5268036" lon="-5.6892435"><ele>52.2</ele><time>2026-09-12T11:18:58.000Z</time></trkpt>
      <trkpt lat="57.5266668" lon="-5.6891880"><ele>55.3</ele><time>2026-09-12T11:18:59.000Z</time></trkpt>
      <trkpt lat="57.5265358" lon="-5.6890591"><ele>64.7</ele><time>2026-09-12T11:19:00.000Z</time></trkpt>
      <trkpt lat="57.5264023" lon="-5.6889871"><ele>57.9</ele><time>2026-09-12T11:19:01.000Z</time></trkpt>
      <trkpt lat="57.5263120" lon="-5.6887991"><ele>60.0</ele><time>2026-09-12T11:19:02.000Z</time></trkpt>
      <trkpt lat="57.5262037" lon="-5.6885108"><ele>67.5</ele><time>2026-09-12T11:19:03.000Z</time></trkpt>
      <trkpt lat="57.5261739" lon="-5.6882018"><ele>67.7</ele><time>2026-09-12T11:19:04.000Z</time></trkpt>
      <trkpt lat="57.5261696" lon="-5.6880118"><ele>59.0</ele><time>2026-09-12T11:19:05.000Z</time></trkpt>
      <trkpt lat="57.5260969" lon="-5.6876159"><ele>52.3</ele><time>2026-09-12T11:19:06.000Z</time></trkpt>
      <trkpt lat="57.5260279" lon="-5.6873592"><ele>49.1</ele><time>2026-09-12T11:19:07.000Z</time></trkpt>
      <trkpt lat="57.5259264" lon="-5.6870265"><ele>45.5</ele><time>2026-09-12T11:19:08.000Z</time></trkpt>
      <trkpt lat="57.5258184" lon="-5.6867218"><ele>41.8</ele><time>2026-09-12T11:19:09.000Z</time></trkpt>
      <trkpt lat="57.5256584" lon="-5.6863963"><ele>31.5</ele><time>2026-09-12T11:19:10.000Z</time></trkpt>
      <trkpt lat="57.5255493" lon="-5.6861901"><ele>27.5</ele><time>2026-09-12T11:19:11.000Z</time></trkpt>
      <trkpt lat="57.5253631" lon="-5.6858096"><ele>23.6</ele><time>2026-09-12T11:19:12.000Z</time></trkpt>
      <trkpt lat="57.5252698" lon="-5.6856164"><ele>20.0</ele><time>2026-09-12T11:19:13.000Z</time></trkpt>
      <trkpt lat="57.5251905" lon="-5.6851294"><ele>23.8</ele><time>2026-09-12T11:19:14.000Z</time></trkpt>
      <trkpt lat="57.5251891" lon="-5.6848666"><ele>25.9</ele><time>2026-09-12T11:19:15.000Z</time></trkpt>
      <trkpt lat="57.5251784" lon="-5.6844802"><ele>24.6</ele><time>2026-09-12T11:19:16.000Z</time></trkpt>
      <trkpt lat="57.5251662" lon="-5.6841129"><ele>21.0</ele><time>2026-09-12T11:19:17.000Z</time></trkpt>
      <trkpt lat="57.5251719" lon="-5.6838367"><ele>16.5</ele><time>2026-09-12T11:19:18.000Z</time></trkpt>
      <trkpt lat="57.5251635" lon="-5.6834122"><ele>17.3</ele><time>2026-09-12T11:19:19.000Z</time></trkpt>
      <trkpt lat="57.5250813" lon="-5.6829894"><ele>20.7</ele><time>2026-09-12T11:19:20.000Z</time></trkpt>
      <trkpt lat="57.5250368" lon="-5.6826126"><ele>17.1</ele><time>2026-09-12T11:19:21.000Z</time></trkpt>
      <trkpt lat="57.5249422" lon="-5.6821765"><ele>10.5</ele><time>2026-09-12T11:19:22.000Z</time></trkpt>
      <trkpt lat="57.5248728" lon="-5.6818713"><ele>16.0</ele><time>2026-09-12T11:19:23.000Z</time></trkpt>
      <trkpt lat="57.5247965" lon="-5.6814527"><ele>22.9</ele><time>2026-09-12T11:19:24.000Z</time></trkpt>
      <trkpt lat="57.5247429" lon="-5.6810787"><ele>23.2</ele><time>2026-09-12T11:19:25.000Z</time></trkpt>
      <trkpt lat="57.5246568" lon="-5.6805420"><ele>16.3</ele><time>2026-09-12T11:19:26.000Z</time></trkpt>
      <trkpt lat="57.5245113" lon="-5.6803258"><ele>17.6</ele><time>2026-09-12T11:19:27.000Z</time></trkpt>
      <trkpt lat="57.5243432" lon="-5.6801811"><ele>17.0</ele><time>2026-09-12T11:19:28.000Z</time></trkpt>
      <trkpt lat="57.5241726" lon="-5.6800826"><ele>20.4</ele><time>2026-09-12T11:19:29.000Z</time></trkpt>
      <trkpt lat="57.5239975" lon="-5.6799553"><ele>22.8</ele><time>2026-09-12T11:19:30.000Z</time></trkpt>
      <trkpt lat="57.5238338" lon="-5.6796541"><ele>20.4</ele><time>2026-09-12T11:19:31.000Z</time></trkpt>
      <trkpt lat="57.5236753" lon="-5.6793780"><ele>19.2</ele><time>2026-09-12T11:19:32.000Z</time></trkpt>
      <trkpt lat="57.5235119" lon="-5.6790300"><ele>13.7</ele><time>2026-09-12T11:19:33.000Z</time></trkpt>
      <trkpt lat="57.5233606" lon="-5.6786892"><ele>12.6</ele><time>2026-09-12T11:19:34.000Z</time></trkpt>
      <trkpt lat="57.5232395" lon="-5.6783899"><ele>6.0</ele><time>2026-09-12T11:19:35.000Z</time></trkpt>
      <trkpt lat="57.5231175" lon="-5.6781752"><ele>2.2</ele><time>2026-09-12T11:19:36.000Z</time></trkpt>
      <trkpt lat="57.5229504" lon="-5.6778592"><ele>-1.9</ele><time>2026-09-12T11:19:37.000Z</time></trkpt>
      <trkpt lat="57.5227690" lon="-5.6776507"><ele>-2.3</ele><time>2026-09-12T11:19:38.000Z</time></trkpt>
      <trkpt lat="57.5226555" lon="-5.6773419"><ele>-2.2</ele><time>2026-09-12T11:19:39.000Z</time></trkpt>
      <trkpt lat="57.5225276" lon="-5.6769055"><ele>4.2</ele><time>2026-09-12T11:19:40.000Z</time></trkpt>
      <trkpt lat="57.5223571" lon="-5.6765712"><ele>7.4</ele><time>2026-09-12T11:19:41.000Z</time></trkpt>
      <trkpt lat="57.5222205" lon="-5.6762226"><ele>13.2</ele><time>2026-09-12T11:19:42.000Z</time></trkpt>
      <trkpt lat="57.5221815" lon="-5.6758542"><ele>15.7</ele><time>2026-09-12T11:19:43.000Z</time></trkpt>
      <trkpt lat="57.5219962" lon="-5.6756141"><ele>11.0</ele><time>2026-09-12T11:19:44.000Z</time></trkpt>
      <trkpt lat="57.5218589" lon="-5.6751871"><ele>12.6</ele><time>2026-09-12T11:19:45.000Z</time></trkpt>
      <trkpt lat="57.5217863" lon="-5.6747877"><ele>22.4</ele><time>2026-09-12T11:19:46.000Z</time></trkpt>
      <trkpt lat="57.5216543" lon="-5.6743283"><ele>31.1</ele><time>2026-09-12T11:19:47.000Z</time></trkpt>
      <trkpt lat="57.5214745" lon="-5.6741572"><ele>37.5</ele><time>2026-09-12T11:19:48.000Z</time></trkpt>
      <trkpt lat="57.5213467" lon="-5.6737683"><ele>43.6</ele><time>2026-09-12T11:19:49.000Z</time></trkpt>
      <trkpt lat="57.5212197" lon="-5.6734553"><ele>40.7</ele><time>2026-09-12T11:19:50.000Z</time></trkpt>
      <trkpt lat="57.5211069" lon="-5.6731777"><ele>40.6</ele><time>2026-09-12T11:19:51.000Z</time></trkpt>
      <trkpt lat="57.5208892" lon="-5.6728370"><ele>48.3</ele><time>2026-09-12T11:19:52.000Z</time></trkpt>
      <trkpt lat="57.5207668" lon="-5.6725007"><ele>42.1</ele><time>2026-09-12T11:19:53.000Z</time></trkpt>
      <trkpt lat="57.5205917" lon="-5.6722519"><ele>39.6</ele><time>2026-09-12T11:19:54.000Z</time></trkpt>
      <trkpt lat="57.5204811" lon="-5.6719445"><ele>49.3</ele><time>2026-09-12T11:19:55.000Z</time></trkpt>
      <trkpt lat="57.5203639" lon="-5.6716999"><ele>46.2</ele><time>2026-09-12T11:19:56.000Z</time></trkpt>
      <trkpt lat="57.5202499" lon="-5.6715190"><ele>49.7</ele><time>2026-09-12T11:19:57.000Z</time></trkpt>
      <trkpt lat="57.5201233" lon="-5.6712856"><ele>58.8</ele><time>2026-09-12T11:19:58.000Z</time></trkpt>
      <trkpt lat="57.5200152" lon="-5.6711437"><ele>68.0</ele><time>2026-09-12T11:19:59.000Z</time></trkpt>
      <trkpt lat="57.5198602" lon="-5.6712359"><ele>69.4</ele><time>2026-09-12T11:20:00.000Z</time></trkpt>
      <trkpt lat="57.5196842" lon="-5.6711260"><ele>74.1</ele><time>2026-09-12T11:20:01.000Z</time></trkpt>
      <trkpt lat="57.5195576" lon="-5.6711035"><ele>68.3</ele><time>2026-09-12T11:20:02.000Z</time></trkpt>
      <trkpt lat="57.5193481" lon="-5.6710945"><ele>69.5</ele><time>2026-09-12T11:20:03.000Z</time></trkpt>
      <trkpt lat="57.5191183" lon="-5.6711109"><ele>80.8</ele><time>2026-09-12T11:20:04.000Z</time></trkpt>
      <trkpt lat="57.5189212" lon="-5.6710917"><ele>83.5</ele><time>2026-09-12T11:20:05.000Z</time></trkpt>
      <trkpt lat="57.5186924" lon="-5.6710733"><ele>74.4</ele><time>2026-09-12T11:20:06.000Z</time></trkpt>
      <trkpt lat="57.5184670" lon="-5.6711051"><ele>71.7</ele><time>2026-09-12T11:20:07.000Z</time></trkpt>
      <trkpt lat="57.5182547" lon="-5.6708725"><ele>74.8</ele><time>2026-09-12T11:20:08.000Z</time></trkpt>
      <trkpt lat="57.5180794" lon="-5.6707336"><ele>73.7</ele><time>2026-09-12T11:20:09.000Z</time></trkpt>
      <trkpt lat="57.5179320" lon="-5.6706046"><ele>76.0</ele><time>2026-09-12T11:20:10.000Z</time></trkpt>
      <trkpt lat="57.5177806" lon="-5.6704042"><ele>78.9</ele><time>2026-09-12T11:20:11.000Z</time></trkpt>
      <trkpt lat="57.5175287" lon="-5.6702644"><ele>76.9</ele><time>2026-09-12T11:20:12.000Z</time></trkpt>
      <trkpt lat="57.5174524" lon="-5.6701665"><ele>75.8</ele><time>2026-09-12T11:20:13.000Z</time></trkpt>
      <trkpt lat="57.5173055" lon="-5.6700847"><ele>73.6</ele><time>2026-09-12T11:20:14.000Z</time></trkpt>
      <trkpt lat="57.5171463" lon="-5.6700563"><ele>78.9</ele><time>2026-09-12T11:20:15.000Z</time></trkpt>
      <trkpt lat="57.5170647" lon="-5.6699558"><ele>81.5</ele><time>2026-09-12T11:20:16.000Z</time></trkpt>
      <trkpt lat="57.5168986" lon="-5.6698291"><ele>82.5</ele><time>2026-09-12T11:20:17.000Z</time></trkpt>
      <trkpt lat="57.5167921" lon="-5.6697416"><ele>75.4</ele><time>2026-09-12T11:20:18.000Z</time></trkpt>
      <trkpt lat="57.5165836" lon="-5.6696689"><ele>79.2</ele><time>2026-09-12T11:20:19.000Z</time></trkpt>
      <trkpt lat="57.5165191" lon="-5.6694975"><ele>77.0</ele><time>2026-09-12T11:20:20.000Z</time></trkpt>
      <trkpt lat="57.5163395" lon="-5.6694331"><ele>79.4</ele><time>2026-09-12T11:20:21.000Z</time></trkpt>
      <trkpt lat="57.5162124" lon="-5.6692341"><ele>74.6</ele><time>2026-09-12T11:20:22.000Z</time></trkpt>
      <trkpt lat="57.5161849" lon="-5.6691058"><ele>71.0</ele><time>2026-09-12T11:20:23.000Z</time></trkpt>
      <trkpt lat="57.5160664" lon="-5.6688157"><ele>65.9</ele><time>2026-09-12T11:20:24.000Z</time></trkpt>
      <trkpt lat="57.5159825" lon="-5.6686456"><ele>65.0</ele><time>2026-09-12T11:20:25.000Z</time></trkpt>
      <trkpt lat="57.5159104" lon="-5.6685144"><ele>63.4</ele><time>2026-09-12T11:20:26.000Z</time></trkpt>
      <trkpt lat="57.5158582" lon="-5.6682440"><ele>59.8</ele><time>2026-09-12T11:20:27.000Z</time></trkpt>
      <trkpt lat="57.5157542" lon="-5.6679802"><ele>51.9</ele><time>2026-09-12T11:20:28.000Z</time></trkpt>
      <trkpt lat="57.5157539" lon="-5.6677267"><ele>48.7</ele><time>2026-09-12T11:20:29.000Z</time></trkpt>
      <trkpt lat="57.5156617" lon="-5.6674526"><ele>53.6</ele><time>2026-09-12T11:20:30.000Z</time></trkpt>
      <trkpt lat="57.5156230" lon="-5.6671641"><ele>54.3</ele><time>2026-09-12T11:20:31.000Z</time></trkpt>
      <trkpt lat="57.5155831" lon="-5.6669192"><ele>59.8</ele><time>2026-09-12T11:20:32.000Z</time></trkpt>
      <trkpt lat="57.5155283" lon="-5.6666685"><ele>57.5</ele><time>2026-09-12T11:20:33.000Z</time></trkpt>
      <trkpt lat="57.5153929" lon="-5.6664609"><ele>60.9</ele><time>2026-09-12T11:20:34.000Z</time></trkpt>
      <trkpt lat="57.5153039" lon="-5.6662629"><ele>63.5</ele><time>2026-09-12T11:20:35.000Z</time></trkpt>
      <trkpt lat="57.5151852" lon="-5.6660338"><ele>69.3</ele><time>2026-09-12T11:20:36.000Z</time></trkpt>
      <trkpt lat="57.5150462" lon="-5.6657917"><ele>71.4</ele><time>2026-09-12T11:20:37.000Z</time></trkpt>
      <trkpt lat="57.5148926" lon="-5.6655315"><ele>64.3</ele><time>2026-09-12T11:20:38.000Z</time></trkpt>
      <trkpt lat="57.5147800" lon="-5.6653829"><ele>61.2</ele><time>2026-09-12T11:20:39.000Z</time></trkpt>
      <trkpt lat="57.5147115" lon="-5.6650893"><ele>64.5</ele><time>2026-09-12T11:20:40.000Z</time></trkpt>
      <trkpt lat="57.5145266" lon="-5.6648441"><ele>66.3</ele><time>2026-09-12T11:20:41.000Z</time></trkpt>
      <trkpt lat="57.5144119" lon="-5.6646645"><ele>67.9</ele><time>2026-09-12T11:20:42.000Z</time></trkpt>
      <trkpt lat="57.5142691" lon="-5.6644711"><ele>63.8</ele><time>2026-09-12T11:20:43.000Z</time></trkpt>
      <trkpt lat="57.5141889" lon="-5.6642214"><ele>73.1</ele><time>2026-09-12T11:20:44.000Z</time></trkpt>
      <trkpt lat="57.5140531" lon="-5.6640691"><ele>72.1</ele><time>2026-09-12T11:20:45.000Z</time></trkpt>
      <trkpt lat="57.5139855" lon="-5.6639492"><ele>72.8</ele><time>2026-09-12T11:20:46.000Z</time></trkpt>
      <trkpt lat="57.5138408" lon="-5.6639997"><ele>70.1</ele><time>2026-09-12T11:20:47.000Z</time></trkpt>
      <trkpt lat="57.5136966" lon="-5.6639198"><ele>65.5</ele><time>2026-09-12T11:20:48.000Z</time></trkpt>
      <trkpt lat="57.5135876" lon="-5.6639688"><ele>67.6</ele><time>2026-09-12T11:20:49.000Z</time></trkpt>
      <trkpt lat="57.5134774" lon="-5.6638962"><ele>66.3</ele><time>2026-09-12T11:20:50.000Z</time></trkpt>
      <trkpt lat="57.5133667" lon="-5.6637248"><ele>59.6</ele><time>2026-09-12T11:20:51.000Z</time></trkpt>
      <trkpt lat="57.5133809" lon="-5.6635703"><ele>59.5</ele><time>2026-09-12T11:20:52.000Z</time></trkpt>
      <trkpt lat="57.5132916" lon="-5.6633542"><ele>61.6</ele><time>2026-09-12T11:20:53.000Z</time></trkpt>
      <trkpt lat="57.5133478" lon="-5.6630542"><ele>59.7</ele><time>2026-09-12T11:20:54.000Z</time></trkpt>
      <trkpt lat="57.5133174" lon="-5.6627540"><ele>60.9</ele><time>2026-09-12T11:20:55.000Z</time></trkpt>
      <trkpt lat="57.5133320" lon="-5.6624391"><ele>56.2</ele><time>2026-09-12T11:20:56.000Z</time></trkpt>
      <trkpt lat="57.5133240" lon="-5.6620632"><ele>53.4</ele><time>2026-09-12T11:20:57.000Z</time></trkpt>
      <trkpt lat="57.5133792" lon="-5.6617524"><ele>55.9</ele><time>2026-09-12T11:20:58.000Z</time></trkpt>
      <trkpt lat="57.5133661" lon="-5.6615039"><ele>62.7</ele><time>2026-09-12T11:20:59.000Z</time></trkpt>
      <trkpt lat="57.5133911" lon="-5.6610899"><ele>67.7</ele><time>2026-09-12T11:21:00.000Z</time></trkpt>
      <trkpt lat="57.5134800" lon="-5.6607459"><ele>60.0</ele><time>2026-09-12T11:21:01.000Z</time></trkpt>
      <trkpt lat="57.5134776" lon="-5.6603387"><ele>61.4</ele><time>2026-09-12T11:21:02.000Z</time></trkpt>
      <trkpt lat="57.5134735" lon="-5.6600295"><ele>55.7</ele><time>2026-09-12T11:21:03.000Z</time></trkpt>
      <trkpt lat="57.5135024" lon="-5.6596638"><ele>52.4</ele><time>2026-09-12T11:21:04.000Z</time></trkpt>
      <trkpt lat="57.5135141" lon="-5.6591830"><ele>55.0</ele><time>2026-09-12T11:21:05.000Z</time></trkpt>
      <trkpt lat="57.5135018" lon="-5.6587923"><ele>49.9</ele><time>2026-09-12T11:21:06.000Z</time></trkpt>
      <trkpt lat="57.5133768" lon="-5.6584269"><ele>44.4</ele><time>2026-09-12T11:21:07.000Z</time></trkpt>
      <trkpt lat="57.5132636" lon="-5.6581114"><ele>48.1</ele><time>2026-09-12T11:21:08.000Z</time></trkpt>
      <trkpt lat="57.5131649" lon="-5.6578212"><ele>52.2</ele><time>2026-09-12T11:21:09.000Z</time></trkpt>
      <trkpt lat="57.5130046" lon="-5.6575553"><ele>45.6</ele><time>2026-09-12T11:21:10.000Z</time></trkpt>
      <trkpt lat="57.5129014" lon="-5.6571025"><ele>37.2</ele><time>2026-09-12T11:21:11.000Z</time></trkpt>
      <trkpt lat="57.5128014" lon="-5.6568104"><ele>32.9</ele><time>2026-09-12T11:21:12.000Z</time></trkpt>
      <trkpt lat="57.5126880" lon="-5.6565858"><ele>32.5</ele><time>2026-09-12T11:21:13.000Z</time></trkpt>
      <trkpt lat="57.5125838" lon="-5.6562645"><ele>29.4</ele><time>2026-09-12T11:21:14.000Z</time></trkpt>
      <trkpt lat="57.5124022" lon="-5.6559890"><ele>30.6</ele><time>2026-09-12T11:21:15.000Z</time></trkpt>
      <trkpt lat="57.5122997" lon="-5.6558266"><ele>38.7</ele><time>2026-09-12T11:21:16.000Z</time></trkpt>
      <trkpt lat="57.5121791" lon="-5.6556003"><ele>42.3</ele><time>2026-09-12T11:21:17.000Z</time></trkpt>
      <trkpt lat="57.5120132" lon="-5.6554582"><ele>40.0</ele><time>2026-09-12T11:21:18.000Z</time></trkpt>
      <trkpt lat="57.5119066" lon="-5.6552915"><ele>48.2</ele><time>2026-09-12T11:21:19.000Z</time></trkpt>
      <trkpt lat="57.5117498" lon="-5.6550257"><ele>45.3</ele><time>2026-09-12T11:21:20.000Z</time></trkpt>
      <trkpt lat="57.5116504" lon="-5.6549449"><ele>45.3</ele><time>2026-09-12T11:21:21.000Z</time></trkpt>
      <trkpt lat="57.5114975" lon="-5.6548021"><ele>42.2</ele><time>2026-09-12T11:21:22.000Z</time></trkpt>
      <trkpt lat="57.5113598" lon="-5.6546360"><ele>35.5</ele><time>2026-09-12T11:21:23.000Z</time></trkpt>
      <trkpt lat="57.5111904" lon="-5.6544442"><ele>38.6</ele><time>2026-09-12T11:21:24.000Z</time></trkpt>
      <trkpt lat="57.5110919" lon="-5.6542737"><ele>42.9</ele><time>2026-09-12T11:21:25.000Z</time></trkpt>
      <trkpt lat="57.5110278" lon="-5.6539929"><ele>43.0</ele><time>2026-09-12T11:21:26.000Z</time></trkpt>
      <trkpt lat="57.5109821" lon="-5.6538796"><ele>43.3</ele><time>2026-09-12T11:21:27.000Z</time></trkpt>
      <trkpt lat="57.5108524" lon="-5.6536553"><ele>44.1</ele><time>2026-09-12T11:21:28.000Z</time></trkpt>
      <trkpt lat="57.5108000" lon="-5.6534934"><ele>49.4</ele><time>2026-09-12T11:21:29.000Z</time></trkpt>
      <trkpt lat="57.5106869" lon="-5.6532916"><ele>39.5</ele><time>2026-09-12T11:21:30.000Z</time></trkpt>
      <trkpt lat="57.5105836" lon="-5.6530726"><ele>29.5</ele><time>2026-09-12T11:21:31.000Z</time></trkpt>
      <trkpt lat="57.5104409" lon="-5.6528285"><ele>20.7</ele><time>2026-09-12T11:21:32.000Z</time></trkpt>
      <trkpt lat="57.5103387" lon="-5.6526648"><ele>18.4</ele><time>2026-09-12T11:21:33.000Z</time></trkpt>
      <trkpt lat="57.5102314" lon="-5.6525411"><ele>11.2</ele><time>2026-09-12T11:21:34.000Z</time></trkpt>
      <trkpt lat="57.5100437" lon="-5.6524336"><ele>9.4</ele><time>2026-09-12T11:21:35.000Z</time></trkpt>
      <trkpt lat="57.5099415" lon="-5.6521339"><ele>2.6</ele><time>2026-09-12T11:21:36.000Z</time></trkpt>
      <trkpt lat="57.5097238" lon="-5.6519005"><ele>5.5</ele><time>2026-09-12T11:21:37.000Z</time></trkpt>
      <trkpt lat="57.5096436" lon="-5.6517522"><ele>14.8</ele><time>2026-09-12T11:21:38.000Z</time></trkpt>
      <trkpt lat="57.5095376" lon="-5.6515258"><ele>15.1</ele><time>2026-09-12T11:21:39.000Z</time></trkpt>
      <trkpt lat="57.5094046" lon="-5.6512382"><ele>23.0</ele><time>2026-09-12T11:21:40.000Z</time></trkpt>
      <trkpt lat="57.5093904" lon="-5.6511024"><ele>28.4</ele><time>2026-09-12T11:21:41.000Z</time></trkpt>
      <trkpt lat="57.5092061" lon="-5.6507839"><ele>30.2</ele><time>2026-09-12T11:21:42.000Z</time></trkpt>
      <trkpt lat="57.5090686" lon="-5.6506084"><ele>35.0</ele><time>2026-09-12T11:21:43.000Z</time></trkpt>
      <trkpt lat="57.5089093" lon="-5.6505969"><ele>34.2</ele><time>2026-09-12T11:21:44.000Z</time></trkpt>
      <trkpt lat="57.5087632" lon="-5.6505106"><ele>36.0</ele><time>2026-09-12T11:21:45.000Z</time></trkpt>
      <trkpt lat="57.5086177" lon="-5.6505154"><ele>47.2</ele><time>2026-09-12T11:21:46.000Z</time></trkpt>
      <trkpt lat="57.5084917" lon="-5.6503364"><ele>60.4</ele><time>2026-09-12T11:21:47.000Z</time></trkpt>
      <trkpt lat="57.5083805" lon="-5.6502951"><ele>57.5</ele><time>2026-09-12T11:21:48.000Z</time></trkpt>
      <trkpt lat="57.5082477" lon="-5.6501447"><ele>51.9</ele><time>2026-09-12T11:21:49.000Z</time></trkpt>
      <trkpt lat="57.5082792" lon="-5.6498755"><ele>49.7</ele><time>2026-09-12T11:21:50.000Z</time></trkpt>
      <trkpt lat="57.5082546" lon="-5.6496234"><ele>41.3</ele><time>2026-09-12T11:21:51.000Z</time></trkpt>
      <trkpt lat="57.5082060" lon="-5.6494105"><ele>39.8</ele><time>2026-09-12T11:21:52.000Z</time></trkpt>
      <trkpt lat="57.5082102" lon="-5.6492424"><ele>34.1</ele><time>2026-09-12T11:21:53.000Z</time></trkpt>
      <trkpt lat="57.5081054" lon="-5.6489100"><ele>33.2</ele><time>2026-09-12T11:21:54.000Z</time></trkpt>
      <trkpt lat="57.5079758" lon="-5.6486143"><ele>19.8</ele><time>2026-09-12T11:21:55.000Z</time></trkpt>
      <trkpt lat="57.5078913" lon="-5.6483841"><ele>21.7</ele><time>2026-09-12T11:21:56.000Z</time></trkpt>
      <trkpt lat="57.5078051" lon="-5.6481917"><ele>18.0</ele><time>2026-09-12T11:21:57.000Z</time></trkpt>
      <trkpt lat="57.5078582" lon="-5.6479516"><ele>16.7</ele><time>2026-09-12T11:21:58.000Z</time></trkpt>
      <trkpt lat="57.5079246" lon="-5.6477061"><ele>15.9</ele><time>2026-09-12T11:21:59.000Z</time></trkpt>
      <trkpt lat="57.5080622" lon="-5.6476471"><ele>16.8</ele><time>2026-09-12T11:22:00.000Z</time></trkpt>
      <trkpt lat="57.5081407" lon="-5.6475807"><ele>13.5</ele><time>2026-09-12T11:22:01.000Z</time></trkpt>
      <trkpt lat="57.5083145" lon="-5.6474691"><ele>15.6</ele><time>2026-09-12T11:22:02.000Z</time></trkpt>
      <trkpt lat="57.5084737" lon="-5.6473073"><ele>19.6</ele><time>2026-09-12T11:22:03.000Z</time></trkpt>
      <trkpt lat="57.5085809" lon="-5.6470913"><ele>22.9</ele><time>2026-09-12T11:22:04.000Z</time></trkpt>
      <trkpt lat="57.5087380" lon="-5.6468923"><ele>17.8</ele><time>2026-09-12T11:22:05.000Z</time></trkpt>
      <trkpt lat="57.5088891" lon="-5.6466063"><ele>18.5</ele><time>2026-09-12T11:22:06.000Z</time></trkpt>
      <trkpt lat="57.5090479" lon="-5.6463235"><ele>12.7</ele><time>2026-09-12T11:22:07.000Z</time></trkpt>
      <trkpt lat="57.5091527" lon="-5.6459865"><ele>8.4</ele><time>2026-09-12T11:22:08.000Z</time></trkpt>
      <trkpt lat="57.5092222" lon="-5.6456594"><ele>14.7</ele><time>2026-09-12T11:22:09.000Z</time></trkpt>
      <trkpt lat="57.5093252" lon="-5.6452773"><ele>13.8</ele><time>2026-09-12T11:22:10.000Z</time></trkpt>
      <trkpt lat="57.5094143" lon="-5.6448398"><ele>15.2</ele><time>2026-09-12T11:22:11.000Z</time></trkpt>
      <trkpt lat="57.5095382" lon="-5.6446306"><ele>21.4</ele><time>2026-09-12T11:22:12.000Z</time></trkpt>
      <trkpt lat="57.5095792" lon="-5.6442505"><ele>24.7</ele><time>2026-09-12T11:22:13.000Z</time></trkpt>
      <trkpt lat="57.5096024" lon="-5.6440545"><ele>29.1</ele><time>2026-09-12T11:22:14.000Z</time></trkpt>
      <trkpt lat="57.5094897" lon="-5.6438177"><ele>34.4</ele><time>2026-09-12T11:22:15.000Z</time></trkpt>
      <trkpt lat="57.5094351" lon="-5.6434436"><ele>19.0</ele><time>2026-09-12T11:22:16.000Z</time></trkpt>
      <trkpt lat="57.5093375" lon="-5.6430663"><ele>18.5</ele><time>2026-09-12T11:22:17.000Z</time></trkpt>
      <trkpt lat="57.5092458" lon="-5.6427898"><ele>15.0</ele><time>2026-09-12T11:22:18.000Z</time></trkpt>
      <trkpt lat="57.5092130" lon="-5.6424249"><ele>21.3</ele><time>2026-09-12T11:22:19.000Z</time></trkpt>
      <trkpt lat="57.5093151" lon="-5.6421690"><ele>35.1</ele><time>2026-09-12T11:22:20.000Z</time></trkpt>
      <trkpt lat="57.5093955" lon="-5.6421046"><ele>39.0</ele><time>2026-09-12T11:22:21.000Z</time></trkpt>
      <trkpt lat="57.5095444" lon="-5.6419907"><ele>41.6</ele><time>2026-09-12T11:22:22.000Z</time></trkpt>
      <trkpt lat="57.5096867" lon="-5.6421065"><ele>46.4</ele><time>2026-09-12T11:22:23.000Z</time></trkpt>
      <trkpt lat="57.5098286" lon="-5.6423102"><ele>47.2</ele><time>2026-09-12T11:22:24.000Z</time></trkpt>
      <trkpt lat="57.5098604" lon="-5.6426271"><ele>44.8</ele><time>2026-09-12T11:22:25.000Z</time></trkpt>
      <trkpt lat="57.5099268" lon="-5.6429519"><ele>37.2</ele><time>2026-09-12T11:22:26.000Z</time></trkpt>
      <trkpt lat="57.5099538" lon="-5.6432112"><ele>39.5</ele><time>2026-09-12T11:22:27.000Z</time></trkpt>
      <trkpt lat="57.5101244" lon="-5.6434555"><ele>42.7</ele><time>2026-09-12T11:22:28.000Z</time></trkpt>
      <trkpt lat="57.5102154" lon="-5.6435414"><ele>46.5</ele><time>2026-09-12T11:22:29.000Z</time></trkpt>
      <trkpt lat="57.5104181" lon="-5.6437092"><ele>46.9</ele><time>2026-09-12T11:22:30.000Z</time></trkpt>
      <trkpt lat="57.5104957" lon="-5.6437332"><ele>41.2</ele><time>2026-09-12T11:22:31.000Z</time></trkpt>
      <trkpt lat="57.5106906" lon="-5.6435572"><ele>37.7</ele><time>2026-09-12T11:22:32.000Z</time></trkpt>
      <trkpt lat="57.5107746" lon="-5.6434633"><ele>33.9</ele><time>2026-09-12T11:22:33.000Z</time></trkpt>
      <trkpt lat="57.5107589" lon="-5.6432553"><ele>29.5</ele><time>2026-09-12T11:22:34.000Z</time></trkpt>
      <trkpt lat="57.5108005" lon="-5.6428969"><ele>25.3</ele><time>2026-09-12T11:22:35.000Z</time></trkpt>
      <trkpt lat="57.5109163" lon="-5.6429536"><ele>29.6</ele><time>2026-09-12T11:22:36.000Z</time></trkpt>
      <trkpt lat="57.5108939" lon="-5.6428155"><ele>29.5</ele><time>2026-09-12T11:22:37.000Z</time></trkpt>
      <trkpt lat="57.5109477" lon="-5.6429819"><ele>28.2</ele><time>2026-09-12T11:22:38.000Z</time></trkpt>
      <trkpt lat="57.5110005" lon="-5.6431368"><ele>17.7</ele><time>2026-09-12T11:22:39.000Z</time></trkpt>
      <trkpt lat="57.5110191" lon="-5.6432506"><ele>9.4</ele><time>2026-09-12T11:22:40.000Z</time></trkpt>
      <trkpt lat="57.5110800" lon="-5.6435081"><ele>7.1</ele><time>2026-09-12T11:22:41.000Z</time></trkpt>
      <trkpt lat="57.5112100" lon="-5.6436762"><ele>1.7</ele><time>2026-09-12T11:22:42.000Z</time></trkpt>
      <trkpt lat="57.5113127" lon="-5.6438666"><ele>0.2</ele><time>2026-09-12T11:22:43.000Z</time></trkpt>
      <trkpt lat="57.5115160" lon="-5.6440045"><ele>-5.6</ele><time>2026-09-12T11:22:44.000Z</time></trkpt>
      <trkpt lat="57.5116474" lon="-5.6441314"><ele>-4.2</ele><time>2026-09-12T11:22:45.000Z</time></trkpt>
      <trkpt lat="57.5118835" lon="-5.6443021"><ele>-4.6</ele><time>2026-09-12T11:22:46.000Z</time></trkpt>
      <trkpt lat="57.5119834" lon="-5.6443428"><ele>-3.7</ele><time>2026-09-12T11:22:47.000Z</time></trkpt>
      <trkpt lat="57.5122641" lon="-5.6444034"><ele>-6.3</ele><time>2026-09-12T11:22:48.000Z</time></trkpt>
      <trkpt lat="57.5125083" lon="-5.6444976"><ele>-5.3</ele><time>2026-09-12T11:22:49.000Z</time></trkpt>
      <trkpt lat="57.5126733" lon="-5.6445519"><ele>-2.9</ele><time>2026-09-12T11:22:50.000Z</time></trkpt>
      <trkpt lat="57.5128840" lon="-5.6446804"><ele>-2.5</ele><time>2026-09-12T11:22:51.000Z</time></trkpt>
      <trkpt lat="57.5131011" lon="-5.6447691"><ele>-4.7</ele><time>2026-09-12T11:22:52.000Z</time></trkpt>
      <trkpt lat="57.5133415" lon="-5.6448379"><ele>0.8</ele><time>2026-09-12T11:22:53.000Z</time></trkpt>
      <trkpt lat="57.5135041" lon="-5.6449386"><ele>-1.1</ele><time>2026-09-12T11:22:54.000Z</time></trkpt>
      <trkpt lat="57.5136838" lon="-5.6450410"><ele>1.8</ele><time>2026-09-12T11:22:55.000Z</time></trkpt>
      <trkpt lat="57.5138675" lon="-5.6450810"><ele>4.7</ele><time>2026-09-12T11:22:56.000Z</time></trkpt>
      <trkpt lat="57.5140241" lon="-5.6451701"><ele>2.5</ele><time>2026-09-12T11:22:57.000Z</time></trkpt>
      <trkpt lat="57.5141885" lon="-5.6452406"><ele>2.4</ele><time>2026-09-12T11:22:58.000Z</time></trkpt>
      <trkpt lat="57.5143062" lon="-5.6454612"><ele>-3.3</ele><time>2026-09-12T11:22:59.000Z</time></trkpt>
      <trkpt lat="57.5144212" lon="-5.6456095"><ele>-4.9</ele><time>2026-09-12T11:23:00.000Z</time></trkpt>
      <trkpt lat="57.5146258" lon="-5.6457858"><ele>-3.8</ele><time>2026-09-12T11:23:01.000Z</time></trkpt>
      <trkpt lat="57.5146909" lon="-5.6459268"><ele>2.5</ele><time>2026-09-12T11:23:02.000Z</time></trkpt>
      <trkpt lat="57.5149077" lon="-5.6462095"><ele>-0.2</ele><time>2026-09-12T11:23:03.000Z</time></trkpt>
      <trkpt lat="57.5150614" lon="-5.6464656"><ele>-2.3</ele><time>2026-09-12T11:23:04.000Z</time></trkpt>
      <trkpt lat="57.5151665" lon="-5.6466523"><ele>-5.5</ele><time>2026-09-12T11:23:05.000Z</time></trkpt>
      <trkpt lat="57.5153963" lon="-5.6468100"><ele>-8.3</ele><time>2026-09-12T11:23:06.000Z</time></trkpt>
      <trkpt lat="57.5155452" lon="-5.6469768"><ele>-1.5</ele><time>2026-09-12T11:23:07.000Z</time></trkpt>
      <trkpt lat="57.5157523" lon="-5.6470170"><ele>-10.6</ele><time>2026-09-12T11:23:08.000Z</time></trkpt>
      <trkpt lat="57.5159774" lon="-5.6471948"><ele>-14.9</ele><time>2026-09-12T11:23:09.000Z</time></trkpt>
      <trkpt lat="57.5162017" lon="-5.6472924"><ele>-9.3</ele><time>2026-09-12T11:23:10.000Z</time></trkpt>
      <trkpt lat="57.5163281" lon="-5.6475291"><ele>-13.2</ele><time>2026-09-12T11:23:11.000Z</time></trkpt>
      <trkpt lat="57.5165055" lon="-5.6475688"><ele>-16.7</ele><time>2026-09-12T11:23:12.000Z</time></trkpt>
      <trkpt lat="57.5167155" lon="-5.6477370"><ele>-22.4</ele><time>2026-09-12T11:23:13.000Z</time></trkpt>
      <trkpt lat="57.5169183" lon="-5.6479570"><ele>-24.6</ele><time>2026-09-12T11:23:14.000Z</time></trkpt>
      <trkpt lat="57.5171233" lon="-5.6480131"><ele>-33.9</ele><time>2026-09-12T11:23:15.000Z</time></trkpt>
      <trkpt lat="57.5173099" lon="-5.6481451"><ele>-28.8</ele><time>2026-09-12T11:23:16.000Z</time></trkpt>
      <trkpt lat="57.5175371" lon="-5.6482947"><ele>-27.6</ele><time>2026-09-12T11:23:17.000Z</time></trkpt>
      <trkpt lat="57.5177856" lon="-5.6483110"><ele>-22.7</ele><time>2026-09-12T11:23:18.000Z</time></trkpt>
      <trkpt lat="57.5180171" lon="-5.6484312"><ele>-19.8</ele><time>2026-09-12T11:23:19.000Z</time></trkpt>
      <trkpt lat="57.5182730" lon="-5.6483808"><ele>-27.2</ele><time>2026-09-12T11:23:20.000Z</time></trkpt>
      <trkpt lat="57.5185012" lon="-5.6484093"><ele>-25.8</ele><time>2026-09-12T11:23:21.000Z</time></trkpt>
      <trkpt lat="57.5186747" lon="-5.6485310"><ele>-26.2</ele><time>2026-09-12T11:23:22.000Z</time></trkpt>
      <trkpt lat="57.5189082" lon="-5.6485316"><ele>-17.6</ele><time>2026-09-12T11:23:23.000Z</time></trkpt>
      <trkpt lat="57.5190468" lon="-5.6485252"><ele>-17.9</ele><time>2026-09-12T11:23:24.000Z</time></trkpt>
      <trkpt lat="57.5192696" lon="-5.6484988"><ele>-14.7</ele><time>2026-09-12T11:23:25.000Z</time></trkpt>
      <trkpt lat="57.5194108" lon="-5.6484535"><ele>-10.1</ele><time>2026-09-12T11:23:26.000Z</time></trkpt>
      <trkpt lat="57.5196116" lon="-5.6482832"><ele>-10.2</ele><time>2026-09-12T11:23:27.000Z</time></trkpt>
      <trkpt lat="57.5197254" lon="-5.6482312"><ele>-0.2</ele><time>2026-09-12T11:23:28.000Z</time></trkpt>
      <trkpt lat="57.5198982" lon="-5.6480406"><ele>7.2</ele><time>2026-09-12T11:23:29.000Z</time></trkpt>
      <trkpt lat="57.5199705" lon="-5.6477113"><ele>-4.0</ele><time>2026-09-12T11:23:30.000Z</time></trkpt>
      <trkpt lat="57.5200985" lon="-5.6474988"><ele>0.5</ele><time>2026-09-12T11:23:31.000Z</time></trkpt>
      <trkpt lat="57.5202043" lon="-5.6471926"><ele>9.1</ele><time>2026-09-12T11:23:32.000Z</time></trkpt>
      <trkpt lat="57.5203170" lon="-5.6469727"><ele>12.3</ele><time>2026-09-12T11:23:33.000Z</time></trkpt>
      <trkpt lat="57.5204442" lon="-5.6466834"><ele>11.6</ele><time>2026-09-12T11:23:34.000Z</time></trkpt>
      <trkpt lat="57.5205321" lon="-5.6463987"><ele>8.2</ele><time>2026-09-12T11:23:35.000Z</time></trkpt>
      <trkpt lat="57.5207145" lon="-5.6460271"><ele>15.3</ele><time>2026-09-12T11:23:36.000Z</time></trkpt>
      <trkpt lat="57.5208746" lon="-5.6456364"><ele>8.8</ele><time>2026-09-12T11:23:37.000Z</time></trkpt>
      <trkpt lat="57.5210849" lon="-5.6454783"><ele>9.3</ele><time>2026-09-12T11:23:38.000Z</time></trkpt>
      <trkpt lat="57.5213283" lon="-5.6453651"><ele>6.9</ele><time>2026-09-12T11:23:39.000Z</time></trkpt>
      <trkpt lat="57.5215095" lon="-5.6451719"><ele>6.1</ele><time>2026-09-12T11:23:40.000Z</time></trkpt>
      <trkpt lat="57.5217301" lon="-5.6452244"><ele>2.3</ele><time>2026-09-12T11:23:41.000Z</time></trkpt>
      <trkpt lat="57.5219302" lon="-5.6453694"><ele>3.0</ele><time>2026-09-12T11:23:42.000Z</time></trkpt>
      <trkpt lat="57.5221376" lon="-5.6454757"><ele>6.6</ele><time>2026-09-12T11:23:43.000Z</time></trkpt>
      <trkpt lat="57.5223354" lon="-5.6455105"><ele>11.9</ele><time>2026-09-12T11:23:44.000Z</time></trkpt>
      <trkpt lat="57.5225224" lon="-5.6456262"><ele>10.1</ele><time>2026-09-12T11:23:45.000Z</time></trkpt>
      <trkpt lat="57.5226883" lon="-5.6457366"><ele>5.4</ele><time>2026-09-12T11:23:46.000Z</time></trkpt>
      <trkpt lat="57.5229516" lon="-5.6458649"><ele>3.1</ele><time>2026-09-12T11:23:47.000Z</time></trkpt>
      <trkpt lat="57.5231588" lon="-5.6459132"><ele>-2.7</ele><time>2026-09-12T11:23:48.000Z</time></trkpt>
      <trkpt lat="57.5233452" lon="-5.6460133"><ele>-4.0</ele><time>2026-09-12T11:23:49.000Z</time></trkpt>
      <trkpt lat="57.5235655" lon="-5.6459228"><ele>-3.7</ele><time>2026-09-12T11:23:50.000Z</time></trkpt>
      <trkpt lat="57.5237632" lon="-5.6458717"><ele>-6.2</ele><time>2026-09-12T11:23:51.000Z</time></trkpt>
      <trkpt lat="57.5239755" lon="-5.6458116"><ele>-2.9</ele><time>2026-09-12T11:23:52.000Z</time></trkpt>
      <trkpt lat="57.5241042" lon="-5.6456387"><ele>1.5</ele><time>2026-09-12T11:23:53.000Z</time></trkpt>
      <trkpt lat="57.5243470" lon="-5.6454005"><ele>1.3</ele><time>2026-09-12T11:23:54.000Z</time></trkpt>
      <trkpt lat="57.5243979" lon="-5.6451747"><ele>5.2</ele><time>2026-09-12T11:23:55.000Z</time></trkpt>
      <trkpt lat="57.5245889" lon="-5.6449354"><ele>2.9</ele><time>2026-09-12T11:23:56.000Z</time></trkpt>
      <trkpt lat="57.5247687" lon="-5.6447197"><ele>2.6</ele><time>2026-09-12T11:23:57.000Z</time></trkpt>
      <trkpt lat="57.5249459" lon="-5.6443956"><ele>-2.1</ele><time>2026-09-12T11:23:58.000Z</time></trkpt>
      <trkpt lat="57.5251522" lon="-5.6441866"><ele>6.7</ele><time>2026-09-12T11:23:59.000Z</time></trkpt>
      <trkpt lat="57.5252290" lon="-5.6438488"><ele>5.2</ele><time>2026-09-12T11:24:00.000Z</time></trkpt>
      <trkpt lat="57.5254114" lon="-5.6436106"><ele>8.0</ele><time>2026-09-12T11:24:01.000Z</time></trkpt>
      <trkpt lat="57.5255304" lon="-5.6433759"><ele>12.9</ele><time>2026-09-12T11:24:02.000Z</time></trkpt>
      <trkpt lat="57.5255901" lon="-5.6430347"><ele>24.8</ele><time>2026-09-12T11:24:03.000Z</time></trkpt>
      <trkpt lat="57.5256629" lon="-5.6427626"><ele>25.3</ele><time>2026-09-12T11:24:04.000Z</time></trkpt>
      <trkpt lat="57.5257291" lon="-5.6424547"><ele>19.8</ele><time>2026-09-12T11:24:05.000Z</time></trkpt>
      <trkpt lat="57.5258315" lon="-5.6422645"><ele>17.5</ele><time>2026-09-12T11:24:06.000Z</time></trkpt>
      <trkpt lat="57.5258395" lon="-5.6419436"><ele>19.0</ele><time>2026-09-12T11:24:07.000Z</time></trkpt>
      <trkpt lat="57.5258452" lon="-5.6416134"><ele>16.6</ele><time>2026-09-12T11:24:08.000Z</time></trkpt>
      <trkpt lat="57.5259051" lon="-5.6412676"><ele>13.9</ele><time>2026-09-12T11:24:09.000Z</time></trkpt>
      <trkpt lat="57.5259370" lon="-5.6410099"><ele>13.7</ele><time>2026-09-12T11:24:10.000Z</time></trkpt>
      <trkpt lat="57.5259827" lon="-5.6406336"><ele>20.7</ele><time>2026-09-12T11:24:11.000Z</time></trkpt>
      <trkpt lat="57.5259680" lon="-5.6404391"><ele>16.8</ele><time>2026-09-12T11:24:12.000Z</time></trkpt>
      <trkpt lat="57.5260218" lon="-5.6400830"><ele>18.2</ele><time>2026-09-12T11:24:13.000Z</time></trkpt>
      <trkpt lat="57.5260751" lon="-5.6397507"><ele>28.5</ele><time>2026-09-12T11:24:14.000Z</time></trkpt>
      <trkpt lat="57.5260359" lon="-5.6394540"><ele>33.0</ele><time>2026-09-12T11:24:15.000Z</time></trkpt>
      <trkpt lat="57.5260225" lon="-5.6391026"><ele>39.9</ele><time>2026-09-12T11:24:16.000Z</time></trkpt>
      <trkpt lat="57.5260353" lon="-5.6387596"><ele>40.4</ele><time>2026-09-12T11:24:17.000Z</time></trkpt>
      <trkpt lat="57.5259635" lon="-5.6384324"><ele>26.9</ele><time>2026-09-12T11:24:18.000Z</time></trkpt>
      <trkpt lat="57.5258816" lon="-5.6381872"><ele>29.8</ele><time>2026-09-12T11:24:19.000Z</time></trkpt>
      <trkpt lat="57.5258134" lon="-5.6378352"><ele>25.0</ele><time>2026-09-12T11:24:20.000Z</time></trkpt>
      <trkpt lat="57.5257327" lon="-5.6376046"><ele>24.8</ele><time>2026-09-12T11:24:21.000Z</time></trkpt>
      <trkpt lat="57.5256331" lon="-5.6373962"><ele>25.2</ele><time>2026-09-12T11:24:22.000Z</time></trkpt>
      <trkpt lat="57.5255485" lon="-5.6371322"><ele>24.0</ele><time>2026-09-12T11:24:23.000Z</time></trkpt>
      <trkpt lat="57.5255021" lon="-5.6369560"><ele>16.0</ele><time>2026-09-12T11:24:24.000Z</time></trkpt>
      <trkpt lat="57.5254013" lon="-5.6366782"><ele>8.7</ele><time>2026-09-12T11:24:25.000Z</time></trkpt>
      <trkpt lat="57.5252825" lon="-5.6363713"><ele>9.5</ele><time>2026-09-12T11:24:26.000Z</time></trkpt>
      <trkpt lat="57.5251858" lon="-5.6360309"><ele>17.8</ele><time>2026-09-12T11:24:27.000Z</time></trkpt>
      <trkpt lat="57.5250558" lon="-5.6358820"><ele>21.5</ele><time>2026-09-12T11:24:28.000Z</time></trkpt>
      <trkpt lat="57.5249680" lon="-5.6356102"><ele>25.0</ele><time>2026-09-12T11:24:29.000Z</time></trkpt>
      <trkpt lat="57.5249131" lon="-5.6354624"><ele>31.1</ele><time>2026-09-12T11:24:30.000Z</time></trkpt>
      <trkpt lat="57.5248012" lon="-5.6351483"><ele>34.8</ele><time>2026-09-12T11:24:31.000Z</time></trkpt>
      <trkpt lat="57.5246945" lon="-5.6348812"><ele>36.6</ele><time>2026-09-12T11:24:32.000Z</time></trkpt>
      <trkpt lat="57.5245819" lon="-5.6346548"><ele>31.9</ele><time>2026-09-12T11:24:33.000Z</time></trkpt>
      <trkpt lat="57.5244646" lon="-5.6344606"><ele>34.1</ele><time>2026-09-12T11:24:34.000Z</time></trkpt>
      <trkpt lat="57.5243562" lon="-5.6341679"><ele>33.7</ele><time>2026-09-12T11:24:35.000Z</time></trkpt>
      <trkpt lat="57.5242372" lon="-5.6341035"><ele>32.0</ele><time>2026-09-12T11:24:36.000Z</time></trkpt>
      <trkpt lat="57.5240151" lon="-5.6340354"><ele>39.8</ele><time>2026-09-12T11:24:37.000Z</time></trkpt>
      <trkpt lat="57.5238990" lon="-5.6339395"><ele>39.3</ele><time>2026-09-12T11:24:38.000Z</time></trkpt>
      <trkpt lat="57.5237052" lon="-5.6339011"><ele>38.5</ele><time>2026-09-12T11:24:39.000Z</time></trkpt>
      <trkpt lat="57.5235309" lon="-5.6339141"><ele>30.3</ele><time>2026-09-12T11:24:40.000Z</time></trkpt>
      <trkpt lat="57.5233610" lon="-5.6338920"><ele>25.7</ele><time>2026-09-12T11:24:41.000Z</time></trkpt>
      <trkpt lat="57.5231830" lon="-5.6338960"><ele>28.0</ele><time>2026-09-12T11:24:42.000Z</time></trkpt>
      <trkpt lat="57.5230045" lon="-5.6339415"><ele>32.9</ele><time>2026-09-12T11:24:43.000Z</time></trkpt>
      <trkpt lat="57.5228425" lon="-5.6337697"><ele>29.9</ele><time>2026-09-12T11:24:44.000Z</time></trkpt>
      <trkpt lat="57.5226176" lon="-5.6337894"><ele>33.9</ele><time>2026-09-12T11:24:45.000Z</time></trkpt>
      <trkpt lat="57.5225146" lon="-5.6335450"><ele>38.1</ele><time>2026-09-12T11:24:46.000Z</time></trkpt>
      <trkpt lat="57.5223797" lon="-5.6334333"><ele>41.4</ele><time>2026-09-12T11:24:47.000Z</time></trkpt>
      <trkpt lat="57.5223300" lon="-5.6332306"><ele>36.1</ele><time>2026-09-12T11:24:48.000Z</time></trkpt>
      <trkpt lat="57.5221370" lon="-5.6330002"><ele>32.6</ele><time>2026-09-12T11:24:49.000Z</time></trkpt>
      <trkpt lat="57.5221229" lon="-5.6327332"><ele>29.0</ele><time>2026-09-12T11:24:50.000Z</time></trkpt>
      <trkpt lat="57.5220813" lon="-5.6324153"><ele>33.0</ele><time>2026-09-12T11:24:51.000Z</time></trkpt>
      <trkpt lat="57.5219700" lon="-5.6321633"><ele>27.7</ele><time>2026-09-12T11:24:52.000Z</time></trkpt>
      <trkpt lat="57.5219566" lon="-5.6318280"><ele>21.0</ele><time>2026-09-12T11:24:53.000Z</time></trkpt>
      <trkpt lat="57.5218841" lon="-5.6314994"><ele>27.7</ele><time>2026-09-12T11:24:54.000Z</time></trkpt>
      <trkpt lat="57.5218552" lon="-5.6312182"><ele>24.7</ele><time>2026-09-12T11:24:55.000Z</time></trkpt>
      <trkpt lat="57.5218207" lon="-5.6309588"><ele>23.8</ele><time>2026-09-12T11:24:56.000Z</time></trkpt>
      <trkpt lat="57.5217858" lon="-5.6306232"><ele>18.5</ele><time>2026-09-12T11:24:57.000Z</time></trkpt>
      <trkpt lat="57.5218089" lon="-5.6302736"><ele>17.2</ele><time>2026-09-12T11:24:58.000Z</time></trkpt>
      <trkpt lat="57.5217777" lon="-5.6300588"><ele>21.3</ele><time>2026-09-12T11:24:59.000Z</time></trkpt>
      <trkpt lat="57.5218299" lon="-5.6296968"><ele>25.8</ele><time>2026-09-12T11:25:00.000Z</time></trkpt>
      <trkpt lat="57.5218277" lon="-5.6292867"><ele>28.5</ele><time>2026-09-12T11:25:01.000Z</time></trkpt>
      <trkpt lat="57.5217901" lon="-5.6290239"><ele>26.0</ele><time>2026-09-12T11:25:02.000Z</time></trkpt>
      <trkpt lat="57.5218046" lon="-5.6287364"><ele>27.4</ele><time>2026-09-12T11:25:03.000Z</time></trkpt>
      <trkpt lat="57.5218236" lon="-5.6284932"><ele>22.5</ele><time>2026-09-12T11:25:04.000Z</time></trkpt>
      <trkpt lat="57.5218101" lon="-5.6283267"><ele>19.1</ele><time>2026-09-12T11:25:05.000Z</time></trkpt>
      <trkpt lat="57.5217947" lon="-5.6280217"><ele>21.8</ele><time>2026-09-12T11:25:06.000Z</time></trkpt>
      <trkpt lat="57.5218486" lon="-5.6277994"><ele>21.4</ele><time>2026-09-12T11:25:07.000Z</time></trkpt>
      <trkpt lat="57.5218262" lon="-5.6275543"><ele>22.3</ele><time>2026-09-12T11:25:08.000Z</time></trkpt>
      <trkpt lat="57.5217951" lon="-5.6272198"><ele>18.0</ele><time>2026-09-12T11:25:09.000Z</time></trkpt>
      <trkpt lat="57.5218205" lon="-5.6269054"><ele>21.0</ele><time>2026-09-12T11:25:10.000Z</time></trkpt>
      <trkpt lat="57.5217825" lon="-5.6266355"><ele>22.4</ele><time>2026-09-12T11:25:11.000Z</time></trkpt>
      <trkpt lat="57.5217770" lon="-5.6263373"><ele>16.9</ele><time>2026-09-12T11:25:12.000Z</time></trkpt>
      <trkpt lat="57.5216969" lon="-5.6259479"><ele>8.3</ele><time>2026-09-12T11:25:13.000Z</time></trkpt>
      <trkpt lat="57.5216548" lon="-5.6256822"><ele>8.3</ele><time>2026-09-12T11:25:14.000Z</time></trkpt>
      <trkpt lat="57.5216478" lon="-5.6253996"><ele>6.0</ele><time>2026-09-12T11:25:15.000Z</time></trkpt>
      <trkpt lat="57.5216086" lon="-5.6250853"><ele>4.7</ele><time>2026-09-12T11:25:16.000Z</time></trkpt>
      <trkpt lat="57.5215250" lon="-5.6248018"><ele>12.7</ele><time>2026-09-12T11:25:17.000Z</time></trkpt>
      <trkpt lat="57.5215010" lon="-5.6244500"><ele>3.8</ele><time>2026-09-12T11:25:18.000Z</time></trkpt>
      <trkpt lat="57.5214414" lon="-5.6241844"><ele>7.1</ele><time>2026-09-12T11:25:19.000Z</time></trkpt>
      <trkpt lat="57.5213637" lon="-5.6238572"><ele>4.6</ele><time>2026-09-12T11:25:20.000Z</time></trkpt>
      <trkpt lat="57.5212761" lon="-5.6235418"><ele>4.4</ele><time>2026-09-12T11:25:21.000Z</time></trkpt>
      <trkpt lat="57.5211702" lon="-5.6233137"><ele>6.6</ele><time>2026-09-12T11:25:22.000Z</time></trkpt>
      <trkpt lat="57.5210831" lon="-5.6230258"><ele>14.0</ele><time>2026-09-12T11:25:23.000Z</time></trkpt>
      <trkpt lat="57.5209598" lon="-5.6226105"><ele>25.6</ele><time>2026-09-12T11:25:24.000Z</time></trkpt>
      <trkpt lat="57.5208836" lon="-5.6224206"><ele>27.9</ele><time>2026-09-12T11:25:25.000Z</time></trkpt>
      <trkpt lat="57.5208405" lon="-5.6222270"><ele>22.8</ele><time>2026-09-12T11:25:26.000Z</time></trkpt>
      <trkpt lat="57.5207682" lon="-5.6220845"><ele>23.0</ele><time>2026-09-12T11:25:27.000Z</time></trkpt>
      <trkpt lat="57.5207496" lon="-5.6217344"><ele>26.9</ele><time>2026-09-12T11:25:28.000Z</time></trkpt>
      <trkpt lat="57.5206873" lon="-5.6214629"><ele>25.2</ele><time>2026-09-12T11:25:29.000Z</time></trkpt>
      <trkpt lat="57.5206784" lon="-5.6211119"><ele>26.7</ele><time>2026-09-12T11:25:30.000Z</time></trkpt>
      <trkpt lat="57.5206124" lon="-5.6208704"><ele>22.7</ele><time>2026-09-12T11:25:31.000Z</time></trkpt>
      <trkpt lat="57.5206214" lon="-5.6204004"><ele>29.6</ele><time>2026-09-12T11:25:32.000Z</time></trkpt>
      <trkpt lat="57.5206955" lon="-5.6201082"><ele>34.3</ele><time>2026-09-12T11:25:33.000Z</time></trkpt>
      <trkpt lat="57.5207759" lon="-5.6198472"><ele>32.8</ele><time>2026-09-12T11:25:34.000Z</time></trkpt>
      <trkpt lat="57.5208829" lon="-5.6195463"><ele>35.6</ele><time>2026-09-12T11:25:35.000Z</time></trkpt>
      <trkpt lat="57.5210169" lon="-5.6192631"><ele>40.3</ele><time>2026-09-12T11:25:36.000Z</time></trkpt>
      <trkpt lat="57.5211604" lon="-5.6190474"><ele>40.7</ele><time>2026-09-12T11:25:37.000Z</time></trkpt>
      <trkpt lat="57.5213599" lon="-5.6187918"><ele>44.9</ele><time>2026-09-12T11:25:38.000Z</time></trkpt>
      <trkpt lat="57.5214734" lon="-5.6185074"><ele>46.3</ele><time>2026-09-12T11:25:39.000Z</time></trkpt>
      <trkpt lat="57.5216217" lon="-5.6182576"><ele>48.1</ele><time>2026-09-12T11:25:40.000Z</time></trkpt>
      <trkpt lat="57.5218176" lon="-5.6180809"><ele>46.4</ele><time>2026-09-12T11:25:41.000Z</time></trkpt>
      <trkpt lat="57.5219841" lon="-5.6179321"><ele>39.1</ele><time>2026-09-12T11:25:42.000Z</time></trkpt>
      <trkpt lat="57.5221783" lon="-5.6177119"><ele>38.9</ele><time>2026-09-12T11:25:43.000Z</time></trkpt>
      <trkpt lat="57.5224108" lon="-5.6176084"><ele>34.9</ele><time>2026-09-12T11:25:44.000Z</time></trkpt>
      <trkpt lat="57.5226208" lon="-5.6174656"><ele>36.4</ele><time>2026-09-12T11:25:45.000Z</time></trkpt>
      <trkpt lat="57.5228826" lon="-5.6173819"><ele>44.2</ele><time>2026-09-12T11:25:46.000Z</time></trkpt>
      <trkpt lat="57.5230024" lon="-5.6171701"><ele>45.0</ele><time>2026-09-12T11:25:47.000Z</time></trkpt>
      <trkpt lat="57.5232358" lon="-5.6170377"><ele>42.9</ele><time>2026-09-12T11:25:48.000Z</time></trkpt>
      <trkpt lat="57.5233971" lon="-5.6168944"><ele>42.6</ele><time>2026-09-12T11:25:49.000Z</time></trkpt>
      <trkpt lat="57.5235425" lon="-5.6167641"><ele>38.5</ele><time>2026-09-12T11:25:50.000Z</time></trkpt>
      <trkpt lat="57.5237445" lon="-5.6166561"><ele>37.2</ele><time>2026-09-12T11:25:51.000Z</time></trkpt>
      <trkpt lat="57.5238594" lon="-5.6164955"><ele>39.1</ele><time>2026-09-12T11:25:52.000Z</time></trkpt>
      <trkpt lat="57.5240858" lon="-5.6162773"><ele>33.2</ele><time>2026-09-12T11:25:53.000Z</time></trkpt>
      <trkpt lat="57.5241991" lon="-5.6161515"><ele>30.8</ele><time>2026-09-12T11:25:54.000Z</time></trkpt>
      <trkpt lat="57.5243764" lon="-5.6159728"><ele>26.9</ele><time>2026-09-12T11:25:55.000Z</time></trkpt>
      <trkpt lat="57.5245668" lon="-5.6157638"><ele>30.7</ele><time>2026-09-12T11:25:56.000Z</time></trkpt>
      <trkpt lat="57.5247937" lon="-5.6157713"><ele>28.0</ele><time>2026-09-12T11:25:57.000Z</time></trkpt>
      <trkpt lat="57.5250230" lon="-5.6155451"><ele>25.8</ele><time>2026-09-12T11:25:58.000Z</time></trkpt>
      <trkpt lat="57.5251855" lon="-5.6153642"><ele>29.4</ele><time>2026-09-12T11:25:59.000Z</time></trkpt>
      <trkpt lat="57.5254026" lon="-5.6153141"><ele>31.9</ele><time>2026-09-12T11:26:00.000Z</time></trkpt>
      <trkpt lat="57.5256072" lon="-5.6149139"><ele>25.4</ele><time>2026-09-12T11:26:01.000Z</time></trkpt>
      <trkpt lat="57.5257978" lon="-5.6147052"><ele>23.4</ele><time>2026-09-12T11:26:02.000Z</time></trkpt>
      <trkpt lat="57.5260020" lon="-5.6145350"><ele>23.4</ele><time>2026-09-12T11:26:03.000Z</time></trkpt>
      <trkpt lat="57.5262317" lon="-5.6143420"><ele>22.1</ele><time>2026-09-12T11:26:04.000Z</time></trkpt>
      <trkpt lat="57.5263966" lon="-5.6141472"><ele>25.0</ele><time>2026-09-12T11:26:05.000Z</time></trkpt>
      <trkpt lat="57.5266111" lon="-5.6139022"><ele>20.6</ele><time>2026-09-12T11:26:06.000Z</time></trkpt>
      <trkpt lat="57.5267913" lon="-5.6135430"><ele>24.2</ele><time>2026-09-12T11:26:07.000Z</time></trkpt>
      <trkpt lat="57.5269835" lon="-5.6134976"><ele>21.6</ele><time>2026-09-12T11:26:08.000Z</time></trkpt>
      <trkpt lat="57.5271800" lon="-5.6133575"><ele>19.8</ele><time>2026-09-12T11:26:09.000Z</time></trkpt>
      <trkpt lat="57.5274375" lon="-5.6131535"><ele>19.0</ele><time>2026-09-12T11:26:10.000Z</time></trkpt>
      <trkpt lat="57.5276218" lon="-5.6130323"><ele>12.5</ele><time>2026-09-12T11:26:11.000Z</time></trkpt>
      <trkpt lat="57.5278305" lon="-5.6128062"><ele>22.5</ele><time>2026-09-12T11:26:12.000Z</time></trkpt>
      <trkpt lat="57.5280624" lon="-5.6126461"><ele>34.8</ele><time>2026-09-12T11:26:13.000Z</time></trkpt>
      <trkpt lat="57.5282998" lon="-5.6125357"><ele>34.6</ele><time>2026-09-12T11:26:14.000Z</time></trkpt>
      <trkpt lat="57.5284691" lon="-5.6123189"><ele>33.8</ele><time>2026-09-12T11:26:15.000Z</time></trkpt>
      <trkpt lat="57.5286667" lon="-5.6120582"><ele>36.8</ele><time>2026-09-12T11:26:16.000Z</time></trkpt>
      <trkpt lat="57.5288953" lon="-5.6118831"><ele>41.3</ele><time>2026-09-12T11:26:17.000Z</time></trkpt>
      <trkpt lat="57.5290300" lon="-5.6114621"><ele>47.9</ele><time>2026-09-12T11:26:18.000Z</time></trkpt>
      <trkpt lat="57.5292050" lon="-5.6112610"><ele>51.6</ele><time>2026-09-12T11:26:19.000Z</time></trkpt>
      <trkpt lat="57.5293517" lon="-5.6109363"><ele>48.3</ele><time>2026-09-12T11:26:20.000Z</time></trkpt>
      <trkpt lat="57.5294052" lon="-5.6107880"><ele>53.7</ele><time>2026-09-12T11:26:21.000Z</time></trkpt>
      <trkpt lat="57.5296060" lon="-5.6104496"><ele>60.4</ele><time>2026-09-12T11:26:22.000Z</time></trkpt>
      <trkpt lat="57.5297407" lon="-5.6102460"><ele>72.7</ele><time>2026-09-12T11:26:23.000Z</time></trkpt>
      <trkpt lat="57.5298494" lon="-5.6100213"><ele>78.5</ele><time>2026-09-12T11:26:24.000Z</time></trkpt>
      <trkpt lat="57.5300997" lon="-5.6098421"><ele>84.4</ele><time>2026-09-12T11:26:25.000Z</time></trkpt>
      <trkpt lat="57.5302844" lon="-5.6096369"><ele>88.0</ele><time>2026-09-12T11:26:26.000Z</time></trkpt>
      <trkpt lat="57.5305044" lon="-5.6094860"><ele>83.2</ele><time>2026-09-12T11:26:27.000Z</time></trkpt>
      <trkpt lat="57.5307157" lon="-5.6093243"><ele>79.0</ele><time>2026-09-12T11:26:28.000Z</time></trkpt>
      <trkpt lat="57.5309177" lon="-5.6091272"><ele>80.3</ele><time>2026-09-12T11:26:29.000Z</time></trkpt>
      <trkpt lat="57.5311314" lon="-5.6089259"><ele>88.4</ele><time>2026-09-12T11:26:30.000Z</time></trkpt>
      <trkpt lat="57.5312939" lon="-5.6087033"><ele>80.0</ele><time>2026-09-12T11:26:31.000Z</time></trkpt>
      <trkpt lat="57.5313922" lon="-5.6083808"><ele>74.5</ele><time>2026-09-12T11:26:32.000Z</time></trkpt>
      <trkpt lat="57.5314430" lon="-5.6080781"><ele>82.6</ele><time>2026-09-12T11:26:33.000Z</time></trkpt>
      <trkpt lat="57.5315463" lon="-5.6077099"><ele>87.2</ele><time>2026-09-12T11:26:34.000Z</time></trkpt>
      <trkpt lat="57.5315659" lon="-5.6072636"><ele>92.2</ele><time>2026-09-12T11:26:35.000Z</time></trkpt>
      <trkpt lat="57.5315607" lon="-5.6068604"><ele>86.5</ele><time>2026-09-12T11:26:36.000Z</time></trkpt>
      <trkpt lat="57.5315194" lon="-5.6065333"><ele>95.0</ele><time>2026-09-12T11:26:37.000Z</time></trkpt>
      <trkpt lat="57.5313390" lon="-5.6062172"><ele>103.3</ele><time>2026-09-12T11:26:38.000Z</time></trkpt>
      <trkpt lat="57.5312541" lon="-5.6058753"><ele>97.3</ele><time>2026-09-12T11:26:39.000Z</time></trkpt>
      <trkpt lat="57.5310918" lon="-5.6056478"><ele>97.7</ele><time>2026-09-12T11:26:40.000Z</time></trkpt>
      <trkpt lat="57.5309394" lon="-5.6054705"><ele>103.4</ele><time>2026-09-12T11:26:41.000Z</time></trkpt>
      <trkpt lat="57.5307482" lon="-5.6051938"><ele>94.7</ele><time>2026-09-12T11:26:42.000Z</time></trkpt>
      <trkpt lat="57.5305664" lon="-5.6050103"><ele>98.2</ele><time>2026-09-12T11:26:43.000Z</time></trkpt>
      <trkpt lat="57.5303626" lon="-5.6048499"><ele>102.3</ele><time>2026-09-12T11:26:44.000Z</time></trkpt>
      <trkpt lat="57.5302515" lon="-5.6045635"><ele>99.9</ele><time>2026-09-12T11:26:45.000Z</time></trkpt>
      <trkpt lat="57.5301252" lon="-5.6043037"><ele>102.5</ele><time>2026-09-12T11:26:46.000Z</time></trkpt>
      <trkpt lat="57.5299923" lon="-5.6039153"><ele>95.8</ele><time>2026-09-12T11:26:47.000Z</time></trkpt>
      <trkpt lat="57.5298630" lon="-5.6036736"><ele>85.5</ele><time>2026-09-12T11:26:48.000Z</time></trkpt>
      <trkpt lat="57.5296889" lon="-5.6033882"><ele>81.6</ele><time>2026-09-12T11:26:49.000Z</time></trkpt>
      <trkpt lat="57.5295300" lon="-5.6031331"><ele>73.9</ele><time>2026-09-12T11:26:50.000Z</time></trkpt>
      <trkpt lat="57.5294096" lon="-5.6027789"><ele>76.8</ele><time>2026-09-12T11:26:51.000Z</time></trkpt>
      <trkpt lat="57.5292432" lon="-5.6025328"><ele>77.6</ele><time>2026-09-12T11:26:52.000Z</time></trkpt>
      <trkpt lat="57.5290917" lon="-5.6023007"><ele>81.4</ele><time>2026-09-12T11:26:53.000Z</time></trkpt>
      <trkpt lat="57.5288580" lon="-5.6019998"><ele>79.8</ele><time>2026-09-12T11:26:54.000Z</time></trkpt>
      <trkpt lat="57.5286420" lon="-5.6017077"><ele>80.4</ele><time>2026-09-12T11:26:55.000Z</time></trkpt>
      <trkpt lat="57.5285682" lon="-5.6016117"><ele>80.8</ele><time>2026-09-12T11:26:56.000Z</time></trkpt>
      <trkpt lat="57.5283245" lon="-5.6013501"><ele>75.4</ele><time>2026-09-12T11:26:57.000Z</time></trkpt>
      <trkpt lat="57.5281519" lon="-5.6011594"><ele>65.9</ele><time>2026-09-12T11:26:58.000Z</time></trkpt>
      <trkpt lat="57.5280350" lon="-5.6009081"><ele>60.0</ele><time>2026-09-12T11:26:59.000Z</time></trkpt>
      <trkpt lat="57.5278654" lon="-5.6006614"><ele>64.6</ele><time>2026-09-12T11:27:00.000Z</time></trkpt>
      <trkpt lat="57.5277549" lon="-5.6003754"><ele>61.3</ele><time>2026-09-12T11:27:01.000Z</time></trkpt>
      <trkpt lat="57.5276972" lon="-5.6001524"><ele>60.9</ele><time>2026-09-12T11:27:02.000Z</time></trkpt>
      <trkpt lat="57.5276063" lon="-5.5995931"><ele>56.2</ele><time>2026-09-12T11:27:03.000Z</time></trkpt>
      <trkpt lat="57.5276183" lon="-5.5992760"><ele>59.3</ele><time>2026-09-12T11:27:04.000Z</time></trkpt>
      <trkpt lat="57.5275588" lon="-5.5989509"><ele>50.9</ele><time>2026-09-12T11:27:05.000Z</time></trkpt>
      <trkpt lat="57.5276167" lon="-5.5984680"><ele>47.4</ele><time>2026-09-12T11:27:06.000Z</time></trkpt>
      <trkpt lat="57.5275981" lon="-5.5981470"><ele>44.6</ele><time>2026-09-12T11:27:07.000Z</time></trkpt>
      <trkpt lat="57.5276080" lon="-5.5975562"><ele>44.2</ele><time>2026-09-12T11:27:08.000Z</time></trkpt>
      <trkpt lat="57.5276231" lon="-5.5971845"><ele>36.9</ele><time>2026-09-12T11:27:09.000Z</time></trkpt>
      <trkpt lat="57.5275418" lon="-5.5967814"><ele>34.0</ele><time>2026-09-12T11:27:10.000Z</time></trkpt>
      <trkpt lat="57.5275691" lon="-5.5964226"><ele>40.1</ele><time>2026-09-12T11:27:11.000Z</time></trkpt>
      <trkpt lat="57.5275464" lon="-5.5960165"><ele>39.9</ele><time>2026-09-12T11:27:12.000Z</time></trkpt>
      <trkpt lat="57.5275130" lon="-5.5956706"><ele>37.5</ele><time>2026-09-12T11:27:13.000Z</time></trkpt>
      <trkpt lat="57.5274802" lon="-5.5953519"><ele>26.4</ele><time>2026-09-12T11:27:14.000Z</time></trkpt>
      <trkpt lat="57.5274232" lon="-5.5949778"><ele>18.2</ele><time>2026-09-12T11:27:15.000Z</time></trkpt>
      <trkpt lat="57.5273053" lon="-5.5946599"><ele>19.5</ele><time>2026-09-12T11:27:16.000Z</time></trkpt>
      <trkpt lat="57.5271830" lon="-5.5943086"><ele>23.9</ele><time>2026-09-12T11:27:17.000Z</time></trkpt>
      <trkpt lat="57.5271048" lon="-5.5939900"><ele>29.3</ele><time>2026-09-12T11:27:18.000Z</time></trkpt>
      <trkpt lat="57.5269764" lon="-5.5936590"><ele>24.9</ele><time>2026-09-12T11:27:19.000Z</time></trkpt>
      <trkpt lat="57.5268448" lon="-5.5933761"><ele>28.4</ele><time>2026-09-12T11:27:20.000Z</time></trkpt>
      <trkpt lat="57.5268334" lon="-5.5930799"><ele>37.1</ele><time>2026-09-12T11:27:21.000Z</time></trkpt>
      <trkpt lat="57.5266743" lon="-5.5926273"><ele>31.3</ele><time>2026-09-12T11:27:22.000Z</time></trkpt>
      <trkpt lat="57.5266002" lon="-5.5923470"><ele>26.1</ele><time>2026-09-12T11:27:23.000Z</time></trkpt>
      <trkpt lat="57.5264567" lon="-5.5920048"><ele>31.0</ele><time>2026-09-12T11:27:24.000Z</time></trkpt>
      <trkpt lat="57.5263624" lon="-5.5916195"><ele>28.3</ele><time>2026-09-12T11:27:25.000Z</time></trkpt>
      <trkpt lat="57.5262637" lon="-5.5913787"><ele>28.1</ele><time>2026-09-12T11:27:26.000Z</time></trkpt>
      <trkpt lat="57.5261809" lon="-5.5910935"><ele>31.3</ele><time>2026-09-12T11:27:27.000Z</time></trkpt>
      <trkpt lat="57.5261585" lon="-5.5906850"><ele>37.6</ele><time>2026-09-12T11:27:28.000Z</time></trkpt>
      <trkpt lat="57.5260018" lon="-5.5904720"><ele>35.4</ele><time>2026-09-12T11:27:29.000Z</time></trkpt>
      <trkpt lat="57.5260150" lon="-5.5901471"><ele>32.0</ele><time>2026-09-12T11:27:30.000Z</time></trkpt>
      <trkpt lat="57.5259514" lon="-5.5899254"><ele>38.7</ele><time>2026-09-12T11:27:31.000Z</time></trkpt>
      <trkpt lat="57.5259597" lon="-5.5896118"><ele>37.8</ele><time>2026-09-12T11:27:32.000Z</time></trkpt>
      <trkpt lat="57.5259723" lon="-5.5892276"><ele>37.1</ele><time>2026-09-12T11:27:33.000Z</time></trkpt>
      <trkpt lat="57.5260715" lon="-5.5888847"><ele>52.0</ele><time>2026-09-12T11:27:34.000Z</time></trkpt>
      <trkpt lat="57.5261053" lon="-5.5885959"><ele>55.6</ele><time>2026-09-12T11:27:35.000Z</time></trkpt>
      <trkpt lat="57.5261645" lon="-5.5882532"><ele>62.0</ele><time>2026-09-12T11:27:36.000Z</time></trkpt>
      <trkpt lat="57.5261933" lon="-5.5879419"><ele>58.2</ele><time>2026-09-12T11:27:37.000Z</time></trkpt>
      <trkpt lat="57.5262243" lon="-5.5875382"><ele>58.4</ele><time>2026-09-12T11:27:38.000Z</time></trkpt>
      <trkpt lat="57.5262844" lon="-5.5872093"><ele>56.5</ele><time>2026-09-12T11:27:39.000Z</time></trkpt>
      <trkpt lat="57.5263316" lon="-5.5868379"><ele>61.8</ele><time>2026-09-12T11:27:40.000Z</time></trkpt>
      <trkpt lat="57.5264080" lon="-5.5865520"><ele>59.3</ele><time>2026-09-12T11:27:41.000Z</time></trkpt>
      <trkpt lat="57.5263732" lon="-5.5861819"><ele>59.6</ele><time>2026-09-12T11:27:42.000Z</time></trkpt>
      <trkpt lat="57.5263568" lon="-5.5857909"><ele>64.9</ele><time>2026-09-12T11:27:43.000Z</time></trkpt>
      <trkpt lat="57.5263359" lon="-5.5854419"><ele>68.5</ele><time>2026-09-12T11:27:44.000Z</time></trkpt>
      <trkpt lat="57.5263942" lon="-5.5850746"><ele>63.5</ele><time>2026-09-12T11:27:45.000Z</time></trkpt>
      <trkpt lat="57.5263483" lon="-5.5847576"><ele>68.6</ele><time>2026-09-12T11:27:46.000Z</time></trkpt>
      <trkpt lat="57.5263658" lon="-5.5842118"><ele>70.3</ele><time>2026-09-12T11:27:47.000Z</time></trkpt>
      <trkpt lat="57.5263417" lon="-5.5838066"><ele>72.4</ele><time>2026-09-12T11:27:48.000Z</time></trkpt>
      <trkpt lat="57.5263633" lon="-5.5833132"><ele>79.2</ele><time>2026-09-12T11:27:49.000Z</time></trkpt>
      <trkpt lat="57.5264007" lon="-5.5829612"><ele>82.9</ele><time>2026-09-12T11:27:50.000Z</time></trkpt>
      <trkpt lat="57.5265021" lon="-5.5824298"><ele>78.7</ele><time>2026-09-12T11:27:51.000Z</time></trkpt>
      <trkpt lat="57.5265563" lon="-5.5820237"><ele>70.5</ele><time>2026-09-12T11:27:52.000Z</time></trkpt>
      <trkpt lat="57.5266682" lon="-5.5816340"><ele>71.8</ele><time>2026-09-12T11:27:53.000Z</time></trkpt>
      <trkpt lat="57.5267399" lon="-5.5812920"><ele>58.0</ele><time>2026-09-12T11:27:54.000Z</time></trkpt>
      <trkpt lat="57.5267731" lon="-5.5808778"><ele>51.2</ele><time>2026-09-12T11:27:55.000Z</time></trkpt>
      <trkpt lat="57.5269300" lon="-5.5804826"><ele>59.4</ele><time>2026-09-12T11:27:56.000Z</time></trkpt>
      <trkpt lat="57.5269472" lon="-5.5800722"><ele>61.1</ele><time>2026-09-12T11:27:57.000Z</time></trkpt>
      <trkpt lat="57.5268936" lon="-5.5797708"><ele>64.1</ele><time>2026-09-12T11:27:58.000Z</time></trkpt>
      <trkpt lat="57.5269452" lon="-5.5794266"><ele>63.4</ele><time>2026-09-12T11:27:59.000Z</time></trkpt>
      <trkpt lat="57.5269874" lon="-5.5790577"><ele>76.5</ele><time>2026-09-12T11:28:00.000Z</time></trkpt>
      <trkpt lat="57.5269829" lon="-5.5785732"><ele>81.7</ele><time>2026-09-12T11:28:01.000Z</time></trkpt>
      <trkpt lat="57.5270176" lon="-5.5784142"><ele>82.5</ele><time>2026-09-12T11:28:02.000Z</time></trkpt>
      <trkpt lat="57.5270480" lon="-5.5779007"><ele>88.4</ele><time>2026-09-12T11:28:03.000Z</time></trkpt>
      <trkpt lat="57.5270180" lon="-5.5776567"><ele>97.5</ele><time>2026-09-12T11:28:04.000Z</time></trkpt>
      <trkpt lat="57.5271240" lon="-5.5772234"><ele>95.8</ele><time>2026-09-12T11:28:05.000Z</time></trkpt>
      <trkpt lat="57.5270843" lon="-5.5767225"><ele>105.9</ele><time>2026-09-12T11:28:06.000Z</time></trkpt>
      <trkpt lat="57.5270723" lon="-5.5764217"><ele>111.8</ele><time>2026-09-12T11:28:07.000Z</time></trkpt>
      <trkpt lat="57.5270576" lon="-5.5760804"><ele>112.2</ele><time>2026-09-12T11:28:08.000Z</time></trkpt>
      <trkpt lat="57.5270096" lon="-5.5757740"><ele>116.7</ele><time>2026-09-12T11:28:09.000Z</time></trkpt>
      <trkpt lat="57.5270172" lon="-5.5753746"><ele>107.7</ele><time>2026-09-12T11:28:10.000Z</time></trkpt>
      <trkpt lat="57.5270352" lon="-5.5751101"><ele>98.3</ele><time>2026-09-12T11:28:11.000Z</time></trkpt>
      <trkpt lat="57.5269681" lon="-5.5747838"><ele>99.5</ele><time>2026-09-12T11:28:12.000Z</time></trkpt>
      <trkpt lat="57.5269582" lon="-5.5743842"><ele>91.3</ele><time>2026-09-12T11:28:13.000Z</time></trkpt>
      <trkpt lat="57.5269295" lon="-5.5740794"><ele>92.1</ele><time>2026-09-12T11:28:14.000Z</time></trkpt>
      <trkpt lat="57.5268952" lon="-5.5736962"><ele>88.0</ele><time>2026-09-12T11:28:15.000Z</time></trkpt>
      <trkpt lat="57.5268852" lon="-5.5732781"><ele>96.4</ele><time>2026-09-12T11:28:16.000Z</time></trkpt>
      <trkpt lat="57.5268954" lon="-5.5729902"><ele>95.8</ele><time>2026-09-12T11:28:17.000Z</time></trkpt>
      <trkpt lat="57.5268583" lon="-5.5727081"><ele>102.6</ele><time>2026-09-12T11:28:18.000Z</time></trkpt>
      <trkpt lat="57.5268883" lon="-5.5723813"><ele>105.3</ele><time>2026-09-12T11:28:19.000Z</time></trkpt>
      <trkpt lat="57.5268797" lon="-5.5721740"><ele>110.1</ele><time>2026-09-12T11:28:20.000Z</time></trkpt>
      <trkpt lat="57.5268739" lon="-5.5718782"><ele>106.0</ele><time>2026-09-12T11:28:21.000Z</time></trkpt>
      <trkpt lat="57.5268424" lon="-5.5715428"><ele>103.4</ele><time>2026-09-12T11:28:22.000Z</time></trkpt>
      <trkpt lat="57.5268105" lon="-5.5713219"><ele>108.2</ele><time>2026-09-12T11:28:23.000Z</time></trkpt>
      <trkpt lat="57.5268191" lon="-5.5710222"><ele>103.6</ele><time>2026-09-12T11:28:24.000Z</time></trkpt>
      <trkpt lat="57.5268170" lon="-5.5708439"><ele>99.6</ele><time>2026-09-12T11:28:25.000Z</time></trkpt>
      <trkpt lat="57.5267997" lon="-5.5706424"><ele>99.8</ele><time>2026-09-12T11:28:26.000Z</time></trkpt>
      <trkpt lat="57.5267690" lon="-5.5703189"><ele>93.9</ele><time>2026-09-12T11:28:27.000Z</time></trkpt>
      <trkpt lat="57.5267398" lon="-5.5702170"><ele>99.6</ele><time>2026-09-12T11:28:28.000Z</time></trkpt>
      <trkpt lat="57.5267132" lon="-5.5698315"><ele>102.0</ele><time>2026-09-12T11:28:29.000Z</time></trkpt>
      <trkpt lat="57.5267147" lon="-5.5695437"><ele>108.8</ele><time>2026-09-12T11:28:30.000Z</time></trkpt>
      <trkpt lat="57.5267433" lon="-5.5692482"><ele>112.1</ele><time>2026-09-12T11:28:31.000Z</time></trkpt>
      <trkpt lat="57.5268470" lon="-5.5689829"><ele>113.5</ele><time>2026-09-12T11:28:32.000Z</time></trkpt>
      <trkpt lat="57.5269114" lon="-5.5686752"><ele>110.6</ele><time>2026-09-12T11:28:33.000Z</time></trkpt>
      <trkpt lat="57.5269844" lon="-5.5685258"><ele>123.2</ele><time>2026-09-12T11:28:34.000Z</time></trkpt>
      <trkpt lat="57.5270171" lon="-5.5681738"><ele>122.5</ele><time>2026-09-12T11:28:35.000Z</time></trkpt>
      <trkpt lat="57.5271178" lon="-5.5679442"><ele>124.7</ele><time>2026-09-12T11:28:36.000Z</time></trkpt>
      <trkpt lat="57.5271846" lon="-5.5677262"><ele>127.9</ele><time>2026-09-12T11:28:37.000Z</time></trkpt>
      <trkpt lat="57.5272684" lon="-5.5673924"><ele>134.6</ele><time>2026-09-12T11:28:38.000Z</time></trkpt>
      <trkpt lat="57.5273596" lon="-5.5670284"><ele>144.2</ele><time>2026-09-12T11:28:39.000Z</time></trkpt>
      <trkpt lat="57.5275127" lon="-5.5667961"><ele>154.5</ele><time>2026-09-12T11:28:40.000Z</time></trkpt>
      <trkpt lat="57.5275427" lon="-5.5664748"><ele>159.6</ele><time>2026-09-12T11:28:41.000Z</time></trkpt>
      <trkpt lat="57.5276076" lon="-5.5661330"><ele>158.6</ele><time>2026-09-12T11:28:42.000Z</time></trkpt>
      <trkpt lat="57.5276315" lon="-5.5656783"><ele>152.3</ele><time>2026-09-12T11:28:43.000Z</time></trkpt>
      <trkpt lat="57.5276502" lon="-5.5654504"><ele>153.2</ele><time>2026-09-12T11:28:44.000Z</time></trkpt>
      <trkpt lat="57.5276465" lon="-5.5650736"><ele>161.4</ele><time>2026-09-12T11:28:45.000Z</time></trkpt>
      <trkpt lat="57.5276156" lon="-5.5647429"><ele>162.6</ele><time>2026-09-12T11:28:46.000Z</time></trkpt>
      <trkpt lat="57.5275514" lon="-5.5643693"><ele>163.1</ele><time>2026-09-12T11:28:47.000Z</time></trkpt>
      <trkpt lat="57.5275382" lon="-5.5641195"><ele>157.6</ele><time>2026-09-12T11:28:48.000Z</time></trkpt>
      <trkpt lat="57.5274852" lon="-5.5638449"><ele>159.9</ele><time>2026-09-12T11:28:49.000Z</time></trkpt>
      <trkpt lat="57.5274827" lon="-5.5636007"><ele>170.1</ele><time>2026-09-12T11:28:50.000Z</time></trkpt>
      <trkpt lat="57.5274298" lon="-5.5631671"><ele>173.6</ele><time>2026-09-12T11:28:51.000Z</time></trkpt>
      <trkpt lat="57.5273745" lon="-5.5629223"><ele>177.4</ele><time>2026-09-12T11:28:52.000Z</time></trkpt>
      <trkpt lat="57.5273316" lon="-5.5626460"><ele>172.6</ele><time>2026-09-12T11:28:53.000Z</time></trkpt>
      <trkpt lat="57.5272947" lon="-5.5623391"><ele>168.6</ele><time>2026-09-12T11:28:54.000Z</time></trkpt>
      <trkpt lat="57.5272969" lon="-5.5619523"><ele>166.6</ele><time>2026-09-12T11:28:55.000Z</time></trkpt>
      <trkpt lat="57.5272657" lon="-5.5617749"><ele>169.2</ele><time>2026-09-12T11:28:56.000Z</time></trkpt>
      <trkpt lat="57.5271790" lon="-5.5614651"><ele>169.7</ele><time>2026-09-12T11:28:57.000Z</time></trkpt>
      <trkpt lat="57.5272404" lon="-5.5610837"><ele>167.1</ele><time>2026-09-12T11:28:58.000Z</time></trkpt>
      <trkpt lat="57.5272056" lon="-5.5608743"><ele>162.8</ele><time>2026-09-12T11:28:59.000Z</time></trkpt>
      <trkpt lat="57.5272465" lon="-5.5604422"><ele>165.5</ele><time>2026-09-12T11:29:00.000Z</time></trkpt>
      <trkpt lat="57.5272704" lon="-5.5601484"><ele>162.0</ele><time>2026-09-12T11:29:01.000Z</time></trkpt>
      <trkpt lat="57.5273154" lon="-5.5599089"><ele>159.9</ele><time>2026-09-12T11:29:02.000Z</time></trkpt>
      <trkpt lat="57.5273555" lon="-5.5595769"><ele>160.7</ele><time>2026-09-12T11:29:03.000Z</time></trkpt>
      <trkpt lat="57.5274625" lon="-5.5592311"><ele>164.0</ele><time>2026-09-12T11:29:04.000Z</time></trkpt>
      <trkpt lat="57.5275043" lon="-5.5589818"><ele>163.0</ele><time>2026-09-12T11:29:05.000Z</time></trkpt>
      <trkpt lat="57.5275845" lon="-5.5586736"><ele>158.3</ele><time>2026-09-12T11:29:06.000Z</time></trkpt>
      <trkpt lat="57.5276226" lon="-5.5584360"><ele>152.8</ele><time>2026-09-12T11:29:07.000Z</time></trkpt>
      <trkpt lat="57.5277043" lon="-5.5581678"><ele>153.7</ele><time>2026-09-12T11:29:08.000Z</time></trkpt>
      <trkpt lat="57.5277567" lon="-5.5579598"><ele>154.6</ele><time>2026-09-12T11:29:09.000Z</time></trkpt>
      <trkpt lat="57.5278162" lon="-5.5575611"><ele>155.1</ele><time>2026-09-12T11:29:10.000Z</time></trkpt>
      <trkpt lat="57.5278560" lon="-5.5572439"><ele>159.8</ele><time>2026-09-12T11:29:11.000Z</time></trkpt>
      <trkpt lat="57.5279052" lon="-5.5568854"><ele>159.1</ele><time>2026-09-12T11:29:12.000Z</time></trkpt>
      <trkpt lat="57.5279118" lon="-5.5565209"><ele>157.4</ele><time>2026-09-12T11:29:13.000Z</time></trkpt>
      <trkpt lat="57.5279452" lon="-5.5561664"><ele>161.0</ele><time>2026-09-12T11:29:14.000Z</time></trkpt>
      <trkpt lat="57.5279389" lon="-5.5558635"><ele>160.9</ele><time>2026-09-12T11:29:15.000Z</time></trkpt>
      <trkpt lat="57.5279577" lon="-5.5555931"><ele>158.9</ele><time>2026-09-12T11:29:16.000Z</time></trkpt>
      <trkpt lat="57.5279464" lon="-5.5552889"><ele>166.8</ele><time>2026-09-12T11:29:17.000Z</time></trkpt>
      <trkpt lat="57.5280089" lon="-5.5549150"><ele>159.1</ele><time>2026-09-12T11:29:18.000Z</time></trkpt>
      <trkpt lat="57.5279990" lon="-5.5545929"><ele>158.5</ele><time>2026-09-12T11:29:19.000Z</time></trkpt>
      <trkpt lat="57.5280827" lon="-5.5543332"><ele>166.0</ele><time>2026-09-12T11:29:20.000Z</time></trkpt>
      <trkpt lat="57.5281449" lon="-5.5540427"><ele>166.5</ele><time>2026-09-12T11:29:21.000Z</time></trkpt>
      <trkpt lat="57.5282160" lon="-5.5538670"><ele>166.5</ele><time>2026-09-12T11:29:22.000Z</time></trkpt>
      <trkpt lat="57.5282962" lon="-5.5534490"><ele>170.7</ele><time>2026-09-12T11:29:23.000Z</time></trkpt>
      <trkpt lat="57.5283712" lon="-5.5533659"><ele>163.0</ele><time>2026-09-12T11:29:24.000Z</time></trkpt>
      <trkpt lat="57.5284217" lon="-5.5530854"><ele>158.9</ele><time>2026-09-12T11:29:25.000Z</time></trkpt>
      <trkpt lat="57.5284737" lon="-5.5529261"><ele>152.0</ele><time>2026-09-12T11:29:26.000Z</time></trkpt>
      <trkpt lat="57.5285541" lon="-5.5526677"><ele>144.9</ele><time>2026-09-12T11:29:27.000Z</time></trkpt>
      <trkpt lat="57.5286055" lon="-5.5523521"><ele>143.6</ele><time>2026-09-12T11:29:28.000Z</time></trkpt>
      <trkpt lat="57.5286748" lon="-5.5520625"><ele>140.7</ele><time>2026-09-12T11:29:29.000Z</time></trkpt>
      <trkpt lat="57.5287285" lon="-5.5518626"><ele>132.6</ele><time>2026-09-12T11:29:30.000Z</time></trkpt>
      <trkpt lat="57.5287588" lon="-5.5514836"><ele>121.9</ele><time>2026-09-12T11:29:31.000Z</time></trkpt>
      <trkpt lat="57.5288115" lon="-5.5512784"><ele>121.0</ele><time>2026-09-12T11:29:32.000Z</time></trkpt>
      <trkpt lat="57.5287933" lon="-5.5508427"><ele>109.4</ele><time>2026-09-12T11:29:33.000Z</time></trkpt>
      <trkpt lat="57.5288299" lon="-5.5504493"><ele>99.3</ele><time>2026-09-12T11:29:34.000Z</time></trkpt>
      <trkpt lat="57.5287779" lon="-5.5501236"><ele>105.3</ele><time>2026-09-12T11:29:35.000Z</time></trkpt>
      <trkpt lat="57.5286872" lon="-5.5497853"><ele>103.1</ele><time>2026-09-12T11:29:36.000Z</time></trkpt>
      <trkpt lat="57.5285699" lon="-5.5494172"><ele>116.8</ele><time>2026-09-12T11:29:37.000Z</time></trkpt>
      <trkpt lat="57.5285125" lon="-5.5491436"><ele>120.5</ele><time>2026-09-12T11:29:38.000Z</time></trkpt>
      <trkpt lat="57.5284042" lon="-5.5489074"><ele>119.9</ele><time>2026-09-12T11:29:39.000Z</time></trkpt>
      <trkpt lat="57.5283168" lon="-5.5486090"><ele>121.3</ele><time>2026-09-12T11:29:40.000Z</time></trkpt>
      <trkpt lat="57.5281741" lon="-5.5482123"><ele>123.5</ele><time>2026-09-12T11:29:41.000Z</time></trkpt>
      <trkpt lat="57.5280800" lon="-5.5479879"><ele>130.4</ele><time>2026-09-12T11:29:42.000Z</time></trkpt>
      <trkpt lat="57.5279916" lon="-5.5476335"><ele>134.4</ele><time>2026-09-12T11:29:43.000Z</time></trkpt>
      <trkpt lat="57.5278606" lon="-5.5474419"><ele>136.2</ele><time>2026-09-12T11:29:44.000Z</time></trkpt>
      <trkpt lat="57.5277627" lon="-5.5472440"><ele>132.4</ele><time>2026-09-12T11:29:45.000Z</time></trkpt>
      <trkpt lat="57.5277107" lon="-5.5469008"><ele>128.2</ele><time>2026-09-12T11:29:46.000Z</time></trkpt>
      <trkpt lat="57.5276783" lon="-5.5466337"><ele>131.6</ele><time>2026-09-12T11:29:47.000Z</time></trkpt>
      <trkpt lat="57.5276567" lon="-5.5463672"><ele>128.5</ele><time>2026-09-12T11:29:48.000Z</time></trkpt>
      <trkpt lat="57.5276067" lon="-5.5460809"><ele>129.5</ele><time>2026-09-12T11:29:49.000Z</time></trkpt>
      <trkpt lat="57.5275808" lon="-5.5458795"><ele>120.4</ele><time>2026-09-12T11:29:50.000Z</time></trkpt>
      <trkpt lat="57.5276381" lon="-5.5456122"><ele>126.5</ele><time>2026-09-12T11:29:51.000Z</time></trkpt>
      <trkpt lat="57.5276142" lon="-5.5453459"><ele>128.0</ele><time>2026-09-12T11:29:52.000Z</time></trkpt>
      <trkpt lat="57.5276605" lon="-5.5451157"><ele>130.5</ele><time>2026-09-12T11:29:53.000Z</time></trkpt>
      <trkpt lat="57.5276581" lon="-5.5449377"><ele>124.6</ele><time>2026-09-12T11:29:54.000Z</time></trkpt>
      <trkpt lat="57.5277261" lon="-5.5446841"><ele>131.0</ele><time>2026-09-12T11:29:55.000Z</time></trkpt>
      <trkpt lat="57.5277257" lon="-5.5444826"><ele>123.2</ele><time>2026-09-12T11:29:56.000Z</time></trkpt>
      <trkpt lat="57.5277915" lon="-5.5442372"><ele>127.3</ele><time>2026-09-12T11:29:57.000Z</time></trkpt>
      <trkpt lat="57.5277731" lon="-5.5439005"><ele>123.9</ele><time>2026-09-12T11:29:58.000Z</time></trkpt>
      <trkpt lat="57.5278700" lon="-5.5436032"><ele>123.0</ele><time>2026-09-12T11:29:59.000Z</time></trkpt>
      <trkpt lat="57.5278306" lon="-5.5433821"><ele>127.2</ele><time>2026-09-12T11:30:00.000Z</time></trkpt>
      <trkpt lat="57.5278656" lon="-5.5430311"><ele>118.7</ele><time>2026-09-12T11:30:01.000Z</time></trkpt>
      <trkpt lat="57.5278084" lon="-5.5427057"><ele>119.1</ele><time>2026-09-12T11:30:02.000Z</time></trkpt>
      <trkpt lat="57.5277936" lon="-5.5423818"><ele>116.7</ele><time>2026-09-12T11:30:03.000Z</time></trkpt>
      <trkpt lat="57.5277657" lon="-5.5421086"><ele>119.4</ele><time>2026-09-12T11:30:04.000Z</time></trkpt>
      <trkpt lat="57.5277205" lon="-5.5417782"><ele>113.4</ele><time>2026-09-12T11:30:05.000Z</time></trkpt>
      <trkpt lat="57.5276925" lon="-5.5414440"><ele>110.5</ele><time>2026-09-12T11:30:06.000Z</time></trkpt>
      <trkpt lat="57.5276969" lon="-5.5412217"><ele>108.0</ele><time>2026-09-12T11:30:07.000Z</time></trkpt>
      <trkpt lat="57.5276931" lon="-5.5408946"><ele>106.9</ele><time>2026-09-12T11:30:08.000Z</time></trkpt>
      <trkpt lat="57.5276035" lon="-5.5405626"><ele>108.5</ele><time>2026-09-12T11:30:09.000Z</time></trkpt>
      <trkpt lat="57.5276153" lon="-5.5402709"><ele>106.3</ele><time>2026-09-12T11:30:10.000Z</time></trkpt>
      <trkpt lat="57.5276171" lon="-5.5400675"><ele>109.5</ele><time>2026-09-12T11:30:11.000Z</time></trkpt>
      <trkpt lat="57.5275968" lon="-5.5397123"><ele>114.0</ele><time>2026-09-12T11:30:12.000Z</time></trkpt>
      <trkpt lat="57.5275970" lon="-5.5393873"><ele>118.2</ele><time>2026-09-12T11:30:13.000Z</time></trkpt>
      <trkpt lat="57.5276404" lon="-5.5391631"><ele>114.5</ele><time>2026-09-12T11:30:14.000Z</time></trkpt>
      <trkpt lat="57.5276296" lon="-5.5388484"><ele>112.9</ele><time>2026-09-12T11:30:15.000Z</time></trkpt>
      <trkpt lat="57.5276232" lon="-5.5386700"><ele>104.6</ele><time>2026-09-12T11:30:16.000Z</time></trkpt>
      <trkpt lat="57.5276600" lon="-5.5383827"><ele>96.8</ele><time>2026-09-12T11:30:17.000Z</time></trkpt>
      <trkpt lat="57.5276691" lon="-5.5380945"><ele>90.6</ele><time>2026-09-12T11:30:18.000Z</time></trkpt>
      <trkpt lat="57.5276320" lon="-5.5377426"><ele>86.2</ele><time>2026-09-12T11:30:19.000Z</time></trkpt>
      <trkpt lat="57.5276900" lon="-5.5374241"><ele>86.4</ele><time>2026-09-12T11:30:20.000Z</time></trkpt>
      <trkpt lat="57.5277263" lon="-5.5370476"><ele>81.7</ele><time>2026-09-12T11:30:21.000Z</time></trkpt>
      <trkpt lat="57.5277034" lon="-5.5367778"><ele>69.4</ele><time>2026-09-12T11:30:22.000Z</time></trkpt>
      <trkpt lat="57.5277186" lon="-5.5363822"><ele>76.7</ele><time>2026-09-12T11:30:23.000Z</time></trkpt>
      <trkpt lat="57.5276779" lon="-5.5359679"><ele>72.7</ele><time>2026-09-12T11:30:24.000Z</time></trkpt>
      <trkpt lat="57.5277197" lon="-5.5355296"><ele>63.5</ele><time>2026-09-12T11:30:25.000Z</time></trkpt>
      <trkpt lat="57.5277390" lon="-5.5352937"><ele>59.8</ele><time>2026-09-12T11:30:26.000Z</time></trkpt>
      <trkpt lat="57.5277813" lon="-5.5348759"><ele>57.7</ele><time>2026-09-12T11:30:27.000Z</time></trkpt>
      <trkpt lat="57.5278127" lon="-5.5345687"><ele>52.7</ele><time>2026-09-12T11:30:28.000Z</time></trkpt>
      <trkpt lat="57.5277756" lon="-5.5341979"><ele>60.2</ele><time>2026-09-12T11:30:29.000Z</time></trkpt>
      <trkpt lat="57.5278639" lon="-5.5338477"><ele>56.0</ele><time>2026-09-12T11:30:30.000Z</time></trkpt>
      <trkpt lat="57.5279172" lon="-5.5334902"><ele>56.1</ele><time>2026-09-12T11:30:31.000Z</time></trkpt>
      <trkpt lat="57.5279188" lon="-5.5331693"><ele>50.4</ele><time>2026-09-12T11:30:32.000Z</time></trkpt>
      <trkpt lat="57.5279980" lon="-5.5328584"><ele>51.1</ele><time>2026-09-12T11:30:33.000Z</time></trkpt>
      <trkpt lat="57.5280194" lon="-5.5325962"><ele>45.7</ele><time>2026-09-12T11:30:34.000Z</time></trkpt>
      <trkpt lat="57.5280550" lon="-5.5322698"><ele>43.9</ele><time>2026-09-12T11:30:35.000Z</time></trkpt>
      <trkpt lat="57.5280951" lon="-5.5319006"><ele>41.4</ele><time>2026-09-12T11:30:36.000Z</time></trkpt>
      <trkpt lat="57.5280187" lon="-5.5314838"><ele>37.9</ele><time>2026-09-12T11:30:37.000Z</time></trkpt>
      <trkpt lat="57.5280414" lon="-5.5312361"><ele>40.5</ele><time>2026-09-12T11:30:38.000Z</time></trkpt>
      <trkpt lat="57.5279628" lon="-5.5309043"><ele>45.6</ele><time>2026-09-12T11:30:39.000Z</time></trkpt>
      <trkpt lat="57.5277936" lon="-5.5306210"><ele>49.8</ele><time>2026-09-12T11:30:40.000Z</time></trkpt>
      <trkpt lat="57.5276303" lon="-5.5303612"><ele>45.5</ele><time>2026-09-12T11:30:41.000Z</time></trkpt>
      <trkpt lat="57.5275450" lon="-5.5301096"><ele>47.8</ele><time>2026-09-12T11:30:42.000Z</time></trkpt>
      <trkpt lat="57.5273664" lon="-5.5297770"><ele>45.6</ele><time>2026-09-12T11:30:43.000Z</time></trkpt>
      <trkpt lat="57.5272681" lon="-5.5293915"><ele>45.8</ele><time>2026-09-12T11:30:44.000Z</time></trkpt>
      <trkpt lat="57.5271717" lon="-5.5290985"><ele>49.9</ele><time>2026-09-12T11:30:45.000Z</time></trkpt>
      <trkpt lat="57.5270950" lon="-5.5288525"><ele>42.6</ele><time>2026-09-12T11:30:46.000Z</time></trkpt>
      <trkpt lat="57.5270931" lon="-5.5285653"><ele>39.8</ele><time>2026-09-12T11:30:47.000Z</time></trkpt>
      <trkpt lat="57.5270470" lon="-5.5280945"><ele>35.2</ele><time>2026-09-12T11:30:48.000Z</time></trkpt>
      <trkpt lat="57.5270924" lon="-5.5277450"><ele>30.7</ele><time>2026-09-12T11:30:49.000Z</time></trkpt>
      <trkpt lat="57.5271525" lon="-5.5273755"><ele>36.2</ele><time>2026-09-12T11:30:50.000Z</time></trkpt>
      <trkpt lat="57.5272186" lon="-5.5270854"><ele>31.8</ele><time>2026-09-12T11:30:51.000Z</time></trkpt>
      <trkpt lat="57.5273683" lon="-5.5267264"><ele>38.0</ele><time>2026-09-12T11:30:52.000Z</time></trkpt>
      <trkpt lat="57.5275336" lon="-5.5264925"><ele>38.5</ele><time>2026-09-12T11:30:53.000Z</time></trkpt>
      <trkpt lat="57.5276548" lon="-5.5262758"><ele>37.3</ele><time>2026-09-12T11:30:54.000Z</time></trkpt>
      <trkpt lat="57.5277991" lon="-5.5260930"><ele>26.2</ele><time>2026-09-12T11:30:55.000Z</time></trkpt>
      <trkpt lat="57.5280102" lon="-5.5258846"><ele>14.7</ele><time>2026-09-12T11:30:56.000Z</time></trkpt>
      <trkpt lat="57.5281550" lon="-5.5257139"><ele>17.9</ele><time>2026-09-12T11:30:57.000Z</time></trkpt>
      <trkpt lat="57.5283429" lon="-5.5255357"><ele>15.3</ele><time>2026-09-12T11:30:58.000Z</time></trkpt>
      <trkpt lat="57.5285168" lon="-5.5254158"><ele>13.4</ele><time>2026-09-12T11:30:59.000Z</time></trkpt>
      <trkpt lat="57.5287872" lon="-5.5252861"><ele>10.3</ele><time>2026-09-12T11:31:00.000Z</time></trkpt>
      <trkpt lat="57.5289724" lon="-5.5250428"><ele>14.3</ele><time>2026-09-12T11:31:01.000Z</time></trkpt>
      <trkpt lat="57.5291904" lon="-5.5248932"><ele>14.3</ele><time>2026-09-12T11:31:02.000Z</time></trkpt>
      <trkpt lat="57.5293804" lon="-5.5246457"><ele>13.1</ele><time>2026-09-12T11:31:03.000Z</time></trkpt>
      <trkpt lat="57.5294652" lon="-5.5243315"><ele>12.0</ele><time>2026-09-12T11:31:04.000Z</time></trkpt>
      <trkpt lat="57.5296004" lon="-5.5240470"><ele>11.2</ele><time>2026-09-12T11:31:05.000Z</time></trkpt>
      <trkpt lat="57.5297218" lon="-5.5237573"><ele>10.9</ele><time>2026-09-12T11:31:06.000Z</time></trkpt>
      <trkpt lat="57.5298708" lon="-5.5233866"><ele>3.5</ele><time>2026-09-12T11:31:07.000Z</time></trkpt>
      <trkpt lat="57.5299204" lon="-5.5232374"><ele>-7.6</ele><time>2026-09-12T11:31:08.000Z</time></trkpt>
      <trkpt lat="57.5299903" lon="-5.5229341"><ele>-7.8</ele><time>2026-09-12T11:31:09.000Z</time></trkpt>
      <trkpt lat="57.5300018" lon="-5.5227348"><ele>1.0</ele><time>2026-09-12T11:31:10.000Z</time></trkpt>
      <trkpt lat="57.5300938" lon="-5.5225310"><ele>2.8</ele><time>2026-09-12T11:31:11.000Z</time></trkpt>
      <trkpt lat="57.5301606" lon="-5.5222456"><ele>13.1</ele><time>2026-09-12T11:31:12.000Z</time></trkpt>
      <trkpt lat="57.5302169" lon="-5.5219206"><ele>18.4</ele><time>2026-09-12T11:31:13.000Z</time></trkpt>
      <trkpt lat="57.5303572" lon="-5.5216895"><ele>8.9</ele><time>2026-09-12T11:31:14.000Z</time></trkpt>
      <trkpt lat="57.5303777" lon="-5.5215059"><ele>-6.6</ele><time>2026-09-12T11:31:15.000Z</time></trkpt>
      <trkpt lat="57.5304425" lon="-5.5212976"><ele>-3.8</ele><time>2026-09-12T11:31:16.000Z</time></trkpt>
      <trkpt lat="57.5305125" lon="-5.5211223"><ele>1.3</ele><time>2026-09-12T11:31:17.000Z</time></trkpt>
      <trkpt lat="57.5305592" lon="-5.5207993"><ele>-1.9</ele><time>2026-09-12T11:31:18.000Z</time></trkpt>
      <trkpt lat="57.5306854" lon="-5.5207432"><ele>-3.0</ele><time>2026-09-12T11:31:19.000Z</time></trkpt>
      <trkpt lat="57.5307185" lon="-5.5204632"><ele>-7.6</ele><time>2026-09-12T11:31:20.000Z</time></trkpt>
      <trkpt lat="57.5307795" lon="-5.5202908"><ele>-9.0</ele><time>2026-09-12T11:31:21.000Z</time></trkpt>
      <trkpt lat="57.5308341" lon="-5.5200407"><ele>-14.2</ele><time>2026-09-12T11:31:22.000Z</time></trkpt>
      <trkpt lat="57.5309351" lon="-5.5197720"><ele>-16.0</ele><time>2026-09-12T11:31:23.000Z</time></trkpt>
      <trkpt lat="57.5309795" lon="-5.5196081"><ele>-13.2</ele><time>2026-09-12T11:31:24.000Z</time></trkpt>
      <trkpt lat="57.5311360" lon="-5.5193021"><ele>-17.6</ele><time>2026-09-12T11:31:25.000Z</time></trkpt>
      <trkpt lat="57.5312315" lon="-5.5191831"><ele>-17.7</ele><time>2026-09-12T11:31:26.000Z</time></trkpt>
      <trkpt lat="57.5314022" lon="-5.5187573"><ele>-23.9</ele><time>2026-09-12T11:31:27.000Z</time></trkpt>
      <trkpt lat="57.5315071" lon="-5.5184867"><ele>-28.0</ele><time>2026-09-12T11:31:28.000Z</time></trkpt>
      <trkpt lat="57.5317060" lon="-5.5182932"><ele>-32.6</ele><time>2026-09-12T11:31:29.000Z</time></trkpt>
      <trkpt lat="57.5318482" lon="-5.5180423"><ele>-28.6</ele><time>2026-09-12T11:31:30.000Z</time></trkpt>
      <trkpt lat="57.5319569" lon="-5.5177292"><ele>-20.8</ele><time>2026-09-12T11:31:31.000Z</time></trkpt>
      <trkpt lat="57.5320809" lon="-5.5172744"><ele>-18.6</ele><time>2026-09-12T11:31:32.000Z</time></trkpt>
      <trkpt lat="57.5321593" lon="-5.5170640"><ele>-9.0</ele><time>2026-09-12T11:31:33.000Z</time></trkpt>
      <trkpt lat="57.5322857" lon="-5.5166853"><ele>-7.5</ele><time>2026-09-12T11:31:34.000Z</time></trkpt>
      <trkpt lat="57.5323638" lon="-5.5163390"><ele>-9.3</ele><time>2026-09-12T11:31:35.000Z</time></trkpt>
      <trkpt lat="57.5323822" lon="-5.5160025"><ele>-4.3</ele><time>2026-09-12T11:31:36.000Z</time></trkpt>
      <trkpt lat="57.5325284" lon="-5.5155633"><ele>-3.7</ele><time>2026-09-12T11:31:37.000Z</time></trkpt>
      <trkpt lat="57.5325343" lon="-5.5152071"><ele>1.0</ele><time>2026-09-12T11:31:38.000Z</time></trkpt>
      <trkpt lat="57.5327075" lon="-5.5149230"><ele>3.7</ele><time>2026-09-12T11:31:39.000Z</time></trkpt>
      <trkpt lat="57.5328324" lon="-5.5146495"><ele>1.2</ele><time>2026-09-12T11:31:40.000Z</time></trkpt>
      <trkpt lat="57.5329670" lon="-5.5142601"><ele>3.9</ele><time>2026-09-12T11:31:41.000Z</time></trkpt>
      <trkpt lat="57.5330829" lon="-5.5140059"><ele>2.8</ele><time>2026-09-12T11:31:42.000Z</time></trkpt>
      <trkpt lat="57.5332194" lon="-5.5136613"><ele>1.1</ele><time>2026-09-12T11:31:43.000Z</time></trkpt>
      <trkpt lat="57.5334007" lon="-5.5134411"><ele>5.6</ele><time>2026-09-12T11:31:44.000Z</time></trkpt>
      <trkpt lat="57.5335327" lon="-5.5130980"><ele>0.6</ele><time>2026-09-12T11:31:45.000Z</time></trkpt>
      <trkpt lat="57.5335665" lon="-5.5127705"><ele>-0.4</ele><time>2026-09-12T11:31:46.000Z</time></trkpt>
      <trkpt lat="57.5336524" lon="-5.5123628"><ele>1.4</ele><time>2026-09-12T11:31:47.000Z</time></trkpt>
      <trkpt lat="57.5336927" lon="-5.5120117"><ele>8.0</ele><time>2026-09-12T11:31:48.000Z</time></trkpt>
      <trkpt lat="57.5337291" lon="-5.5116331"><ele>15.0</ele><time>2026-09-12T11:31:49.000Z</time></trkpt>
      <trkpt lat="57.5336889" lon="-5.5112455"><ele>22.4</ele><time>2026-09-12T11:31:50.000Z</time></trkpt>
      <trkpt lat="57.5336445" lon="-5.5109391"><ele>26.3</ele><time>2026-09-12T11:31:51.000Z</time></trkpt>
      <trkpt lat="57.5336359" lon="-5.5106345"><ele>34.3</ele><time>2026-09-12T11:31:52.000Z</time></trkpt>
      <trkpt lat="57.5335846" lon="-5.5102863"><ele>36.5</ele><time>2026-09-12T11:31:53.000Z</time></trkpt>
      <trkpt lat="57.5335547" lon="-5.5100980"><ele>48.6</ele><time>2026-09-12T11:31:54.000Z</time></trkpt>
      <trkpt lat="57.5335273" lon="-5.5097452"><ele>65.8</ele><time>2026-09-12T11:31:55.000Z</time></trkpt>
      <trkpt lat="57.5335227" lon="-5.5095309"><ele>60.7</ele><time>2026-09-12T11:31:56.000Z</time></trkpt>
      <trkpt lat="57.5335341" lon="-5.5091271"><ele>64.2</ele><time>2026-09-12T11:31:57.000Z</time></trkpt>
      <trkpt lat="57.5335149" lon="-5.5088298"><ele>67.6</ele><time>2026-09-12T11:31:58.000Z</time></trkpt>
      <trkpt lat="57.5335579" lon="-5.5083647"><ele>69.9</ele><time>2026-09-12T11:31:59.000Z</time></trkpt>
      <trkpt lat="57.5336189" lon="-5.5080908"><ele>63.4</ele><time>2026-09-12T11:32:00.000Z</time></trkpt>
      <trkpt lat="57.5336831" lon="-5.5077450"><ele>59.2</ele><time>2026-09-12T11:32:01.000Z</time></trkpt>
      <trkpt lat="57.5337395" lon="-5.5075715"><ele>54.3</ele><time>2026-09-12T11:32:02.000Z</time></trkpt>
      <trkpt lat="57.5339056" lon="-5.5073107"><ele>43.2</ele><time>2026-09-12T11:32:03.000Z</time></trkpt>
      <trkpt lat="57.5339636" lon="-5.5072371"><ele>42.3</ele><time>2026-09-12T11:32:04.000Z</time></trkpt>
      <trkpt lat="57.5341107" lon="-5.5069831"><ele>38.7</ele><time>2026-09-12T11:32:05.000Z</time></trkpt>
      <trkpt lat="57.5342520" lon="-5.5068005"><ele>28.3</ele><time>2026-09-12T11:32:06.000Z</time></trkpt>
      <trkpt lat="57.5344940" lon="-5.5067847"><ele>34.4</ele><time>2026-09-12T11:32:07.000Z</time></trkpt>
      <trkpt lat="57.5346608" lon="-5.5066406"><ele>30.0</ele><time>2026-09-12T11:32:08.000Z</time></trkpt>
      <trkpt lat="57.5348873" lon="-5.5066556"><ele>22.1</ele><time>2026-09-12T11:32:09.000Z</time></trkpt>
      <trkpt lat="57.5350629" lon="-5.5066696"><ele>21.3</ele><time>2026-09-12T11:32:10.000Z</time></trkpt>
      <trkpt lat="57.5352760" lon="-5.5065454"><ele>20.0</ele><time>2026-09-12T11:32:11.000Z</time></trkpt>
      <trkpt lat="57.5354404" lon="-5.5063851"><ele>8.2</ele><time>2026-09-12T11:32:12.000Z</time></trkpt>
      <trkpt lat="57.5356260" lon="-5.5063047"><ele>7.7</ele><time>2026-09-12T11:32:13.000Z</time></trkpt>
      <trkpt lat="57.5358683" lon="-5.5061395"><ele>-1.9</ele><time>2026-09-12T11:32:14.000Z</time></trkpt>
      <trkpt lat="57.5360351" lon="-5.5059167"><ele>-0.9</ele><time>2026-09-12T11:32:15.000Z</time></trkpt>
      <trkpt lat="57.5362383" lon="-5.5057579"><ele>8.6</ele><time>2026-09-12T11:32:16.000Z</time></trkpt>
      <trkpt lat="57.5364381" lon="-5.5056116"><ele>10.8</ele><time>2026-09-12T11:32:17.000Z</time></trkpt>
      <trkpt lat="57.5366509" lon="-5.5054019"><ele>19.5</ele><time>2026-09-12T11:32:18.000Z</time></trkpt>
      <trkpt lat="57.5368236" lon="-5.5053242"><ele>17.5</ele><time>2026-09-12T11:32:19.000Z</time></trkpt>
      <trkpt lat="57.5369862" lon="-5.5052490"><ele>9.9</ele><time>2026-09-12T11:32:20.000Z</time></trkpt>
      <trkpt lat="57.5372276" lon="-5.5052144"><ele>9.3</ele><time>2026-09-12T11:32:21.000Z</time></trkpt>
      <trkpt lat="57.5374275" lon="-5.5050601"><ele>4.0</ele><time>2026-09-12T11:32:22.000Z</time></trkpt>
      <trkpt lat="57.5376361" lon="-5.5050758"><ele>1.3</ele><time>2026-09-12T11:32:23.000Z</time></trkpt>
      <trkpt lat="57.5377916" lon="-5.5049322"><ele>-1.8</ele><time>2026-09-12T11:32:24.000Z</time></trkpt>
      <trkpt lat="57.5379981" lon="-5.5048895"><ele>-0.2</ele><time>2026-09-12T11:32:25.000Z</time></trkpt>
      <trkpt lat="57.5382351" lon="-5.5048412"><ele>4.3</ele><time>2026-09-12T11:32:26.000Z</time></trkpt>
      <trkpt lat="57.5384356" lon="-5.5048540"><ele>4.7</ele><time>2026-09-12T11:32:27.000Z</time></trkpt>
      <trkpt lat="57.5386543" lon="-5.5046941"><ele>7.7</ele><time>2026-09-12T11:32:28.000Z</time></trkpt>
      <trkpt lat="57.5389171" lon="-5.5046549"><ele>11.7</ele><time>2026-09-12T11:32:29.000Z</time></trkpt>
      <trkpt lat="57.5390719" lon="-5.5045479"><ele>11.5</ele><time>2026-09-12T11:32:30.000Z</time></trkpt>
      <trkpt lat="57.5392814" lon="-5.5043870"><ele>10.6</ele><time>2026-09-12T11:32:31.000Z</time></trkpt>
      <trkpt lat="57.5395603" lon="-5.5042836"><ele>5.8</ele><time>2026-09-12T11:32:32.000Z</time></trkpt>
      <trkpt lat="57.5397230" lon="-5.5042520"><ele>8.5</ele><time>2026-09-12T11:32:33.000Z</time></trkpt>
      <trkpt lat="57.5399582" lon="-5.5041900"><ele>1.7</ele><time>2026-09-12T11:32:34.000Z</time></trkpt>
      <trkpt lat="57.5402068" lon="-5.5041027"><ele>9.1</ele><time>2026-09-12T11:32:35.000Z</time></trkpt>
      <trkpt lat="57.5404299" lon="-5.5039247"><ele>9.0</ele><time>2026-09-12T11:32:36.000Z</time></trkpt>
      <trkpt lat="57.5405970" lon="-5.5038558"><ele>6.7</ele><time>2026-09-12T11:32:37.000Z</time></trkpt>
      <trkpt lat="57.5408100" lon="-5.5038068"><ele>2.3</ele><time>2026-09-12T11:32:38.000Z</time></trkpt>
      <trkpt lat="57.5410223" lon="-5.5037332"><ele>0.7</ele><time>2026-09-12T11:32:39.000Z</time></trkpt>
      <trkpt lat="57.5411885" lon="-5.5035491"><ele>2.8</ele><time>2026-09-12T11:32:40.000Z</time></trkpt>
      <trkpt lat="57.5413440" lon="-5.5036021"><ele>2.5</ele><time>2026-09-12T11:32:41.000Z</time></trkpt>
      <trkpt lat="57.5415669" lon="-5.5034746"><ele>2.3</ele><time>2026-09-12T11:32:42.000Z</time></trkpt>
      <trkpt lat="57.5417574" lon="-5.5034593"><ele>4.1</ele><time>2026-09-12T11:32:43.000Z</time></trkpt>
      <trkpt lat="57.5419693" lon="-5.5033594"><ele>0.4</ele><time>2026-09-12T11:32:44.000Z</time></trkpt>
      <trkpt lat="57.5421134" lon="-5.5031637"><ele>6.1</ele><time>2026-09-12T11:32:45.000Z</time></trkpt>
      <trkpt lat="57.5423026" lon="-5.5030412"><ele>9.2</ele><time>2026-09-12T11:32:46.000Z</time></trkpt>
      <trkpt lat="57.5423901" lon="-5.5029076"><ele>8.9</ele><time>2026-09-12T11:32:47.000Z</time></trkpt>
      <trkpt lat="57.5425683" lon="-5.5025432"><ele>8.9</ele><time>2026-09-12T11:32:48.000Z</time></trkpt>
      <trkpt lat="57.5426403" lon="-5.5022202"><ele>10.1</ele><time>2026-09-12T11:32:49.000Z</time></trkpt>
      <trkpt lat="57.5427356" lon="-5.5019533"><ele>5.7</ele><time>2026-09-12T11:32:50.000Z</time></trkpt>
      <trkpt lat="57.5427744" lon="-5.5015748"><ele>5.8</ele><time>2026-09-12T11:32:51.000Z</time></trkpt>
      <trkpt lat="57.5427368" lon="-5.5013909"><ele>15.6</ele><time>2026-09-12T11:32:52.000Z</time></trkpt>
      <trkpt lat="57.5428105" lon="-5.5012713"><ele>25.1</ele><time>2026-09-12T11:32:53.000Z</time></trkpt>
      <trkpt lat="57.5427939" lon="-5.5010892"><ele>26.5</ele><time>2026-09-12T11:32:54.000Z</time></trkpt>
      <trkpt lat="57.5428636" lon="-5.5010522"><ele>28.9</ele><time>2026-09-12T11:32:55.000Z</time></trkpt>
      <trkpt lat="57.5428900" lon="-5.5011442"><ele>29.9</ele><time>2026-09-12T11:32:56.000Z</time></trkpt>
      <trkpt lat="57.5429654" lon="-5.5012024"><ele>36.8</ele><time>2026-09-12T11:32:57.000Z</time></trkpt>
      <trkpt lat="57.5430416" lon="-5.5013638"><ele>30.8</ele><time>2026-09-12T11:32:58.000Z</time></trkpt>
      <trkpt lat="57.5431148" lon="-5.5015197"><ele>33.5</ele><time>2026-09-12T11:32:59.000Z</time></trkpt>
      <trkpt lat="57.5431656" lon="-5.5018005"><ele>35.8</ele><time>2026-09-12T11:33:00.000Z</time></trkpt>
      <trkpt lat="57.5432705" lon="-5.5019246"><ele>31.5</ele><time>2026-09-12T11:33:01.000Z</time></trkpt>
      <trkpt lat="57.5433600" lon="-5.5022203"><ele>31.2</ele><time>2026-09-12T11:33:02.000Z</time></trkpt>
      <trkpt lat="57.5434574" lon="-5.5024274"><ele>32.9</ele><time>2026-09-12T11:33:03.000Z</time></trkpt>
      <trkpt lat="57.5435519" lon="-5.5026844"><ele>37.5</ele><time>2026-09-12T11:33:04.000Z</time></trkpt>
      <trkpt lat="57.5436287" lon="-5.5029856"><ele>35.5</ele><time>2026-09-12T11:33:05.000Z</time></trkpt>
      <trkpt lat="57.5437104" lon="-5.5033489"><ele>32.0</ele><time>2026-09-12T11:33:06.000Z</time></trkpt>
      <trkpt lat="57.5438120" lon="-5.5036981"><ele>42.0</ele><time>2026-09-12T11:33:07.000Z</time></trkpt>
      <trkpt lat="57.5438598" lon="-5.5040933"><ele>44.8</ele><time>2026-09-12T11:33:08.000Z</time></trkpt>
      <trkpt lat="57.5438519" lon="-5.5043068"><ele>47.5</ele><time>2026-09-12T11:33:09.000Z</time></trkpt>
      <trkpt lat="57.5438603" lon="-5.5046926"><ele>50.8</ele><time>2026-09-12T11:33:10.000Z</time></trkpt>
      <trkpt lat="57.5437482" lon="-5.5051002"><ele>52.6</ele><time>2026-09-12T11:33:11.000Z</time></trkpt>
      <trkpt lat="57.5437211" lon="-5.5054240"><ele>52.0</ele><time>2026-09-12T11:33:12.000Z</time></trkpt>
      <trkpt lat="57.5436998" lon="-5.5057830"><ele>52.0</ele><time>2026-09-12T11:33:13.000Z</time></trkpt>
      <trkpt lat="57.5437221" lon="-5.5061458"><ele>55.0</ele><time>2026-09-12T11:33:14.000Z</time></trkpt>
      <trkpt lat="57.5437250" lon="-5.5064934"><ele>60.7</ele><time>2026-09-12T11:33:15.000Z</time></trkpt>
      <trkpt lat="57.5436814" lon="-5.5067867"><ele>62.6</ele><time>2026-09-12T11:33:16.000Z</time></trkpt>
      <trkpt lat="57.5436770" lon="-5.5072147"><ele>60.6</ele><time>2026-09-12T11:33:17.000Z</time></trkpt>
      <trkpt lat="57.5436834" lon="-5.5075027"><ele>63.7</ele><time>2026-09-12T11:33:18.000Z</time></trkpt>
      <trkpt lat="57.5437713" lon="-5.5078131"><ele>65.8</ele><time>2026-09-12T11:33:19.000Z</time></trkpt>
      <trkpt lat="57.5438231" lon="-5.5082201"><ele>61.0</ele><time>2026-09-12T11:33:20.000Z</time></trkpt>
      <trkpt lat="57.5438945" lon="-5.5085102"><ele>56.2</ele><time>2026-09-12T11:33:21.000Z</time></trkpt>
      <trkpt lat="57.5439651" lon="-5.5088569"><ele>58.7</ele><time>2026-09-12T11:33:22.000Z</time></trkpt>
      <trkpt lat="57.5440556" lon="-5.5091898"><ele>58.9</ele><time>2026-09-12T11:33:23.000Z</time></trkpt>
      <trkpt lat="57.5441778" lon="-5.5094110"><ele>55.2</ele><time>2026-09-12T11:33:24.000Z</time></trkpt>
      <trkpt lat="57.5442797" lon="-5.5097017"><ele>61.1</ele><time>2026-09-12T11:33:25.000Z</time></trkpt>
      <trkpt lat="57.5443848" lon="-5.5099063"><ele>56.9</ele><time>2026-09-12T11:33:26.000Z</time></trkpt>
      <trkpt lat="57.5445107" lon="-5.5102291"><ele>52.9</ele><time>2026-09-12T11:33:27.000Z</time></trkpt>
      <trkpt lat="57.5446515" lon="-5.5104224"><ele>49.3</ele><time>2026-09-12T11:33:28.000Z</time></trkpt>
      <trkpt lat="57.5447356" lon="-5.5107196"><ele>38.1</ele><time>2026-09-12T11:33:29.000Z</time></trkpt>
      <trkpt lat="57.5448714" lon="-5.5109648"><ele>32.0</ele><time>2026-09-12T11:33:30.000Z</time></trkpt>
      <trkpt lat="57.5450438" lon="-5.5111288"><ele>34.3</ele><time>2026-09-12T11:33:31.000Z</time></trkpt>
      <trkpt lat="57.5451442" lon="-5.5114489"><ele>33.3</ele><time>2026-09-12T11:33:32.000Z</time></trkpt>
      <trkpt lat="57.5453047" lon="-5.5115685"><ele>37.1</ele><time>2026-09-12T11:33:33.000Z</time></trkpt>
      <trkpt lat="57.5454614" lon="-5.5117000"><ele>44.3</ele><time>2026-09-12T11:33:34.000Z</time></trkpt>
      <trkpt lat="57.5456055" lon="-5.5119623"><ele>50.6</ele><time>2026-09-12T11:33:35.000Z</time></trkpt>
      <trkpt lat="57.5457529" lon="-5.5121706"><ele>46.3</ele><time>2026-09-12T11:33:36.000Z</time></trkpt>
      <trkpt lat="57.5459276" lon="-5.5123032"><ele>49.3</ele><time>2026-09-12T11:33:37.000Z</time></trkpt>
      <trkpt lat="57.5460699" lon="-5.5125411"><ele>52.8</ele><time>2026-09-12T11:33:38.000Z</time></trkpt>
      <trkpt lat="57.5462368" lon="-5.5126726"><ele>50.5</ele><time>2026-09-12T11:33:39.000Z</time></trkpt>
      <trkpt lat="57.5464091" lon="-5.5128272"><ele>40.7</ele><time>2026-09-12T11:33:40.000Z</time></trkpt>
      <trkpt lat="57.5465331" lon="-5.5130613"><ele>44.4</ele><time>2026-09-12T11:33:41.000Z</time></trkpt>
      <trkpt lat="57.5467075" lon="-5.5130999"><ele>37.9</ele><time>2026-09-12T11:33:42.000Z</time></trkpt>
      <trkpt lat="57.5468597" lon="-5.5133168"><ele>34.4</ele><time>2026-09-12T11:33:43.000Z</time></trkpt>
      <trkpt lat="57.5470139" lon="-5.5134618"><ele>37.5</ele><time>2026-09-12T11:33:44.000Z</time></trkpt>
      <trkpt lat="57.5470995" lon="-5.5134877"><ele>36.2</ele><time>2026-09-12T11:33:45.000Z</time></trkpt>
      <trkpt lat="57.5471754" lon="-5.5135580"><ele>36.3</ele><time>2026-09-12T11:33:46.000Z</time></trkpt>
      <trkpt lat="57.5472219" lon="-5.5135987"><ele>37.7</ele><time>2026-09-12T11:33:47.000Z</time></trkpt>
      <trkpt lat="57.5472579" lon="-5.5137805"><ele>38.0</ele><time>2026-09-12T11:33:48.000Z</time></trkpt>
      <trkpt lat="57.5472834" lon="-5.5138133"><ele>44.3</ele><time>2026-09-12T11:33:49.000Z</time></trkpt>
    </trkseg>
  </trk>
</gpx>
